time,volume,mid_open,mid_high,mid_low,mid_close,bid_close,ask_close,spread
2025-11-07 14:00:00+00:00,8755,1.15676,1.15788,1.15656,1.15734,1.15726,1.15743,0.00017000000000000348
2025-11-07 15:00:00+00:00,10864,1.15732,1.15911,1.15714,1.15717,1.15709,1.15725,0.00015999999999993797
2025-11-07 16:00:00+00:00,5873,1.1572,1.15822,1.15714,1.15776,1.15769,1.15784,0.00014999999999987246
2025-11-07 17:00:00+00:00,4390,1.15777,1.15821,1.15714,1.15804,1.15797,1.15812,0.0001500000000000945
2025-11-07 18:00:00+00:00,3302,1.15805,1.15836,1.15676,1.15683,1.15675,1.15691,0.00016000000000016001
2025-11-07 19:00:00+00:00,4650,1.15682,1.15728,1.15554,1.15596,1.15588,1.15603,0.00014999999999987246
2025-11-07 20:00:00+00:00,3690,1.15593,1.15668,1.15576,1.15644,1.15637,1.15652,0.0001500000000000945
2025-11-07 21:00:00+00:00,1901,1.15644,1.1567,1.1559,1.15664,1.15652,1.15677,0.0002500000000000835
2025-11-09 22:00:00+00:00,545,1.15578,1.15594,1.15556,1.15574,1.15546,1.15601,0.0005500000000000504
2025-11-09 23:00:00+00:00,4357,1.15578,1.15596,1.15416,1.15432,1.15425,1.1544,0.0001500000000000945
2025-11-10 00:00:00+00:00,6587,1.15435,1.156,1.15431,1.15544,1.15537,1.15552,0.0001500000000000945
2025-11-10 01:00:00+00:00,5131,1.15547,1.15605,1.15466,1.15582,1.15575,1.1559,0.00014999999999987246
2025-11-10 02:00:00+00:00,2909,1.15582,1.15608,1.15548,1.1558,1.15572,1.15588,0.00015999999999993797
2025-11-10 03:00:00+00:00,2869,1.15578,1.15586,1.15512,1.15546,1.15537,1.15555,0.000180000000000069
2025-11-10 04:00:00+00:00,2648,1.15548,1.15626,1.15548,1.1561,1.15601,1.15619,0.000180000000000069
2025-11-10 05:00:00+00:00,3017,1.1561,1.15666,1.15579,1.1562,1.15612,1.15628,0.00015999999999993797
2025-11-10 06:00:00+00:00,3782,1.1562,1.15649,1.15515,1.15538,1.1553,1.15547,0.00017000000000000348
2025-11-10 07:00:00+00:00,5767,1.15539,1.15721,1.15535,1.15678,1.15669,1.15686,0.00017000000000000348
2025-11-10 08:00:00+00:00,6837,1.15677,1.15831,1.15652,1.15724,1.15716,1.15731,0.0001500000000000945
2025-11-10 09:00:00+00:00,5989,1.15723,1.15739,1.15641,1.15683,1.15675,1.15691,0.00016000000000016001
2025-11-10 10:00:00+00:00,5296,1.15682,1.15716,1.15612,1.15626,1.15618,1.15635,0.00017000000000000348
2025-11-10 11:00:00+00:00,4184,1.15626,1.15641,1.15541,1.15634,1.15626,1.15641,0.00014999999999987246
2025-11-10 12:00:00+00:00,4743,1.15633,1.15756,1.15628,1.1568,1.15672,1.15689,0.00017000000000000348
2025-11-10 13:00:00+00:00,6885,1.15682,1.15781,1.1567,1.1568,1.15671,1.15688,0.00017000000000000348
2025-11-10 14:00:00+00:00,7576,1.1568,1.15685,1.15594,1.15646,1.15638,1.15653,0.0001500000000000945
2025-11-10 15:00:00+00:00,8374,1.15645,1.1567,1.15452,1.15454,1.15446,1.15462,0.00015999999999993797
2025-11-10 16:00:00+00:00,6373,1.15454,1.15548,1.1543,1.15449,1.15441,1.15457,0.00016000000000016001
2025-11-10 17:00:00+00:00,5983,1.1545,1.15613,1.15412,1.15606,1.15598,1.15613,0.0001500000000000945
2025-11-10 18:00:00+00:00,3044,1.15607,1.15649,1.1558,1.15584,1.15577,1.15592,0.0001500000000000945
2025-11-10 19:00:00+00:00,3235,1.15584,1.15632,1.1558,1.15609,1.15601,1.15617,0.00015999999999993797
2025-11-10 20:00:00+00:00,2351,1.15609,1.15646,1.15606,1.15639,1.15632,1.15646,0.000140000000000029
2025-11-10 21:00:00+00:00,1631,1.1564,1.1564,1.15552,1.15571,1.15561,1.15581,0.00019999999999997797
2025-11-10 22:00:00+00:00,1983,1.15564,1.15595,1.15559,1.15578,1.15557,1.15598,0.00041000000000002146
2025-11-10 23:00:00+00:00,1182,1.15576,1.15605,1.15565,1.15569,1.15561,1.15577,0.00015999999999993797
2025-11-11 00:00:00+00:00,2949,1.15568,1.15597,1.1552,1.15523,1.15516,1.1553,0.000140000000000029
2025-11-11 01:00:00+00:00,3844,1.15524,1.1555,1.15472,1.15548,1.1554,1.15556,0.00015999999999993797
2025-11-11 02:00:00+00:00,2666,1.15548,1.15571,1.15519,1.15534,1.15526,1.15543,0.00017000000000000348
2025-11-11 03:00:00+00:00,2157,1.15535,1.15582,1.15534,1.15564,1.15556,1.15572,0.00016000000000016001
2025-11-11 04:00:00+00:00,2035,1.15564,1.15594,1.15555,1.1558,1.15571,1.15588,0.00017000000000000348
2025-11-11 05:00:00+00:00,3253,1.1558,1.15652,1.15577,1.15616,1.15608,1.15625,0.00017000000000000348
2025-11-11 06:00:00+00:00,3453,1.15616,1.15631,1.15505,1.15522,1.15513,1.1553,0.00017000000000000348
2025-11-11 07:00:00+00:00,7316,1.15524,1.15608,1.15496,1.156,1.15592,1.15608,0.00015999999999993797
2025-11-11 08:00:00+00:00,6088,1.15602,1.15684,1.15546,1.15547,1.15539,1.15555,0.00016000000000016001
2025-11-11 09:00:00+00:00,5179,1.15544,1.15684,1.15535,1.15649,1.15641,1.15657,0.00016000000000016001
2025-11-11 10:00:00+00:00,4791,1.15648,1.15747,1.15627,1.15731,1.15723,1.15739,0.00015999999999993797
2025-11-11 11:00:00+00:00,4547,1.15732,1.15778,1.15701,1.15719,1.15711,1.15727,0.00015999999999993797
2025-11-11 12:00:00+00:00,4386,1.15721,1.15772,1.15686,1.15704,1.15696,1.15712,0.00015999999999993797
2025-11-11 13:00:00+00:00,12388,1.15706,1.16059,1.15705,1.1601,1.16002,1.16019,0.00017000000000000348
2025-11-11 14:00:00+00:00,7808,1.16012,1.16054,1.15934,1.16007,1.15999,1.16015,0.00015999999999993797
2025-11-11 15:00:00+00:00,8192,1.16006,1.16032,1.15915,1.15949,1.15941,1.15957,0.00015999999999993797
2025-11-11 16:00:00+00:00,6308,1.1595,1.15999,1.15906,1.15934,1.15926,1.15941,0.0001500000000000945
2025-11-11 17:00:00+00:00,3399,1.15933,1.15992,1.15908,1.1595,1.15941,1.15958,0.00017000000000000348
2025-11-11 18:00:00+00:00,3179,1.15949,1.15956,1.15912,1.15926,1.15918,1.15935,0.00017000000000000348
2025-11-11 19:00:00+00:00,3511,1.15926,1.15929,1.15833,1.15844,1.15835,1.15852,0.00017000000000000348
2025-11-11 20:00:00+00:00,3247,1.15844,1.1589,1.15834,1.15834,1.15826,1.15842,0.00015999999999993797
2025-11-11 21:00:00+00:00,1686,1.15834,1.15856,1.15812,1.15825,1.15817,1.15833,0.00016000000000016001
2025-11-11 22:00:00+00:00,1392,1.1587,1.15872,1.15828,1.15856,1.15844,1.15869,0.0002500000000000835
2025-11-11 23:00:00+00:00,1147,1.15857,1.15872,1.15822,1.15868,1.15859,1.15877,0.000180000000000069
2025-11-12 00:00:00+00:00,3194,1.15868,1.15869,1.1579,1.15793,1.15785,1.15801,0.00015999999999993797
2025-11-12 01:00:00+00:00,3263,1.15794,1.15822,1.15746,1.15756,1.15748,1.15763,0.00014999999999987246
2025-11-12 02:00:00+00:00,2039,1.15755,1.15799,1.15753,1.1579,1.15782,1.15798,0.00015999999999993797
2025-11-12 03:00:00+00:00,1972,1.15792,1.15816,1.15756,1.15776,1.15768,1.15785,0.00017000000000000348
2025-11-12 04:00:00+00:00,2375,1.15777,1.15786,1.15701,1.15722,1.15714,1.15729,0.00014999999999987246
2025-11-12 05:00:00+00:00,3539,1.15722,1.15787,1.15712,1.15762,1.15754,1.15771,0.00017000000000000348
2025-11-12 06:00:00+00:00,2693,1.15763,1.15825,1.15752,1.15824,1.15816,1.15831,0.00014999999999987246
2025-11-12 07:00:00+00:00,5352,1.15824,1.15885,1.15814,1.15837,1.15829,1.15845,0.00015999999999993797
2025-11-12 08:00:00+00:00,5746,1.15838,1.15878,1.1577,1.15774,1.15766,1.15781,0.0001500000000000945
2025-11-12 09:00:00+00:00,6241,1.15774,1.15804,1.15684,1.15702,1.15694,1.15711,0.00017000000000000348
2025-11-12 10:00:00+00:00,5313,1.15702,1.15755,1.15651,1.15702,1.15693,1.1571,0.00017000000000000348
2025-11-12 11:00:00+00:00,4657,1.15702,1.1578,1.15655,1.1578,1.15772,1.15787,0.00014999999999987246
2025-11-12 12:00:00+00:00,5789,1.15779,1.15803,1.15718,1.15768,1.15761,1.15775,0.000140000000000029
2025-11-12 13:00:00+00:00,7328,1.15768,1.15799,1.15659,1.15721,1.15713,1.15729,0.00015999999999993797
2025-11-12 14:00:00+00:00,8219,1.15722,1.15758,1.1563,1.15754,1.15747,1.15762,0.0001500000000000945
2025-11-12 15:00:00+00:00,9321,1.15754,1.15959,1.15728,1.15941,1.15934,1.15948,0.000140000000000029
2025-11-12 16:00:00+00:00,6500,1.1594,1.15977,1.15881,1.15912,1.15904,1.1592,0.00015999999999993797
2025-11-12 17:00:00+00:00,4158,1.15912,1.15971,1.15911,1.15931,1.15924,1.15938,0.000140000000000029
2025-11-12 18:00:00+00:00,3101,1.15932,1.15944,1.15889,1.15896,1.15889,1.15903,0.000140000000000029
2025-11-12 19:00:00+00:00,3358,1.15894,1.15904,1.1584,1.15867,1.15859,1.15875,0.00015999999999993797
2025-11-12 20:00:00+00:00,2307,1.15866,1.15907,1.15854,1.15897,1.15889,1.15905,0.00015999999999993797
2025-11-12 21:00:00+00:00,1801,1.15896,1.15934,1.1585,1.15932,1.15922,1.15942,0.00019999999999997797
2025-11-12 22:00:00+00:00,2489,1.1593,1.15932,1.15902,1.1591,1.15896,1.15925,0.00028999999999990145
2025-11-12 23:00:00+00:00,1213,1.1591,1.15942,1.15898,1.15916,1.15908,1.15924,0.00015999999999993797
2025-11-13 00:00:00+00:00,4545,1.15918,1.1592,1.15804,1.15806,1.15797,1.15814,0.00017000000000000348
2025-11-13 01:00:00+00:00,4256,1.15804,1.15896,1.1579,1.15894,1.15886,1.15902,0.00015999999999993797
2025-11-13 02:00:00+00:00,2733,1.15894,1.1593,1.15852,1.15893,1.15885,1.15901,0.00016000000000016001
2025-11-13 03:00:00+00:00,1802,1.15896,1.15916,1.15868,1.15898,1.1589,1.15906,0.00015999999999993797
2025-11-13 04:00:00+00:00,1904,1.15898,1.15918,1.15874,1.15902,1.15893,1.1591,0.00017000000000000348
2025-11-13 05:00:00+00:00,1974,1.15902,1.15909,1.15804,1.15818,1.1581,1.15827,0.00017000000000000348
2025-11-13 06:00:00+00:00,3093,1.15818,1.15859,1.15812,1.15857,1.15849,1.15865,0.00015999999999993797
2025-11-13 07:00:00+00:00,6565,1.15855,1.16123,1.15831,1.16115,1.16106,1.16124,0.000180000000000069
2025-11-13 08:00:00+00:00,7736,1.16114,1.16294,1.16103,1.16282,1.16275,1.1629,0.0001500000000000945
2025-11-13 09:00:00+00:00,8755,1.16283,1.16349,1.16109,1.16166,1.16158,1.16174,0.00015999999999993797
2025-11-13 10:00:00+00:00,5569,1.16166,1.16235,1.16114,1.16159,1.1615,1.16168,0.000180000000000069
2025-11-13 11:00:00+00:00,6216,1.1616,1.16204,1.16047,1.16064,1.16055,1.16072,0.00017000000000000348
2025-11-13 12:00:00+00:00,6569,1.16064,1.16231,1.16058,1.16228,1.16221,1.16236,0.0001500000000000945
2025-11-13 13:00:00+00:00,7353,1.1623,1.1625,1.16118,1.16206,1.16198,1.16214,0.00015999999999993797
2025-11-13 14:00:00+00:00,9949,1.16206,1.16312,1.1617,1.16281,1.16273,1.16289,0.00015999999999993797
2025-11-13 15:00:00+00:00,9704,1.16279,1.16431,1.16231,1.16392,1.16384,1.164,0.00015999999999993797
2025-11-13 16:00:00+00:00,8837,1.16392,1.16488,1.16366,1.16488,1.1648,1.16497,0.00017000000000000348
2025-11-13 17:00:00+00:00,7233,1.16488,1.16562,1.1646,1.16512,1.16505,1.1652,0.0001500000000000945
2025-11-13 18:00:00+00:00,6821,1.16513,1.16519,1.16368,1.16382,1.16375,1.16389,0.000140000000000029
2025-11-13 19:00:00+00:00,4269,1.16382,1.16414,1.16352,1.16358,1.1635,1.16366,0.00015999999999993797
2025-11-13 20:00:00+00:00,3172,1.16356,1.16393,1.16326,1.1633,1.16323,1.16338,0.0001500000000000945
2025-11-13 21:00:00+00:00,1831,1.1633,1.1638,1.16308,1.16345,1.16335,1.16355,0.00019999999999997797
2025-11-13 22:00:00+00:00,1062,1.16372,1.16389,1.16344,1.16361,1.16343,1.16379,0.000360000000000138
2025-11-13 23:00:00+00:00,2263,1.16374,1.16376,1.16234,1.16302,1.16295,1.1631,0.0001500000000000945
2025-11-14 00:00:00+00:00,4796,1.16303,1.16337,1.1627,1.16329,1.16321,1.16337,0.00015999999999993797
2025-11-14 01:00:00+00:00,5347,1.1633,1.16393,1.16302,1.16334,1.16326,1.16342,0.00015999999999993797
2025-11-14 02:00:00+00:00,4221,1.16332,1.16374,1.16298,1.16357,1.16349,1.16365,0.00016000000000016001
2025-11-14 03:00:00+00:00,2920,1.16358,1.16448,1.16354,1.16383,1.16375,1.16391,0.00015999999999993797
2025-11-14 04:00:00+00:00,2937,1.16384,1.1643,1.16378,1.1642,1.16411,1.16428,0.00017000000000000348
2025-11-14 05:00:00+00:00,3207,1.1642,1.16483,1.16394,1.16478,1.1647,1.16487,0.00017000000000000348
2025-11-14 06:00:00+00:00,4599,1.16478,1.16486,1.16334,1.16378,1.1637,1.16386,0.00015999999999993797
2025-11-14 07:00:00+00:00,7574,1.16378,1.16464,1.16318,1.1633,1.16321,1.16338,0.00017000000000000348
2025-11-14 08:00:00+00:00,12910,1.16329,1.1637,1.16204,1.16295,1.16287,1.16303,0.00015999999999993797
2025-11-14 09:00:00+00:00,6916,1.16294,1.16312,1.16204,1.16216,1.16207,1.16226,0.0001900000000001345
2025-11-14 10:00:00+00:00,6067,1.16216,1.16218,1.16124,1.16136,1.16128,1.16145,0.00017000000000000348
2025-11-14 11:00:00+00:00,6001,1.16136,1.162,1.16089,1.16195,1.16187,1.16203,0.00015999999999993797
2025-11-14 12:00:00+00:00,9950,1.16196,1.16528,1.16168,1.16526,1.16518,1.16534,0.00015999999999993797
2025-11-14 13:00:00+00:00,12287,1.16528,1.16538,1.16338,1.16378,1.16369,1.16386,0.00017000000000000348
2025-11-14 14:00:00+00:00,12383,1.16376,1.16384,1.16211,1.16234,1.16226,1.16241,0.00014999999999987246
2025-11-14 15:00:00+00:00,10735,1.16232,1.16256,1.1606,1.16132,1.16124,1.1614,0.00015999999999993797
2025-11-14 16:00:00+00:00,7569,1.16132,1.16227,1.161,1.16168,1.16161,1.16176,0.00014999999999987246
2025-11-14 17:00:00+00:00,5535,1.16169,1.16181,1.16079,1.16141,1.16132,1.1615,0.000180000000000069
2025-11-14 18:00:00+00:00,4516,1.16142,1.1618,1.16098,1.16164,1.16156,1.16172,0.00016000000000016001
2025-11-14 19:00:00+00:00,4189,1.16164,1.16202,1.16159,1.16179,1.16171,1.16187,0.00015999999999993797
2025-11-14 20:00:00+00:00,2778,1.1618,1.16231,1.16168,1.16206,1.16198,1.16214,0.00015999999999993797
2025-11-14 21:00:00+00:00,2425,1.16206,1.16236,1.16172,1.1622,1.16207,1.16233,0.000260000000000149
2025-11-16 22:00:00+00:00,1115,1.16199,1.16243,1.16194,1.1623,1.16203,1.16258,0.0005500000000000504
2025-11-16 23:00:00+00:00,2014,1.16229,1.16246,1.16116,1.16148,1.1614,1.16156,0.00015999999999993797
2025-11-17 00:00:00+00:00,4287,1.16146,1.16148,1.16051,1.16065,1.16057,1.16073,0.00015999999999993797
2025-11-17 01:00:00+00:00,3789,1.16064,1.161,1.16054,1.16066,1.16058,1.16074,0.00016000000000016001
2025-11-17 02:00:00+00:00,2796,1.16064,1.16066,1.16016,1.16022,1.16014,1.16029,0.0001500000000000945
2025-11-17 03:00:00+00:00,2382,1.1602,1.16021,1.15964,1.15987,1.1598,1.15994,0.000140000000000029
2025-11-17 04:00:00+00:00,1574,1.15987,1.16034,1.15974,1.16028,1.1602,1.16036,0.00016000000000016001
2025-11-17 05:00:00+00:00,2354,1.16028,1.16052,1.15992,1.16004,1.15996,1.16011,0.00014999999999987246
2025-11-17 06:00:00+00:00,3719,1.16004,1.16087,1.15952,1.16076,1.16068,1.16084,0.00016000000000016001
2025-11-17 07:00:00+00:00,4806,1.16076,1.1615,1.16066,1.16133,1.16125,1.16141,0.00016000000000016001
2025-11-17 08:00:00+00:00,5938,1.16134,1.1615,1.1599,1.16032,1.16024,1.16041,0.00017000000000000348
2025-11-17 09:00:00+00:00,5616,1.16032,1.16048,1.1597,1.16014,1.16007,1.16022,0.0001500000000000945
2025-11-17 10:00:00+00:00,4959,1.16015,1.16083,1.15961,1.15966,1.15958,1.15974,0.00015999999999993797
2025-11-17 11:00:00+00:00,4513,1.15966,1.1603,1.1595,1.16012,1.16004,1.1602,0.00015999999999993797
2025-11-17 12:00:00+00:00,4509,1.16012,1.16046,1.15958,1.15988,1.15981,1.15996,0.0001500000000000945
2025-11-17 13:00:00+00:00,7099,1.1599,1.15996,1.15886,1.15912,1.15905,1.1592,0.0001500000000000945
2025-11-17 14:00:00+00:00,7809,1.15913,1.15958,1.15832,1.15857,1.15849,1.15865,0.00015999999999993797
2025-11-17 15:00:00+00:00,8423,1.15858,1.15982,1.1582,1.15976,1.15969,1.15983,0.00013999999999980695
2025-11-17 16:00:00+00:00,5352,1.15977,1.1602,1.15938,1.15973,1.15965,1.15981,0.00015999999999993797
2025-11-17 17:00:00+00:00,3568,1.15974,1.15993,1.15913,1.15938,1.1593,1.15946,0.00015999999999993797
2025-11-17 18:00:00+00:00,3934,1.15939,1.15946,1.1588,1.1591,1.15902,1.15918,0.00016000000000016001
2025-11-17 19:00:00+00:00,4407,1.1591,1.15955,1.1583,1.1584,1.15832,1.15848,0.00015999999999993797
2025-11-17 20:00:00+00:00,3555,1.15841,1.15908,1.15826,1.15884,1.15877,1.15892,0.00014999999999987246
2025-11-17 21:00:00+00:00,1508,1.1588,1.15926,1.15871,1.15923,1.15915,1.15931,0.00016000000000016001
2025-11-17 22:00:00+00:00,858,1.15923,1.15931,1.15898,1.15913,1.15892,1.15934,0.00042000000000008697
2025-11-17 23:00:00+00:00,1353,1.15914,1.15942,1.15889,1.15901,1.15892,1.1591,0.000180000000000069
2025-11-18 00:00:00+00:00,3016,1.159,1.15902,1.1585,1.15869,1.15861,1.15877,0.00016000000000016001
2025-11-18 01:00:00+00:00,4022,1.1587,1.15932,1.15846,1.15909,1.15901,1.15917,0.00015999999999993797
2025-11-18 02:00:00+00:00,2141,1.1591,1.1594,1.15882,1.1593,1.15922,1.15938,0.00016000000000016001
2025-11-18 03:00:00+00:00,2644,1.15932,1.1596,1.15912,1.15925,1.15917,1.15933,0.00015999999999993797
2025-11-18 04:00:00+00:00,4997,1.15924,1.16038,1.1589,1.15995,1.15987,1.16003,0.00015999999999993797
2025-11-18 05:00:00+00:00,2419,1.15994,1.16004,1.15952,1.15978,1.1597,1.15986,0.00015999999999993797
2025-11-18 06:00:00+00:00,3321,1.15978,1.16011,1.15932,1.15944,1.15937,1.15952,0.0001500000000000945
2025-11-18 07:00:00+00:00,6713,1.15944,1.15998,1.1591,1.15912,1.15903,1.1592,0.00017000000000000348
2025-11-18 08:00:00+00:00,8040,1.15911,1.16064,1.15897,1.1592,1.15912,1.15928,0.00016000000000016001
2025-11-18 09:00:00+00:00,5660,1.1592,1.15958,1.15872,1.15894,1.15886,1.15901,0.0001500000000000945
2025-11-18 10:00:00+00:00,4839,1.15893,1.1591,1.15796,1.1582,1.15812,1.15827,0.00014999999999987246
2025-11-18 11:00:00+00:00,3924,1.15819,1.15886,1.15802,1.15848,1.15839,1.15856,0.00017000000000000348
2025-11-18 12:00:00+00:00,5768,1.15848,1.15928,1.15832,1.1592,1.15912,1.15928,0.00016000000000016001
2025-11-18 13:00:00+00:00,9837,1.1592,1.16022,1.15882,1.15968,1.1596,1.15977,0.00017000000000000348
2025-11-18 14:00:00+00:00,8222,1.15968,1.16024,1.1593,1.16002,1.15993,1.16012,0.0001900000000001345
2025-11-18 15:00:00+00:00,10229,1.16002,1.16078,1.15817,1.1582,1.15812,1.15828,0.00015999999999993797
2025-11-18 16:00:00+00:00,9734,1.15821,1.15841,1.15726,1.1579,1.15782,1.15798,0.00015999999999993797
2025-11-18 17:00:00+00:00,5782,1.1579,1.15807,1.15715,1.15756,1.15748,1.15764,0.00015999999999993797
2025-11-18 18:00:00+00:00,4553,1.15758,1.15858,1.15752,1.15822,1.15814,1.15829,0.0001500000000000945
2025-11-18 19:00:00+00:00,4211,1.15821,1.15872,1.15802,1.15855,1.15847,1.15863,0.00015999999999993797
2025-11-18 20:00:00+00:00,3598,1.15855,1.1587,1.15788,1.15807,1.15799,1.15815,0.00015999999999993797
2025-11-18 21:00:00+00:00,1767,1.15808,1.15837,1.1578,1.15807,1.15797,1.15817,0.00019999999999997797
2025-11-18 22:00:00+00:00,2694,1.15818,1.15839,1.15776,1.15786,1.15771,1.15802,0.00031000000000003247
2025-11-18 23:00:00+00:00,1210,1.15786,1.15818,1.15776,1.15802,1.15794,1.15809,0.0001500000000000945
2025-11-19 00:00:00+00:00,3267,1.15802,1.15842,1.15786,1.15824,1.15815,1.15832,0.00017000000000000348
2025-11-19 01:00:00+00:00,3691,1.15824,1.15852,1.1576,1.15769,1.15761,1.15777,0.00015999999999993797
2025-11-19 02:00:00+00:00,3170,1.15768,1.1582,1.15725,1.15788,1.1578,1.15796,0.00016000000000016001
2025-11-19 03:00:00+00:00,2803,1.15788,1.1584,1.1577,1.15838,1.1583,1.15847,0.00017000000000000348
2025-11-19 04:00:00+00:00,2375,1.15838,1.15844,1.15774,1.15842,1.15834,1.15851,0.00017000000000000348
2025-11-19 05:00:00+00:00,3381,1.15843,1.15908,1.15833,1.1589,1.15883,1.15898,0.00014999999999987246
2025-11-19 06:00:00+00:00,3336,1.15891,1.15916,1.15867,1.15869,1.15861,1.15877,0.00016000000000016001
2025-11-19 07:00:00+00:00,7260,1.1587,1.15975,1.15774,1.15814,1.15806,1.15823,0.00017000000000000348
2025-11-19 08:00:00+00:00,7158,1.15814,1.1589,1.15712,1.15736,1.15728,1.15744,0.00015999999999993797
2025-11-19 09:00:00+00:00,6982,1.15735,1.15806,1.15656,1.15734,1.15727,1.15741,0.000140000000000029
2025-11-19 10:00:00+00:00,6967,1.15734,1.15776,1.15676,1.15692,1.15684,1.157,0.00015999999999993797
2025-11-19 11:00:00+00:00,6350,1.15692,1.15875,1.15684,1.15864,1.15856,1.15872,0.00015999999999993797
2025-11-19 12:00:00+00:00,5756,1.15864,1.15894,1.1576,1.15782,1.15774,1.1579,0.00015999999999993797
2025-11-19 13:00:00+00:00,6530,1.15782,1.1591,1.1571,1.15729,1.15721,1.15737,0.00015999999999993797
2025-11-19 14:00:00+00:00,9299,1.15727,1.15738,1.15549,1.15555,1.15547,1.15563,0.00015999999999993797
2025-11-19 15:00:00+00:00,9835,1.15554,1.15564,1.15404,1.15468,1.15461,1.15475,0.000140000000000029
2025-11-19 16:00:00+00:00,7584,1.15466,1.15476,1.15349,1.15398,1.15389,1.15406,0.00017000000000000348
2025-11-19 17:00:00+00:00,7215,1.15396,1.15425,1.1526,1.15332,1.15323,1.1534,0.00017000000000000348
2025-11-19 18:00:00+00:00,4708,1.15332,1.15376,1.15292,1.15299,1.15289,1.15309,0.00019999999999997797
2025-11-19 19:00:00+00:00,8437,1.153,1.15311,1.15178,1.1521,1.15202,1.15219,0.00017000000000000348
2025-11-19 20:00:00+00:00,4537,1.15211,1.15286,1.15202,1.15263,1.15256,1.1527,0.000140000000000029
2025-11-19 21:00:00+00:00,3216,1.15263,1.15389,1.1523,1.15384,1.15372,1.15396,0.00024000000000001798
2025-11-19 22:00:00+00:00,405,1.1539,1.15394,1.1538,1.15386,1.15378,1.15395,0.00017000000000000348
2025-11-19 23:00:00+00:00,1896,1.15386,1.15423,1.15364,1.15394,1.15387,1.15401,0.000140000000000029
2025-11-20 00:00:00+00:00,4578,1.15394,1.15394,1.15288,1.15344,1.15336,1.15352,0.00016000000000016001
2025-11-20 01:00:00+00:00,4513,1.15344,1.15354,1.15224,1.15229,1.15222,1.15236,0.000140000000000029
2025-11-20 02:00:00+00:00,3979,1.15228,1.15237,1.1515,1.15202,1.15194,1.1521,0.00015999999999993797
2025-11-20 03:00:00+00:00,4141,1.15202,1.15225,1.15101,1.15142,1.15133,1.1515,0.00017000000000000348
2025-11-20 04:00:00+00:00,2348,1.15141,1.15205,1.15132,1.15195,1.15188,1.15202,0.000140000000000029
2025-11-20 05:00:00+00:00,2940,1.15194,1.15196,1.1514,1.15158,1.1515,1.15166,0.00015999999999993797
2025-11-20 06:00:00+00:00,4588,1.15156,1.15233,1.15136,1.15199,1.15191,1.15207,0.00015999999999993797
2025-11-20 07:00:00+00:00,6720,1.15198,1.1523,1.15151,1.15198,1.15191,1.15205,0.000140000000000029
2025-11-20 08:00:00+00:00,7123,1.15199,1.15234,1.15114,1.15212,1.15205,1.1522,0.00014999999999987246
2025-11-20 09:00:00+00:00,6233,1.1521,1.15278,1.15172,1.15275,1.15267,1.15283,0.00015999999999993797
2025-11-20 10:00:00+00:00,5279,1.15276,1.15296,1.15244,1.15274,1.15266,1.15282,0.00015999999999993797
2025-11-20 11:00:00+00:00,5271,1.15274,1.15274,1.1513,1.15144,1.15136,1.15151,0.0001500000000000945
2025-11-20 12:00:00+00:00,5318,1.15142,1.15168,1.15072,1.1511,1.15102,1.15118,0.00016000000000016001
2025-11-20 13:00:00+00:00,18759,1.1511,1.15389,1.15024,1.15278,1.15269,1.15286,0.00017000000000000348
2025-11-20 14:00:00+00:00,16041,1.15277,1.155,1.1523,1.15348,1.15339,1.15356,0.00017000000000000348
2025-11-20 15:00:00+00:00,11060,1.15348,1.1537,1.15201,1.15274,1.15266,1.15283,0.00017000000000000348
2025-11-20 16:00:00+00:00,10516,1.15276,1.15412,1.15276,1.15338,1.15329,1.15346,0.00017000000000000348
2025-11-20 17:00:00+00:00,9890,1.15338,1.15381,1.1525,1.15288,1.1528,1.15295,0.00014999999999987246
2025-11-20 18:00:00+00:00,5952,1.15287,1.15368,1.15269,1.15366,1.15358,1.15374,0.00015999999999993797
2025-11-20 19:00:00+00:00,4573,1.15364,1.15407,1.15355,1.1538,1.15372,1.15389,0.00017000000000000348
2025-11-20 20:00:00+00:00,4495,1.1538,1.15386,1.1526,1.15261,1.15253,1.15269,0.00015999999999993797
2025-11-20 21:00:00+00:00,1970,1.15262,1.15288,1.15239,1.15285,1.15277,1.15293,0.00015999999999993797
2025-11-20 22:00:00+00:00,1970,1.15275,1.15314,1.1526,1.15291,1.1527,1.15312,0.0004199999999998649
2025-11-20 23:00:00+00:00,2160,1.15292,1.15348,1.15236,1.15338,1.15329,1.15346,0.00017000000000000348
2025-11-21 00:00:00+00:00,3868,1.15338,1.1536,1.15282,1.15352,1.15344,1.15361,0.00017000000000000348
2025-11-21 01:00:00+00:00,5022,1.15352,1.15384,1.15324,1.15325,1.15317,1.15333,0.00015999999999993797
2025-11-21 02:00:00+00:00,3759,1.15326,1.15391,1.15324,1.15358,1.1535,1.15366,0.00015999999999993797
2025-11-21 03:00:00+00:00,2832,1.15358,1.15378,1.15336,1.15364,1.15357,1.15372,0.0001500000000000945
2025-11-21 04:00:00+00:00,2879,1.15364,1.15422,1.1536,1.15388,1.1538,1.15397,0.00017000000000000348
2025-11-21 05:00:00+00:00,2812,1.15389,1.15419,1.15346,1.15352,1.15343,1.15361,0.000180000000000069
2025-11-21 06:00:00+00:00,4799,1.15352,1.15466,1.15351,1.15414,1.15406,1.15422,0.00015999999999993797
2025-11-21 07:00:00+00:00,7242,1.15413,1.15479,1.1539,1.15414,1.15406,1.15422,0.00015999999999993797
2025-11-21 08:00:00+00:00,10423,1.15414,1.15525,1.15341,1.1541,1.15401,1.15418,0.00017000000000000348
2025-11-21 09:00:00+00:00,7835,1.15412,1.15428,1.1525,1.15252,1.15244,1.15261,0.00017000000000000348
2025-11-21 10:00:00+00:00,8531,1.15251,1.1527,1.15125,1.152,1.15191,1.15208,0.00017000000000000348
2025-11-21 11:00:00+00:00,6441,1.152,1.15229,1.15046,1.1506,1.15052,1.15068,0.00015999999999993797
2025-11-21 12:00:00+00:00,14066,1.1506,1.1526,1.14966,1.15247,1.15239,1.15255,0.00015999999999993797
2025-11-21 13:00:00+00:00,8345,1.15246,1.1527,1.15156,1.15208,1.152,1.15216,0.00016000000000016001
2025-11-21 14:00:00+00:00,11575,1.15211,1.15236,1.15055,1.1514,1.15131,1.15148,0.00017000000000000348
2025-11-21 15:00:00+00:00,12851,1.1514,1.15234,1.1499,1.1503,1.15022,1.15037,0.00014999999999987246
2025-11-21 16:00:00+00:00,9124,1.15028,1.15055,1.14912,1.1505,1.15042,1.15058,0.00015999999999993797
2025-11-21 17:00:00+00:00,7129,1.1505,1.15129,1.15006,1.15072,1.15064,1.1508,0.00015999999999993797
2025-11-21 18:00:00+00:00,5572,1.15074,1.15084,1.1502,1.15042,1.15034,1.15051,0.00017000000000000348
2025-11-21 19:00:00+00:00,4662,1.15043,1.15178,1.15042,1.15133,1.15126,1.1514,0.000140000000000029
2025-11-21 20:00:00+00:00,3676,1.15133,1.1518,1.15092,1.15176,1.15167,1.15184,0.00017000000000000348
2025-11-21 21:00:00+00:00,2229,1.15174,1.1521,1.15126,1.1513,1.15119,1.1514,0.00021000000000004349
2025-11-23 22:00:00+00:00,722,1.15193,1.15193,1.15102,1.15139,1.15116,1.15162,0.000460000000000127
2025-11-23 23:00:00+00:00,2067,1.15138,1.15156,1.15062,1.15074,1.15067,1.15081,0.000140000000000029
2025-11-24 00:00:00+00:00,2347,1.15074,1.15084,1.15019,1.1507,1.15061,1.15078,0.00017000000000000348
2025-11-24 01:00:00+00:00,3102,1.1507,1.15132,1.1505,1.15106,1.15097,1.15114,0.00017000000000000348
2025-11-24 02:00:00+00:00,3030,1.15105,1.15184,1.15104,1.1516,1.15152,1.15168,0.00015999999999993797
2025-11-24 03:00:00+00:00,2543,1.15162,1.15191,1.15134,1.15162,1.15154,1.15169,0.0001500000000000945
2025-11-24 04:00:00+00:00,1912,1.15161,1.15218,1.15158,1.15208,1.152,1.15216,0.00016000000000016001
2025-11-24 05:00:00+00:00,3399,1.15208,1.15284,1.15208,1.15226,1.15218,1.15234,0.00015999999999993797
2025-11-24 06:00:00+00:00,3054,1.15226,1.1527,1.15201,1.15208,1.15199,1.15217,0.00017999999999984695
2025-11-24 07:00:00+00:00,5278,1.15208,1.15226,1.15112,1.15119,1.15111,1.15127,0.00015999999999993797
2025-11-24 08:00:00+00:00,7852,1.15122,1.15344,1.15097,1.15278,1.15268,1.15289,0.00021000000000004349
2025-11-24 09:00:00+00:00,6459,1.1528,1.15344,1.15245,1.15298,1.1529,1.15307,0.00017000000000000348
2025-11-24 10:00:00+00:00,5908,1.15298,1.15422,1.15298,1.1541,1.15401,1.15418,0.00017000000000000348
2025-11-24 11:00:00+00:00,4406,1.1541,1.1547,1.15362,1.15454,1.15446,1.15461,0.00014999999999987246
2025-11-24 12:00:00+00:00,6098,1.15453,1.15506,1.15362,1.15476,1.15467,1.15484,0.00017000000000000348
2025-11-24 13:00:00+00:00,6629,1.15476,1.155,1.15374,1.15385,1.15377,1.15393,0.00015999999999993797
2025-11-24 14:00:00+00:00,9033,1.15386,1.15413,1.15262,1.15269,1.15261,1.15277,0.00016000000000016001
2025-11-24 15:00:00+00:00,8554,1.1527,1.15302,1.15168,1.1529,1.15282,1.15297,0.0001500000000000945
2025-11-24 16:00:00+00:00,4797,1.1529,1.15308,1.15173,1.15179,1.15171,1.15187,0.00015999999999993797
2025-11-24 17:00:00+00:00,4619,1.15178,1.15198,1.15116,1.1518,1.15172,1.15189,0.00017000000000000348
2025-11-24 18:00:00+00:00,2851,1.1518,1.15283,1.15172,1.15278,1.15271,1.15286,0.0001500000000000945
2025-11-24 19:00:00+00:00,3486,1.15279,1.15292,1.15232,1.15277,1.15268,1.15286,0.000180000000000069
2025-11-24 20:00:00+00:00,3065,1.15278,1.15284,1.15219,1.15224,1.15216,1.15232,0.00015999999999993797
2025-11-24 21:00:00+00:00,1492,1.15226,1.15234,1.15194,1.15216,1.15206,1.15227,0.00020999999999982144
2025-11-24 22:00:00+00:00,788,1.15218,1.1526,1.15216,1.1525,1.15234,1.15265,0.00031000000000003247
2025-11-24 23:00:00+00:00,1392,1.15253,1.15257,1.15188,1.15203,1.15195,1.15211,0.00015999999999993797
2025-11-25 00:00:00+00:00,3197,1.15204,1.15236,1.15188,1.15234,1.15226,1.15242,0.00015999999999993797
2025-11-25 01:00:00+00:00,4307,1.15232,1.15301,1.1522,1.15258,1.1525,1.15266,0.00015999999999993797
2025-11-25 02:00:00+00:00,2893,1.1526,1.15285,1.15223,1.15284,1.15277,1.15292,0.00014999999999987246
2025-11-25 03:00:00+00:00,3221,1.15285,1.15303,1.15172,1.1518,1.15172,1.15188,0.00015999999999993797
2025-11-25 04:00:00+00:00,2502,1.1518,1.1518,1.15144,1.1515,1.15143,1.15158,0.0001500000000000945
2025-11-25 05:00:00+00:00,2981,1.1515,1.15184,1.15116,1.15168,1.15161,1.15176,0.00014999999999987246
2025-11-25 06:00:00+00:00,3383,1.15169,1.15217,1.15148,1.15186,1.15177,1.15195,0.000180000000000069
2025-11-25 07:00:00+00:00,6604,1.15186,1.15306,1.15178,1.15228,1.15221,1.15235,0.000140000000000029
2025-11-25 08:00:00+00:00,7262,1.15228,1.15336,1.15207,1.15288,1.15279,1.15296,0.00017000000000000348
2025-11-25 09:00:00+00:00,6118,1.15286,1.15368,1.15272,1.15341,1.15333,1.15349,0.00015999999999993797
2025-11-25 10:00:00+00:00,5476,1.15339,1.15411,1.15323,1.1539,1.15382,1.15399,0.00017000000000000348
2025-11-25 11:00:00+00:00,4067,1.1539,1.1539,1.15247,1.15268,1.1526,1.15277,0.00017000000000000348
2025-11-25 12:00:00+00:00,10015,1.15268,1.15571,1.15254,1.15447,1.15439,1.15455,0.00015999999999993797
2025-11-25 13:00:00+00:00,13931,1.15448,1.15624,1.15426,1.15582,1.15574,1.15591,0.00017000000000000348
2025-11-25 14:00:00+00:00,11619,1.15582,1.1572,1.15522,1.15666,1.15657,1.15676,0.00018999999999991246
2025-11-25 15:00:00+00:00,10810,1.15672,1.15841,1.15618,1.15625,1.15617,1.15633,0.00016000000000016001
2025-11-25 16:00:00+00:00,6691,1.15626,1.15719,1.155,1.15528,1.15521,1.15535,0.000140000000000029
2025-11-25 17:00:00+00:00,12292,1.15527,1.1584,1.15522,1.15824,1.15817,1.15832,0.0001500000000000945
2025-11-25 18:00:00+00:00,7019,1.15826,1.15861,1.15768,1.15795,1.15787,1.15803,0.00015999999999993797
2025-11-25 19:00:00+00:00,4350,1.15796,1.15856,1.1574,1.15838,1.1583,1.15846,0.00015999999999993797
2025-11-25 20:00:00+00:00,5190,1.15838,1.15844,1.1558,1.1565,1.15642,1.15658,0.00015999999999993797
2025-11-25 21:00:00+00:00,2017,1.1565,1.15724,1.15645,1.15697,1.15689,1.15705,0.00015999999999993797
2025-11-25 22:00:00+00:00,493,1.15706,1.15717,1.15676,1.15694,1.15679,1.1571,0.00031000000000003247
2025-11-25 23:00:00+00:00,1294,1.15696,1.15732,1.15643,1.15648,1.1564,1.15657,0.00017000000000000348
2025-11-26 00:00:00+00:00,5264,1.1565,1.15726,1.15633,1.15682,1.15674,1.15691,0.00017000000000000348
2025-11-26 01:00:00+00:00,7729,1.15682,1.15832,1.15654,1.15772,1.15765,1.1578,0.00014999999999987246
2025-11-26 02:00:00+00:00,5651,1.15772,1.15868,1.15748,1.15818,1.15811,1.15826,0.0001500000000000945
2025-11-26 03:00:00+00:00,4686,1.15818,1.15916,1.1581,1.15907,1.15899,1.15915,0.00015999999999993797
2025-11-26 04:00:00+00:00,3416,1.15906,1.15916,1.15824,1.15837,1.15829,1.15845,0.00015999999999993797
2025-11-26 05:00:00+00:00,3373,1.15838,1.15914,1.15826,1.15909,1.15902,1.15916,0.000140000000000029
2025-11-26 06:00:00+00:00,4472,1.1591,1.1596,1.15838,1.15863,1.15856,1.1587,0.000140000000000029
2025-11-26 07:00:00+00:00,6991,1.15864,1.15922,1.15752,1.15793,1.15786,1.158,0.000140000000000029
2025-11-26 08:00:00+00:00,7662,1.15794,1.1581,1.15656,1.1572,1.15712,1.15729,0.00017000000000000348
2025-11-26 09:00:00+00:00,6575,1.15722,1.15799,1.15683,1.1572,1.15713,1.15727,0.000140000000000029
2025-11-26 10:00:00+00:00,4909,1.1572,1.1578,1.15683,1.15734,1.15726,1.15743,0.00017000000000000348
2025-11-26 11:00:00+00:00,7737,1.15735,1.1581,1.15681,1.15742,1.15734,1.1575,0.00015999999999993797
2025-11-26 12:00:00+00:00,12056,1.15742,1.15802,1.15692,1.15722,1.15714,1.1573,0.00015999999999993797
2025-11-26 13:00:00+00:00,17448,1.15724,1.15842,1.15484,1.15525,1.15517,1.15533,0.00015999999999993797
2025-11-26 14:00:00+00:00,10824,1.15524,1.1582,1.15471,1.15789,1.15781,1.15797,0.00015999999999993797
2025-11-26 15:00:00+00:00,10987,1.15786,1.15948,1.1578,1.15894,1.15887,1.15902,0.00014999999999987246
2025-11-26 16:00:00+00:00,8313,1.15895,1.16009,1.15888,1.15904,1.15896,1.15912,0.00015999999999993797
2025-11-26 17:00:00+00:00,5944,1.15904,1.1594,1.15851,1.1593,1.15923,1.15938,0.0001500000000000945
2025-11-26 18:00:00+00:00,4315,1.15931,1.15966,1.15894,1.15934,1.15926,1.15942,0.00015999999999993797
2025-11-26 19:00:00+00:00,4032,1.15935,1.15965,1.15906,1.15938,1.1593,1.15946,0.00015999999999993797
2025-11-26 20:00:00+00:00,3271,1.15938,1.15974,1.15922,1.15943,1.15935,1.15951,0.00015999999999993797
2025-11-26 21:00:00+00:00,1880,1.15942,1.15974,1.15938,1.15963,1.15953,1.15973,0.00019999999999997797
2025-11-26 22:00:00+00:00,1038,1.15935,1.15974,1.15924,1.1596,1.15948,1.15972,0.00024000000000001798
2025-11-26 23:00:00+00:00,1415,1.15959,1.16022,1.1595,1.16019,1.16011,1.16027,0.00015999999999993797
2025-11-27 00:00:00+00:00,2559,1.1602,1.16052,1.16,1.16022,1.16014,1.16031,0.00017000000000000348
2025-11-27 01:00:00+00:00,5339,1.16022,1.16126,1.16008,1.16092,1.16083,1.16101,0.000180000000000069
2025-11-27 02:00:00+00:00,4065,1.16092,1.16136,1.16006,1.16038,1.1603,1.16047,0.00016999999999978144
2025-11-27 03:00:00+00:00,3268,1.16038,1.16067,1.16,1.16022,1.16014,1.16029,0.0001500000000000945
2025-11-27 04:00:00+00:00,2504,1.16022,1.16052,1.16002,1.16008,1.16,1.16016,0.00016000000000016001
2025-11-27 05:00:00+00:00,3875,1.1601,1.16064,1.16008,1.16022,1.16015,1.1603,0.0001500000000000945
2025-11-27 06:00:00+00:00,4775,1.16023,1.16054,1.15913,1.15926,1.15919,1.15934,0.0001500000000000945
2025-11-27 07:00:00+00:00,3949,1.15925,1.15938,1.15858,1.15917,1.1591,1.15924,0.000140000000000029
2025-11-27 08:00:00+00:00,5719,1.15918,1.15956,1.15868,1.15928,1.15921,1.15936,0.00014999999999987246
2025-11-27 09:00:00+00:00,5583,1.15928,1.15938,1.15766,1.15776,1.15767,1.15784,0.00017000000000000348
2025-11-27 10:00:00+00:00,4134,1.15776,1.15852,1.15772,1.1584,1.15831,1.15848,0.00017000000000000348
2025-11-27 11:00:00+00:00,4586,1.15838,1.15878,1.15787,1.15861,1.15853,1.15869,0.00015999999999993797
2025-11-27 12:00:00+00:00,3952,1.15862,1.15905,1.1582,1.15832,1.15825,1.15839,0.000140000000000029
2025-11-27 13:00:00+00:00,5146,1.15832,1.1597,1.15832,1.1595,1.15942,1.15957,0.0001500000000000945
2025-11-27 14:00:00+00:00,4306,1.1595,1.1598,1.15904,1.15951,1.15944,1.15958,0.000140000000000029
2025-11-27 15:00:00+00:00,4259,1.1595,1.15996,1.15922,1.15942,1.15934,1.15949,0.00014999999999987246
2025-11-27 16:00:00+00:00,2448,1.15943,1.16004,1.15924,1.15994,1.15987,1.16002,0.0001500000000000945
2025-11-27 17:00:00+00:00,1787,1.15996,1.16016,1.15918,1.15951,1.15942,1.1596,0.000180000000000069
2025-11-27 18:00:00+00:00,1090,1.15952,1.15956,1.15913,1.1592,1.15913,1.15927,0.000140000000000029
2025-11-27 19:00:00+00:00,953,1.1592,1.15962,1.1592,1.15954,1.15947,1.15961,0.000140000000000029
2025-11-27 20:00:00+00:00,1394,1.15953,1.15966,1.15943,1.1595,1.15943,1.15958,0.0001500000000000945
2025-11-27 21:00:00+00:00,751,1.15951,1.15972,1.15951,1.1596,1.1595,1.15969,0.0001900000000001345
2025-11-27 22:00:00+00:00,756,1.15962,1.15973,1.15951,1.15959,1.15946,1.15972,0.000260000000000149
2025-11-27 23:00:00+00:00,1023,1.1596,1.16016,1.1596,1.15996,1.15988,1.16005,0.00017000000000000348
2025-11-28 00:00:00+00:00,4332,1.15996,1.1602,1.15921,1.15942,1.15933,1.1595,0.00017000000000000348
2025-11-28 01:00:00+00:00,4464,1.15942,1.15987,1.15817,1.15833,1.15825,1.15841,0.00015999999999993797
2025-11-28 02:00:00+00:00,8056,1.15834,1.1588,1.15816,1.15841,1.15831,1.15851,0.00019999999999997797
2025-11-28 03:00:00+00:00,8686,1.15842,1.1591,1.15826,1.15872,1.15862,1.15883,0.00021000000000004349
2025-11-28 04:00:00+00:00,4685,1.15872,1.15918,1.1586,1.15895,1.15885,1.15905,0.00019999999999997797
2025-11-28 05:00:00+00:00,12121,1.15893,1.15938,1.15823,1.15895,1.15879,1.15911,0.000320000000000098
2025-11-28 06:00:00+00:00,13573,1.15894,1.15903,1.15815,1.15844,1.1583,1.15859,0.00028999999999990145
2025-11-28 07:00:00+00:00,13509,1.15845,1.15907,1.15773,1.15796,1.15787,1.15804,0.00017000000000000348
2025-11-28 08:00:00+00:00,13000,1.15795,1.15824,1.15666,1.15704,1.1569,1.15719,0.00028999999999990145
2025-11-28 09:00:00+00:00,19634,1.15706,1.158,1.15666,1.15688,1.15672,1.15705,0.00032999999999994145
2025-11-28 10:00:00+00:00,8782,1.15688,1.1571,1.15553,1.15592,1.15581,1.15603,0.00021999999999988695
2025-11-28 11:00:00+00:00,9032,1.1559,1.1569,1.15557,1.15679,1.15667,1.15691,0.00024000000000001798
2025-11-28 12:00:00+00:00,10449,1.1568,1.15728,1.15616,1.15664,1.15655,1.15673,0.000180000000000069
2025-11-28 13:00:00+00:00,18683,1.15666,1.15787,1.15628,1.15748,1.1574,1.15756,0.00015999999999993797
2025-11-28 14:00:00+00:00,8537,1.15748,1.15852,1.15712,1.15846,1.15837,1.15854,0.00017000000000000348
2025-11-28 15:00:00+00:00,12622,1.15844,1.16076,1.15795,1.16074,1.16067,1.16082,0.00014999999999987246
2025-11-28 16:00:00+00:00,10136,1.16075,1.16075,1.15927,1.15992,1.15983,1.16,0.00017000000000000348
2025-11-28 17:00:00+00:00,4981,1.1599,1.16045,1.15934,1.16028,1.1602,1.16036,0.00016000000000016001
2025-11-28 18:00:00+00:00,4116,1.16028,1.16046,1.15959,1.16016,1.16007,1.16025,0.000180000000000069
2025-11-28 19:00:00+00:00,3207,1.16016,1.16039,1.16006,1.16023,1.16015,1.16031,0.00015999999999993797
2025-11-28 20:00:00+00:00,2852,1.16025,1.16044,1.16006,1.16008,1.16,1.16017,0.00017000000000000348
2025-11-28 21:00:00+00:00,1853,1.16007,1.16029,1.15957,1.15985,1.15942,1.16028,0.0008600000000000829
2025-11-30 22:00:00+00:00,1963,1.15938,1.16002,1.15927,1.15991,1.15971,1.16011,0.00039999999999995595
2025-11-30 23:00:00+00:00,2645,1.15989,1.16078,1.1596,1.16012,1.16004,1.16019,0.0001500000000000945
2025-12-01 00:00:00+00:00,5638,1.16012,1.16072,1.15978,1.16032,1.16024,1.1604,0.00016000000000016001
2025-12-01 01:00:00+00:00,9125,1.1603,1.1616,1.16004,1.16052,1.16044,1.16061,0.00017000000000000348
2025-12-01 02:00:00+00:00,5125,1.16052,1.16058,1.15928,1.1595,1.15943,1.15958,0.0001500000000000945
2025-12-01 03:00:00+00:00,3107,1.1595,1.15976,1.15894,1.15968,1.15961,1.15976,0.00014999999999987246
2025-12-01 04:00:00+00:00,3044,1.1597,1.16026,1.15946,1.15986,1.15978,1.15995,0.00017000000000000348
2025-12-01 05:00:00+00:00,3905,1.15986,1.16014,1.15948,1.1598,1.15971,1.15989,0.000180000000000069
2025-12-01 06:00:00+00:00,5295,1.15978,1.15991,1.15904,1.15963,1.15955,1.15971,0.00015999999999993797
2025-12-01 07:00:00+00:00,6538,1.15964,1.1613,1.15956,1.1607,1.16062,1.16079,0.00017000000000000348
2025-12-01 08:00:00+00:00,9352,1.1607,1.1622,1.1604,1.16136,1.16127,1.16144,0.00017000000000000348
2025-12-01 09:00:00+00:00,7587,1.16135,1.16236,1.16134,1.16222,1.16215,1.1623,0.0001500000000000945
2025-12-01 10:00:00+00:00,6140,1.16224,1.16284,1.1619,1.16276,1.16268,1.16284,0.00016000000000016001
2025-12-01 11:00:00+00:00,5200,1.16274,1.16323,1.16242,1.16278,1.1627,1.16286,0.00015999999999993797
2025-12-01 12:00:00+00:00,7136,1.1628,1.1649,1.16266,1.16488,1.1648,1.16495,0.00014999999999987246
2025-12-01 13:00:00+00:00,9179,1.16488,1.16526,1.16395,1.16449,1.16441,1.16457,0.00016000000000016001
2025-12-01 14:00:00+00:00,11011,1.16448,1.16452,1.16302,1.16322,1.1631,1.16335,0.0002500000000000835
2025-12-01 15:00:00+00:00,11877,1.1634,1.16406,1.16226,1.1629,1.16282,1.16298,0.00015999999999993797
2025-12-01 16:00:00+00:00,7362,1.16292,1.16344,1.1621,1.16228,1.16221,1.16235,0.000140000000000029
2025-12-01 17:00:00+00:00,4958,1.16228,1.16289,1.16178,1.16207,1.16199,1.16215,0.00015999999999993797
2025-12-01 18:00:00+00:00,5439,1.16208,1.16236,1.16118,1.1612,1.16112,1.16128,0.00016000000000016001
2025-12-01 19:00:00+00:00,4122,1.16118,1.16124,1.16072,1.16085,1.16077,1.16093,0.00015999999999993797
2025-12-01 20:00:00+00:00,2699,1.16084,1.16101,1.16066,1.16096,1.16088,1.16103,0.0001500000000000945
2025-12-01 21:00:00+00:00,1314,1.16096,1.1611,1.1608,1.16092,1.16083,1.16102,0.00018999999999991246
2025-12-01 22:00:00+00:00,148,1.16104,1.16105,1.1608,1.16089,1.16079,1.16099,0.00019999999999997797
2025-12-01 23:00:00+00:00,645,1.16089,1.16102,1.16068,1.16068,1.16059,1.16076,0.00017000000000000348
2025-12-02 00:00:00+00:00,2424,1.16069,1.16096,1.1604,1.16058,1.1605,1.16066,0.00015999999999993797
2025-12-02 01:00:00+00:00,3547,1.16058,1.16112,1.16038,1.16092,1.16083,1.16101,0.000180000000000069
2025-12-02 02:00:00+00:00,1970,1.16092,1.16119,1.16088,1.16119,1.16111,1.16127,0.00015999999999993797
2025-12-02 03:00:00+00:00,2249,1.1612,1.16128,1.16088,1.16122,1.16113,1.1613,0.00017000000000000348
2025-12-02 04:00:00+00:00,1841,1.16121,1.16142,1.16089,1.16089,1.16081,1.16097,0.00016000000000016001
2025-12-02 05:00:00+00:00,1813,1.16088,1.16112,1.16072,1.161,1.16092,1.16108,0.00015999999999993797
2025-12-02 06:00:00+00:00,2618,1.161,1.16112,1.16049,1.16098,1.16089,1.16106,0.00017000000000000348
2025-12-02 07:00:00+00:00,5014,1.16097,1.16164,1.16088,1.16127,1.16119,1.16135,0.00016000000000016001
2025-12-02 08:00:00+00:00,5787,1.16128,1.16163,1.1609,1.16107,1.16099,1.16115,0.00015999999999993797
2025-12-02 09:00:00+00:00,5506,1.16106,1.16142,1.16024,1.16102,1.16093,1.16111,0.000180000000000069
2025-12-02 10:00:00+00:00,6307,1.16103,1.16124,1.15984,1.16066,1.16059,1.16074,0.0001500000000000945
2025-12-02 11:00:00+00:00,4487,1.16068,1.1613,1.16036,1.16119,1.16111,1.16127,0.00015999999999993797
2025-12-02 12:00:00+00:00,5167,1.16118,1.16195,1.16074,1.16177,1.16169,1.16185,0.00016000000000016001
2025-12-02 13:00:00+00:00,6257,1.16178,1.16196,1.16112,1.16176,1.16169,1.16184,0.0001500000000000945
2025-12-02 14:00:00+00:00,9353,1.16176,1.16233,1.16132,1.16176,1.16169,1.16184,0.0001500000000000945
2025-12-02 15:00:00+00:00,11512,1.16177,1.16186,1.15934,1.16062,1.16055,1.16069,0.000140000000000029
2025-12-02 16:00:00+00:00,8542,1.16062,1.16098,1.15912,1.15954,1.15946,1.15962,0.00016000000000016001
2025-12-02 17:00:00+00:00,5852,1.15954,1.16078,1.1593,1.16072,1.16065,1.1608,0.0001500000000000945
2025-12-02 18:00:00+00:00,4197,1.16072,1.16134,1.16056,1.16087,1.16078,1.16096,0.000180000000000069
2025-12-02 19:00:00+00:00,4338,1.16088,1.1625,1.16087,1.16208,1.162,1.16216,0.00016000000000016001
2025-12-02 20:00:00+00:00,3669,1.16206,1.1626,1.16198,1.16246,1.16237,1.16254,0.00017000000000000348
2025-12-02 21:00:00+00:00,1635,1.16246,1.1626,1.16211,1.16254,1.16246,1.16263,0.00017000000000000348
2025-12-02 22:00:00+00:00,524,1.16242,1.16252,1.16211,1.1624,1.16225,1.16255,0.00029999999999996696
2025-12-02 23:00:00+00:00,1019,1.16246,1.16291,1.16246,1.16282,1.16274,1.1629,0.00015999999999993797
2025-12-03 00:00:00+00:00,3285,1.16284,1.16333,1.1628,1.16308,1.16301,1.16316,0.00014999999999987246
2025-12-03 01:00:00+00:00,3527,1.16309,1.16376,1.16306,1.16368,1.1636,1.16377,0.00017000000000000348
2025-12-03 02:00:00+00:00,2783,1.16369,1.16388,1.16354,1.16382,1.16373,1.1639,0.00017000000000000348
2025-12-03 03:00:00+00:00,2341,1.1638,1.1639,1.1637,1.16378,1.1637,1.16386,0.00015999999999993797
2025-12-03 04:00:00+00:00,2000,1.16378,1.16422,1.16362,1.16412,1.16404,1.16421,0.00017000000000000348
2025-12-03 05:00:00+00:00,2735,1.16413,1.16438,1.1641,1.16427,1.16419,1.16435,0.00015999999999993797
2025-12-03 06:00:00+00:00,3414,1.16428,1.16479,1.16416,1.1643,1.16421,1.16438,0.00017000000000000348
2025-12-03 07:00:00+00:00,6297,1.1643,1.16528,1.16395,1.16414,1.16406,1.16422,0.00015999999999993797
2025-12-03 08:00:00+00:00,6612,1.16416,1.16458,1.16358,1.16441,1.16433,1.16449,0.00015999999999993797
2025-12-03 09:00:00+00:00,6710,1.16442,1.1648,1.164,1.16456,1.16448,1.16464,0.00015999999999993797
2025-12-03 10:00:00+00:00,6441,1.16458,1.16638,1.1645,1.16606,1.16597,1.16614,0.00017000000000000348
2025-12-03 11:00:00+00:00,4816,1.16606,1.1666,1.1655,1.16656,1.16648,1.16664,0.00015999999999993797
2025-12-03 12:00:00+00:00,5281,1.16656,1.16694,1.16623,1.1663,1.16622,1.16638,0.00015999999999993797
2025-12-03 13:00:00+00:00,9519,1.1663,1.16755,1.16618,1.16664,1.16656,1.16672,0.00015999999999993797
2025-12-03 14:00:00+00:00,10040,1.16664,1.1667,1.16557,1.16624,1.1661,1.16638,0.000280000000000058
2025-12-03 15:00:00+00:00,13927,1.16611,1.16682,1.16546,1.16597,1.1659,1.16604,0.000140000000000029
2025-12-03 16:00:00+00:00,8223,1.16596,1.16664,1.16584,1.16594,1.16586,1.16602,0.00016000000000016001
2025-12-03 17:00:00+00:00,5248,1.16596,1.16709,1.16576,1.16686,1.16678,1.16695,0.00017000000000000348
2025-12-03 18:00:00+00:00,4972,1.16687,1.16756,1.16684,1.16718,1.1671,1.16727,0.00017000000000000348
2025-12-03 19:00:00+00:00,2970,1.16719,1.16778,1.16712,1.16728,1.1672,1.16736,0.00015999999999993797
2025-12-03 20:00:00+00:00,2851,1.16726,1.1673,1.16652,1.16656,1.16648,1.16664,0.00015999999999993797
2025-12-03 21:00:00+00:00,1694,1.16656,1.16718,1.16643,1.16714,1.16705,1.16722,0.00017000000000000348
2025-12-03 22:00:00+00:00,654,1.16716,1.16754,1.16712,1.16714,1.16701,1.16726,0.00024999999999986144
2025-12-03 23:00:00+00:00,1153,1.16713,1.16724,1.16636,1.16664,1.16656,1.16672,0.00015999999999993797
2025-12-04 00:00:00+00:00,3260,1.16664,1.16675,1.16595,1.1663,1.16622,1.16638,0.00015999999999993797
2025-12-04 01:00:00+00:00,3720,1.16629,1.16648,1.16589,1.16633,1.16624,1.16642,0.000180000000000069
2025-12-04 02:00:00+00:00,3003,1.16634,1.1664,1.1659,1.16602,1.16594,1.16611,0.00017000000000000348
2025-12-04 03:00:00+00:00,3350,1.16602,1.16603,1.16534,1.16559,1.16551,1.16567,0.00015999999999993797
2025-12-04 04:00:00+00:00,2622,1.16558,1.16585,1.16554,1.16574,1.16566,1.16582,0.00016000000000016001
2025-12-04 05:00:00+00:00,3837,1.16574,1.16624,1.16564,1.16598,1.1659,1.16606,0.00016000000000016001
2025-12-04 06:00:00+00:00,3715,1.166,1.166,1.16531,1.1658,1.16573,1.16588,0.0001500000000000945
2025-12-04 07:00:00+00:00,4855,1.1658,1.16656,1.16552,1.16656,1.16648,1.16663,0.0001500000000000945
2025-12-04 08:00:00+00:00,8677,1.16655,1.1682,1.16635,1.16768,1.1676,1.16776,0.00015999999999993797
2025-12-04 09:00:00+00:00,7087,1.16768,1.16804,1.16735,1.16777,1.16769,1.16785,0.00016000000000016001
2025-12-04 10:00:00+00:00,5711,1.16778,1.16798,1.16636,1.16666,1.16657,1.16675,0.00017999999999984695
2025-12-04 11:00:00+00:00,5920,1.16665,1.16808,1.16652,1.16802,1.16794,1.1681,0.00015999999999993797
2025-12-04 12:00:00+00:00,6195,1.16802,1.1681,1.16654,1.16702,1.16694,1.16711,0.00017000000000000348
2025-12-04 13:00:00+00:00,10629,1.16702,1.16714,1.1652,1.16648,1.1664,1.16656,0.00015999999999993797
2025-12-04 14:00:00+00:00,10295,1.1665,1.16771,1.16643,1.16699,1.16692,1.16706,0.000140000000000029
2025-12-04 15:00:00+00:00,9001,1.16697,1.16748,1.16582,1.16734,1.16726,1.16742,0.00015999999999993797
2025-12-04 16:00:00+00:00,6704,1.16734,1.16736,1.16535,1.16588,1.1658,1.16595,0.0001500000000000945
2025-12-04 17:00:00+00:00,4079,1.16589,1.16598,1.16531,1.16562,1.16554,1.1657,0.00015999999999993797
2025-12-04 18:00:00+00:00,3876,1.16562,1.16599,1.16538,1.16544,1.16536,1.16552,0.00015999999999993797
2025-12-04 19:00:00+00:00,4745,1.16542,1.16556,1.16503,1.16526,1.16519,1.16534,0.0001500000000000945
2025-12-04 20:00:00+00:00,4173,1.16525,1.16525,1.1641,1.16442,1.16435,1.1645,0.0001500000000000945
2025-12-04 21:00:00+00:00,1564,1.16442,1.1646,1.1641,1.16449,1.1644,1.16458,0.00017999999999984695
2025-12-04 22:00:00+00:00,423,1.16464,1.16464,1.16444,1.16446,1.16436,1.16456,0.00019999999999997797
2025-12-04 23:00:00+00:00,1082,1.16446,1.16446,1.16412,1.16434,1.16425,1.16442,0.00017000000000000348
2025-12-05 00:00:00+00:00,2883,1.16434,1.16504,1.16434,1.165,1.16492,1.16507,0.0001500000000000945
2025-12-05 01:00:00+00:00,3101,1.16499,1.16538,1.16498,1.16536,1.16529,1.16544,0.0001500000000000945
2025-12-05 02:00:00+00:00,2284,1.16537,1.16545,1.16512,1.16518,1.1651,1.16527,0.00017000000000000348
2025-12-05 03:00:00+00:00,1691,1.1652,1.1652,1.16466,1.1649,1.16481,1.16498,0.00017000000000000348
2025-12-05 04:00:00+00:00,2394,1.1649,1.16543,1.16488,1.16536,1.16527,1.16544,0.00017000000000000348
2025-12-05 05:00:00+00:00,3286,1.16535,1.16592,1.16533,1.16592,1.16584,1.16601,0.00017000000000000348
2025-12-05 06:00:00+00:00,2917,1.16592,1.16616,1.16554,1.16594,1.16586,1.16602,0.00016000000000016001
2025-12-05 07:00:00+00:00,6091,1.16594,1.16718,1.16586,1.1663,1.16623,1.16637,0.00013999999999980695
2025-12-05 08:00:00+00:00,7504,1.1663,1.16642,1.16524,1.16538,1.16531,1.16546,0.00014999999999987246
2025-12-05 09:00:00+00:00,5503,1.16538,1.16554,1.16483,1.16545,1.16537,1.16553,0.00015999999999993797
2025-12-05 10:00:00+00:00,4744,1.16546,1.1657,1.16478,1.16511,1.16503,1.16519,0.00015999999999993797
2025-12-05 11:00:00+00:00,4847,1.1651,1.16524,1.16416,1.16464,1.16456,1.16472,0.00015999999999993797
2025-12-05 12:00:00+00:00,5691,1.16464,1.16534,1.16437,1.16518,1.1651,1.16525,0.00014999999999987246
2025-12-05 13:00:00+00:00,7213,1.16517,1.1654,1.16436,1.16518,1.1651,1.16525,0.00014999999999987246
2025-12-05 14:00:00+00:00,9743,1.16518,1.16602,1.16456,1.165,1.1649,1.16509,0.00018999999999991246
2025-12-05 15:00:00+00:00,11427,1.16498,1.1659,1.16438,1.16482,1.16474,1.16489,0.00014999999999987246
2025-12-05 16:00:00+00:00,9915,1.16482,1.16491,1.1628,1.16343,1.16335,1.16351,0.00015999999999993797
2025-12-05 17:00:00+00:00,5583,1.16342,1.16442,1.16325,1.16442,1.16433,1.1645,0.00017000000000000348
2025-12-05 18:00:00+00:00,4530,1.16443,1.16486,1.1642,1.16428,1.16421,1.16435,0.000140000000000029
2025-12-05 19:00:00+00:00,3368,1.16429,1.16441,1.164,1.16432,1.16424,1.16439,0.0001500000000000945
2025-12-05 20:00:00+00:00,2356,1.16428,1.16446,1.16399,1.16441,1.16433,1.16449,0.00015999999999993797
2025-12-05 21:00:00+00:00,1575,1.16442,1.16472,1.16404,1.16438,1.16427,1.16449,0.000220000000000109
2025-12-07 22:00:00+00:00,668,1.16401,1.16463,1.16396,1.16457,1.16436,1.16478,0.0004199999999998649
2025-12-07 23:00:00+00:00,2740,1.1647,1.16471,1.16395,1.16406,1.16396,1.16415,0.00018999999999991246
2025-12-08 00:00:00+00:00,4322,1.16408,1.16516,1.16396,1.16512,1.16503,1.1652,0.00017000000000000348
2025-12-08 01:00:00+00:00,5410,1.16511,1.16532,1.16456,1.16518,1.1651,1.16526,0.00015999999999993797
2025-12-08 02:00:00+00:00,3958,1.16518,1.16543,1.16488,1.16538,1.1653,1.16546,0.00015999999999993797
2025-12-08 03:00:00+00:00,2822,1.16538,1.16555,1.16498,1.16502,1.16493,1.1651,0.00017000000000000348
2025-12-08 04:00:00+00:00,2428,1.16502,1.16556,1.16497,1.16545,1.16537,1.16553,0.00015999999999993797
2025-12-08 05:00:00+00:00,2800,1.16546,1.16564,1.16526,1.16562,1.16554,1.1657,0.00015999999999993797
2025-12-08 06:00:00+00:00,5992,1.16562,1.16722,1.16562,1.16608,1.166,1.16617,0.00017000000000000348
2025-12-08 07:00:00+00:00,5762,1.1661,1.1668,1.1655,1.16582,1.16573,1.16591,0.000180000000000069
2025-12-08 08:00:00+00:00,6604,1.16582,1.16625,1.16482,1.16561,1.16553,1.16569,0.00015999999999993797
2025-12-08 09:00:00+00:00,6285,1.1656,1.16576,1.16479,1.16488,1.1648,1.16496,0.00015999999999993797
2025-12-08 10:00:00+00:00,5466,1.16486,1.16557,1.16478,1.16509,1.16501,1.16517,0.00015999999999993797
2025-12-08 11:00:00+00:00,5657,1.16508,1.16536,1.16468,1.16502,1.16494,1.16511,0.00017000000000000348
2025-12-08 12:00:00+00:00,5996,1.16502,1.16539,1.16476,1.16533,1.16525,1.16541,0.00016000000000016001
2025-12-08 13:00:00+00:00,7217,1.16534,1.16576,1.16456,1.16484,1.16476,1.16492,0.00015999999999993797
2025-12-08 14:00:00+00:00,10181,1.16484,1.16548,1.16378,1.16402,1.16394,1.16411,0.00017000000000000348
2025-12-08 15:00:00+00:00,10366,1.16402,1.16402,1.16172,1.16251,1.16244,1.16258,0.000140000000000029
2025-12-08 16:00:00+00:00,7562,1.16251,1.16288,1.16165,1.16248,1.1624,1.16257,0.00017000000000000348
2025-12-08 17:00:00+00:00,6232,1.16251,1.16392,1.162,1.16392,1.16383,1.164,0.00017000000000000348
2025-12-08 18:00:00+00:00,4661,1.16392,1.16422,1.16344,1.16373,1.16365,1.16381,0.00015999999999993797
2025-12-08 19:00:00+00:00,4014,1.16372,1.16418,1.16364,1.16394,1.16386,1.16402,0.00016000000000016001
2025-12-08 20:00:00+00:00,2682,1.16394,1.1642,1.16374,1.16381,1.16373,1.16389,0.00016000000000016001
2025-12-08 21:00:00+00:00,1706,1.16382,1.16388,1.16352,1.1637,1.1636,1.16379,0.0001900000000001345
2025-12-08 22:00:00+00:00,1813,1.16352,1.16381,1.16352,1.16362,1.16346,1.16378,0.000320000000000098
2025-12-08 23:00:00+00:00,1066,1.16362,1.1641,1.16358,1.1641,1.16401,1.16418,0.00017000000000000348
2025-12-09 00:00:00+00:00,2595,1.16408,1.1643,1.16369,1.16386,1.16379,1.16394,0.00014999999999987246
2025-12-09 01:00:00+00:00,3678,1.16386,1.16476,1.1636,1.16472,1.16464,1.16481,0.00017000000000000348
2025-12-09 02:00:00+00:00,2517,1.16471,1.16484,1.16438,1.16458,1.16449,1.16466,0.00017000000000000348
2025-12-09 03:00:00+00:00,2686,1.16459,1.16488,1.16438,1.16456,1.16449,1.16464,0.00014999999999987246
2025-12-09 04:00:00+00:00,2486,1.16456,1.16472,1.16438,1.16468,1.1646,1.16476,0.00015999999999993797
2025-12-09 05:00:00+00:00,2525,1.1647,1.16506,1.16441,1.1649,1.16481,1.16498,0.00017000000000000348
2025-12-09 06:00:00+00:00,3731,1.16486,1.16491,1.1642,1.16438,1.16431,1.16446,0.0001500000000000945
2025-12-09 07:00:00+00:00,4893,1.1644,1.16462,1.16382,1.16398,1.1639,1.16407,0.00017000000000000348
2025-12-09 08:00:00+00:00,6326,1.16399,1.16498,1.16337,1.1645,1.16441,1.16458,0.00017000000000000348
2025-12-09 09:00:00+00:00,6116,1.16448,1.16573,1.16436,1.16524,1.16516,1.16532,0.00015999999999993797
2025-12-09 10:00:00+00:00,5009,1.16524,1.16543,1.16404,1.16447,1.1644,1.16454,0.00013999999999980695
2025-12-09 11:00:00+00:00,5583,1.16448,1.16478,1.16381,1.16436,1.16427,1.16444,0.00017000000000000348
2025-12-09 12:00:00+00:00,5222,1.16436,1.16444,1.16343,1.16377,1.16369,1.16385,0.00016000000000016001
2025-12-09 13:00:00+00:00,7837,1.16378,1.164,1.1629,1.16346,1.16338,1.16353,0.00014999999999987246
2025-12-09 14:00:00+00:00,10328,1.16346,1.16388,1.16282,1.16376,1.16365,1.16387,0.00021999999999988695
2025-12-09 15:00:00+00:00,13522,1.16376,1.16379,1.16151,1.16287,1.1628,1.16294,0.000140000000000029
2025-12-09 16:00:00+00:00,5878,1.16289,1.16412,1.16288,1.16382,1.16374,1.1639,0.00015999999999993797
2025-12-09 17:00:00+00:00,4864,1.16382,1.16397,1.1622,1.16242,1.16234,1.16249,0.0001500000000000945
2025-12-09 18:00:00+00:00,3924,1.1624,1.16249,1.16169,1.16243,1.16236,1.1625,0.000140000000000029
2025-12-09 19:00:00+00:00,3233,1.16244,1.163,1.1622,1.16287,1.1628,1.16294,0.000140000000000029
2025-12-09 20:00:00+00:00,2608,1.16288,1.16322,1.16265,1.16268,1.16261,1.16276,0.0001500000000000945
2025-12-09 21:00:00+00:00,1545,1.16268,1.16294,1.16236,1.16266,1.16258,1.16275,0.00017000000000000348
2025-12-09 22:00:00+00:00,969,1.16275,1.16296,1.1626,1.16268,1.16251,1.16285,0.00034000000000000696
2025-12-09 23:00:00+00:00,938,1.16266,1.16288,1.16246,1.16279,1.1627,1.16288,0.00017999999999984695
2025-12-10 00:00:00+00:00,2921,1.1628,1.16289,1.16244,1.16262,1.16253,1.1627,0.00017000000000000348
2025-12-10 01:00:00+00:00,2993,1.16263,1.16288,1.16224,1.16238,1.1623,1.16247,0.00016999999999978144
2025-12-10 02:00:00+00:00,2525,1.16237,1.16285,1.16232,1.16238,1.1623,1.16247,0.00016999999999978144
2025-12-10 03:00:00+00:00,2429,1.16238,1.16274,1.16216,1.16266,1.16258,1.16274,0.00016000000000016001
2025-12-10 04:00:00+00:00,2017,1.16266,1.16291,1.16251,1.16274,1.16266,1.16283,0.00017000000000000348
2025-12-10 05:00:00+00:00,2072,1.16273,1.1631,1.16265,1.163,1.16291,1.16308,0.00016999999999978144
2025-12-10 06:00:00+00:00,2956,1.16298,1.16356,1.16286,1.16354,1.16347,1.16362,0.0001500000000000945
2025-12-10 07:00:00+00:00,5791,1.16354,1.16494,1.16344,1.16483,1.16475,1.16491,0.00015999999999993797
2025-12-10 08:00:00+00:00,6981,1.16482,1.16578,1.16436,1.16526,1.16518,1.16533,0.00014999999999987246
2025-12-10 09:00:00+00:00,5673,1.16528,1.1653,1.16356,1.16365,1.16357,1.16373,0.00015999999999993797
2025-12-10 10:00:00+00:00,5553,1.16364,1.16395,1.16276,1.16343,1.16335,1.16351,0.00015999999999993797
2025-12-10 11:00:00+00:00,4853,1.16346,1.16384,1.163,1.16352,1.16343,1.1636,0.00017000000000000348
2025-12-10 12:00:00+00:00,4270,1.16352,1.16424,1.16329,1.16394,1.16385,1.16402,0.00017000000000000348
2025-12-10 13:00:00+00:00,6351,1.16395,1.16418,1.16276,1.16402,1.16394,1.1641,0.00015999999999993797
2025-12-10 14:00:00+00:00,8018,1.16402,1.16452,1.16338,1.16434,1.16425,1.16442,0.00017000000000000348
2025-12-10 15:00:00+00:00,7843,1.16432,1.16514,1.16347,1.16421,1.16414,1.16428,0.000140000000000029
2025-12-10 16:00:00+00:00,5417,1.1642,1.165,1.16374,1.165,1.16493,1.16508,0.00014999999999987246
2025-12-10 17:00:00+00:00,4599,1.165,1.16604,1.16458,1.16588,1.1658,1.16595,0.0001500000000000945
2025-12-10 18:00:00+00:00,3743,1.16587,1.1661,1.16536,1.16561,1.16547,1.16575,0.000280000000000058
2025-12-10 19:00:00+00:00,34556,1.16563,1.16812,1.1647,1.16782,1.16773,1.16791,0.000180000000000069
2025-12-10 20:00:00+00:00,14634,1.16782,1.16998,1.16738,1.16941,1.16933,1.16949,0.00015999999999993797
2025-12-10 21:00:00+00:00,2924,1.16942,1.1696,1.16896,1.16958,1.16949,1.16967,0.000180000000000069
2025-12-10 22:00:00+00:00,2596,1.16928,1.16966,1.16898,1.16953,1.16944,1.16962,0.000180000000000069
2025-12-10 23:00:00+00:00,1453,1.16955,1.17028,1.1695,1.17016,1.17008,1.17024,0.00015999999999993797
2025-12-11 00:00:00+00:00,4232,1.17016,1.1705,1.16972,1.17022,1.17014,1.1703,0.00015999999999993797
2025-12-11 01:00:00+00:00,4600,1.17022,1.17074,1.17004,1.17017,1.17009,1.17025,0.00015999999999993797
2025-12-11 02:00:00+00:00,3984,1.17018,1.17062,1.16933,1.16939,1.16931,1.16947,0.00015999999999993797
2025-12-11 03:00:00+00:00,3291,1.16938,1.16976,1.16902,1.1691,1.16901,1.16918,0.00017000000000000348
2025-12-11 04:00:00+00:00,2537,1.16908,1.16917,1.16855,1.16903,1.16896,1.1691,0.000140000000000029
2025-12-11 05:00:00+00:00,2435,1.16902,1.16922,1.16846,1.16854,1.16846,1.16862,0.00015999999999993797
2025-12-11 06:00:00+00:00,3025,1.16854,1.16898,1.16823,1.1689,1.16883,1.16897,0.000140000000000029
2025-12-11 07:00:00+00:00,5150,1.16892,1.1701,1.16874,1.16936,1.16929,1.16943,0.000140000000000029
2025-12-11 08:00:00+00:00,7039,1.16938,1.17066,1.16936,1.16972,1.16965,1.1698,0.00014999999999987246
2025-12-11 09:00:00+00:00,6748,1.16972,1.17034,1.16873,1.17022,1.17014,1.1703,0.00015999999999993797
2025-12-11 10:00:00+00:00,4860,1.17022,1.17078,1.16989,1.17072,1.17064,1.17079,0.0001500000000000945
2025-12-11 11:00:00+00:00,4748,1.17072,1.17178,1.17062,1.17132,1.17124,1.17139,0.00014999999999987246
2025-12-11 12:00:00+00:00,5468,1.1713,1.17193,1.17098,1.1717,1.17162,1.17178,0.00015999999999993797
2025-12-11 13:00:00+00:00,10177,1.1717,1.17364,1.17133,1.17311,1.17303,1.17319,0.00015999999999993797
2025-12-11 14:00:00+00:00,9714,1.1731,1.17485,1.17303,1.17376,1.17368,1.17385,0.00017000000000000348
2025-12-11 15:00:00+00:00,9257,1.17378,1.17571,1.17316,1.17564,1.17557,1.17571,0.000140000000000029
2025-12-11 16:00:00+00:00,7619,1.17564,1.17595,1.17462,1.17554,1.17546,1.17561,0.0001500000000000945
2025-12-11 17:00:00+00:00,5828,1.17552,1.17628,1.17498,1.17552,1.17544,1.17561,0.00017000000000000348
2025-12-11 18:00:00+00:00,4129,1.17552,1.17594,1.17511,1.17536,1.17529,1.17544,0.0001500000000000945
2025-12-11 19:00:00+00:00,3986,1.17537,1.17538,1.17405,1.17412,1.17403,1.1742,0.00017000000000000348
2025-12-11 20:00:00+00:00,3952,1.1741,1.17458,1.17365,1.1741,1.17403,1.17417,0.000140000000000029
2025-12-11 21:00:00+00:00,2140,1.17408,1.17434,1.17372,1.17384,1.17375,1.17393,0.00017999999999984695
2025-12-11 22:00:00+00:00,1225,1.17388,1.17402,1.17385,1.17389,1.17378,1.174,0.00021999999999988695
2025-12-11 23:00:00+00:00,1109,1.17388,1.17418,1.17372,1.17409,1.17401,1.17417,0.00015999999999993797
2025-12-12 00:00:00+00:00,4090,1.1741,1.17446,1.17392,1.17405,1.17397,1.17413,0.00015999999999993797
2025-12-12 01:00:00+00:00,3913,1.17406,1.17462,1.17325,1.17349,1.17341,1.17357,0.00015999999999993797
2025-12-12 02:00:00+00:00,2914,1.17348,1.17378,1.17312,1.17362,1.17353,1.1737,0.00017000000000000348
2025-12-12 03:00:00+00:00,2416,1.17362,1.17376,1.17332,1.17344,1.17336,1.17352,0.00015999999999993797
2025-12-12 04:00:00+00:00,2335,1.17344,1.17356,1.17312,1.17318,1.1731,1.17326,0.00015999999999993797
2025-12-12 05:00:00+00:00,2176,1.17317,1.17394,1.17316,1.17386,1.17378,1.17393,0.00014999999999987246
2025-12-12 06:00:00+00:00,3448,1.17386,1.1742,1.1734,1.17391,1.17382,1.174,0.00017999999999984695
2025-12-12 07:00:00+00:00,5315,1.17389,1.17434,1.17358,1.1738,1.17371,1.17388,0.00017000000000000348
2025-12-12 08:00:00+00:00,6906,1.17379,1.17422,1.17282,1.17282,1.17274,1.17291,0.00017000000000000348
2025-12-12 09:00:00+00:00,5293,1.17281,1.17348,1.1727,1.17328,1.1732,1.17337,0.00017000000000000348
2025-12-12 10:00:00+00:00,4965,1.17328,1.17334,1.17245,1.17274,1.17265,1.17282,0.00017000000000000348
2025-12-12 11:00:00+00:00,3305,1.17274,1.17292,1.17223,1.17268,1.1726,1.17276,0.00015999999999993797
2025-12-12 12:00:00+00:00,3939,1.17266,1.1728,1.17196,1.1725,1.17242,1.17258,0.00015999999999993797
2025-12-12 13:00:00+00:00,5804,1.1725,1.17352,1.1724,1.17272,1.17265,1.1728,0.0001500000000000945
2025-12-12 14:00:00+00:00,7971,1.17272,1.17436,1.17232,1.17422,1.17415,1.17429,0.000140000000000029
2025-12-12 15:00:00+00:00,8255,1.1742,1.17451,1.17296,1.17382,1.17375,1.17389,0.000140000000000029
2025-12-12 16:00:00+00:00,7144,1.17381,1.17434,1.17262,1.17312,1.17304,1.1732,0.00015999999999993797
2025-12-12 17:00:00+00:00,4828,1.17312,1.17482,1.17302,1.17478,1.1747,1.17486,0.00015999999999993797
2025-12-12 18:00:00+00:00,4290,1.17478,1.17498,1.17405,1.17416,1.17409,1.17423,0.000140000000000029
2025-12-12 19:00:00+00:00,3794,1.17415,1.17415,1.17354,1.17405,1.17397,1.17413,0.00015999999999993797
2025-12-12 20:00:00+00:00,3785,1.17402,1.17466,1.1737,1.17392,1.17384,1.174,0.00015999999999993797
2025-12-12 21:00:00+00:00,2021,1.17392,1.17453,1.17384,1.17401,1.17388,1.17414,0.00025999999999992696
2025-12-14 22:00:00+00:00,1150,1.1733,1.17391,1.1733,1.17376,1.17353,1.174,0.00046999999999997044
2025-12-14 23:00:00+00:00,1246,1.17376,1.17409,1.17356,1.17372,1.17364,1.17379,0.00014999999999987246
2025-12-15 00:00:00+00:00,2950,1.17372,1.17374,1.17286,1.17334,1.17326,1.17341,0.0001500000000000945
2025-12-15 01:00:00+00:00,4060,1.17333,1.17425,1.17296,1.17414,1.17407,1.17422,0.0001500000000000945
2025-12-15 02:00:00+00:00,4231,1.17414,1.17448,1.1737,1.17414,1.17407,1.17422,0.0001500000000000945
2025-12-15 03:00:00+00:00,3240,1.17415,1.17448,1.17318,1.17342,1.17334,1.1735,0.00015999999999993797
2025-12-15 04:00:00+00:00,2341,1.17342,1.17356,1.1732,1.17324,1.17315,1.17332,0.00017000000000000348
2025-12-15 05:00:00+00:00,2714,1.17326,1.17359,1.17321,1.17344,1.17336,1.17353,0.00017000000000000348
2025-12-15 06:00:00+00:00,4080,1.17343,1.17364,1.17288,1.17354,1.17345,1.17362,0.00017000000000000348
2025-12-15 07:00:00+00:00,5184,1.17353,1.17382,1.1728,1.17286,1.17277,1.17294,0.00017000000000000348
2025-12-15 08:00:00+00:00,5959,1.17285,1.17388,1.17265,1.17312,1.17304,1.1732,0.00015999999999993797
2025-12-15 09:00:00+00:00,5111,1.17312,1.17436,1.17306,1.17434,1.17426,1.17442,0.00015999999999993797
2025-12-15 10:00:00+00:00,3639,1.17434,1.17467,1.17392,1.17428,1.17419,1.17436,0.00017000000000000348
2025-12-15 11:00:00+00:00,3000,1.17427,1.17502,1.17413,1.17488,1.17481,1.17496,0.0001500000000000945
2025-12-15 12:00:00+00:00,3860,1.17489,1.17593,1.17485,1.17528,1.17521,1.17536,0.00014999999999987246
2025-12-15 13:00:00+00:00,5525,1.17529,1.17598,1.17472,1.17474,1.17466,1.17483,0.00017000000000000348
2025-12-15 14:00:00+00:00,7313,1.17474,1.17642,1.17441,1.17636,1.17628,1.17644,0.00015999999999993797
2025-12-15 15:00:00+00:00,11025,1.17636,1.1769,1.17548,1.17628,1.17621,1.17636,0.0001500000000000945
2025-12-15 16:00:00+00:00,6980,1.17628,1.17649,1.17522,1.17556,1.17548,1.17563,0.00014999999999987246
2025-12-15 17:00:00+00:00,4382,1.17554,1.17558,1.1745,1.17459,1.17451,1.17467,0.00016000000000016001
2025-12-15 18:00:00+00:00,3773,1.17458,1.17484,1.17392,1.17432,1.17425,1.1744,0.0001500000000000945
2025-12-15 19:00:00+00:00,2866,1.17432,1.175,1.17384,1.1749,1.17481,1.17498,0.00017000000000000348
2025-12-15 20:00:00+00:00,2501,1.17488,1.17519,1.17476,1.17512,1.17504,1.17519,0.00014999999999987246
2025-12-15 21:00:00+00:00,1589,1.1751,1.17541,1.17492,1.17539,1.1753,1.17548,0.000180000000000069
2025-12-15 22:00:00+00:00,2368,1.17521,1.17542,1.1749,1.17514,1.17504,1.17525,0.00020999999999982144
2025-12-15 23:00:00+00:00,793,1.17514,1.1756,1.17512,1.17536,1.17528,1.17545,0.00017000000000000348
2025-12-16 00:00:00+00:00,3331,1.17538,1.1758,1.17484,1.17498,1.1749,1.17507,0.00017000000000000348
2025-12-16 01:00:00+00:00,4411,1.17498,1.17554,1.17466,1.17519,1.17511,1.17527,0.00015999999999993797
2025-12-16 02:00:00+00:00,2644,1.1752,1.17566,1.17503,1.17557,1.17549,1.17565,0.00016000000000016001
2025-12-16 03:00:00+00:00,2534,1.17556,1.17592,1.175,1.17518,1.1751,1.17526,0.00015999999999993797
2025-12-16 04:00:00+00:00,1575,1.17518,1.17539,1.175,1.17511,1.17503,1.17519,0.00015999999999993797
2025-12-16 05:00:00+00:00,2350,1.1751,1.17542,1.17494,1.17505,1.17497,1.17513,0.00015999999999993797
2025-12-16 06:00:00+00:00,2727,1.17504,1.17538,1.17466,1.17527,1.1752,1.17534,0.000140000000000029
2025-12-16 07:00:00+00:00,3929,1.17526,1.17543,1.17444,1.17524,1.17517,1.17532,0.00014999999999987246
2025-12-16 08:00:00+00:00,6159,1.17525,1.17642,1.17466,1.17545,1.17538,1.17552,0.00013999999999980695
2025-12-16 09:00:00+00:00,5728,1.17544,1.1762,1.17501,1.17561,1.17552,1.1757,0.000180000000000069
2025-12-16 10:00:00+00:00,4812,1.17562,1.17618,1.17539,1.17574,1.17567,1.17582,0.0001500000000000945
2025-12-16 11:00:00+00:00,3442,1.17574,1.17632,1.17517,1.17632,1.17624,1.1764,0.00015999999999993797
2025-12-16 12:00:00+00:00,5029,1.17632,1.17785,1.17608,1.17778,1.17771,1.17786,0.00014999999999987246
2025-12-16 13:00:00+00:00,19782,1.17779,1.17948,1.17569,1.17758,1.17749,1.17766,0.00017000000000000348
2025-12-16 14:00:00+00:00,12387,1.17758,1.18002,1.1769,1.17998,1.1799,1.18005,0.0001500000000000945
2025-12-16 15:00:00+00:00,11365,1.17996,1.18042,1.17674,1.17702,1.17693,1.1771,0.00017000000000000348
2025-12-16 16:00:00+00:00,7524,1.17701,1.1776,1.17612,1.17692,1.17684,1.177,0.00015999999999993797
2025-12-16 17:00:00+00:00,5271,1.17692,1.1778,1.17624,1.17639,1.17631,1.17647,0.00015999999999993797
2025-12-16 18:00:00+00:00,5777,1.17639,1.17639,1.17452,1.17531,1.17523,1.17539,0.00015999999999993797
2025-12-16 19:00:00+00:00,6841,1.17532,1.17623,1.17346,1.17578,1.17569,1.17586,0.00017000000000000348
2025-12-16 20:00:00+00:00,4568,1.17576,1.17631,1.17464,1.17478,1.17471,1.17486,0.0001500000000000945
2025-12-16 21:00:00+00:00,1836,1.17477,1.17514,1.17458,1.1748,1.17469,1.1749,0.00021000000000004349
2025-12-16 22:00:00+00:00,1360,1.17476,1.175,1.1747,1.1748,1.17468,1.17492,0.00024000000000001798
2025-12-16 23:00:00+00:00,856,1.17482,1.17513,1.17482,1.17494,1.17486,1.17501,0.0001500000000000945
2025-12-17 00:00:00+00:00,2602,1.17494,1.17518,1.17454,1.17504,1.17496,1.17511,0.0001500000000000945
2025-12-17 01:00:00+00:00,3910,1.17504,1.17524,1.17452,1.17474,1.17465,1.17482,0.00017000000000000348
2025-12-17 02:00:00+00:00,3734,1.17473,1.1748,1.17373,1.174,1.17392,1.17407,0.00014999999999987246
2025-12-17 03:00:00+00:00,2490,1.174,1.17408,1.17369,1.17392,1.17385,1.174,0.00014999999999987246
2025-12-17 04:00:00+00:00,3040,1.17392,1.17398,1.17277,1.17296,1.17289,1.17304,0.0001500000000000945
2025-12-17 05:00:00+00:00,3587,1.17296,1.17308,1.1725,1.17292,1.17285,1.17299,0.000140000000000029
2025-12-17 06:00:00+00:00,4870,1.17291,1.17306,1.17066,1.171,1.17092,1.17107,0.0001500000000000945
2025-12-17 07:00:00+00:00,9627,1.171,1.17136,1.17031,1.1713,1.17122,1.17139,0.00017000000000000348
2025-12-17 08:00:00+00:00,6357,1.1713,1.17211,1.1706,1.17186,1.17179,1.17194,0.00014999999999987246
2025-12-17 09:00:00+00:00,6108,1.17187,1.17208,1.17116,1.17162,1.17153,1.1717,0.00017000000000000348
2025-12-17 10:00:00+00:00,5506,1.1716,1.17254,1.17129,1.17252,1.17244,1.17261,0.00017000000000000348
2025-12-17 11:00:00+00:00,5007,1.17254,1.17274,1.17078,1.17092,1.17085,1.171,0.0001500000000000945
2025-12-17 12:00:00+00:00,5114,1.17093,1.17276,1.17084,1.17266,1.17258,1.17275,0.00017000000000000348
2025-12-17 13:00:00+00:00,8981,1.17267,1.17332,1.17199,1.17318,1.1731,1.17326,0.00015999999999993797
2025-12-17 14:00:00+00:00,8328,1.17318,1.17444,1.17283,1.17411,1.17403,1.17419,0.00016000000000016001
2025-12-17 15:00:00+00:00,10183,1.17411,1.17582,1.17404,1.17529,1.17521,1.17537,0.00015999999999993797
2025-12-17 16:00:00+00:00,7445,1.17528,1.17563,1.17456,1.17472,1.17464,1.17479,0.0001500000000000945
2025-12-17 17:00:00+00:00,4719,1.17472,1.17548,1.17456,1.17494,1.17486,1.17502,0.00015999999999993797
2025-12-17 18:00:00+00:00,4159,1.17494,1.17556,1.17426,1.17442,1.17434,1.17451,0.00017000000000000348
2025-12-17 19:00:00+00:00,3214,1.17441,1.17474,1.17415,1.1745,1.17442,1.17457,0.00014999999999987246
2025-12-17 20:00:00+00:00,2938,1.1745,1.17462,1.17384,1.17396,1.17388,1.17404,0.00015999999999993797
2025-12-17 21:00:00+00:00,1697,1.17396,1.17416,1.17387,1.17401,1.1739,1.17412,0.000220000000000109
2025-12-17 22:00:00+00:00,838,1.17408,1.1744,1.17398,1.17403,1.17394,1.17412,0.000180000000000069
2025-12-17 23:00:00+00:00,921,1.17401,1.17434,1.17398,1.17418,1.1741,1.17425,0.0001500000000000945
2025-12-18 00:00:00+00:00,2624,1.17418,1.17458,1.17404,1.1744,1.17432,1.17448,0.00015999999999993797
2025-12-18 01:00:00+00:00,3751,1.1744,1.17456,1.17352,1.17386,1.17378,1.17395,0.00017000000000000348
2025-12-18 02:00:00+00:00,3103,1.17386,1.17427,1.17368,1.1741,1.17402,1.17417,0.00014999999999987246
2025-12-18 03:00:00+00:00,1941,1.17409,1.1742,1.17375,1.17394,1.17385,1.17402,0.00017000000000000348
2025-12-18 04:00:00+00:00,1463,1.17393,1.1743,1.17384,1.17428,1.1742,1.17436,0.00016000000000016001
2025-12-18 05:00:00+00:00,2371,1.1743,1.17469,1.17412,1.17459,1.17451,1.17467,0.00016000000000016001
2025-12-18 06:00:00+00:00,2871,1.17458,1.17474,1.17389,1.17443,1.17435,1.17451,0.00015999999999993797
2025-12-18 07:00:00+00:00,4778,1.17442,1.17497,1.17336,1.17338,1.1733,1.17347,0.00017000000000000348
2025-12-18 08:00:00+00:00,5312,1.17338,1.17373,1.17281,1.17324,1.17316,1.17331,0.0001500000000000945
2025-12-18 09:00:00+00:00,5937,1.17323,1.17328,1.17173,1.1722,1.17212,1.17227,0.00014999999999987246
2025-12-18 10:00:00+00:00,4063,1.17218,1.17269,1.17178,1.17248,1.1724,1.17256,0.00015999999999993797
2025-12-18 11:00:00+00:00,3897,1.17248,1.17276,1.17204,1.17206,1.17199,1.17214,0.00014999999999987246
2025-12-18 12:00:00+00:00,6780,1.17206,1.17234,1.17124,1.17139,1.17131,1.17147,0.00015999999999993797
2025-12-18 13:00:00+00:00,18799,1.1714,1.17628,1.17132,1.17468,1.17459,1.17477,0.000180000000000069
2025-12-18 14:00:00+00:00,16500,1.17468,1.17558,1.17327,1.17348,1.1734,1.17355,0.0001500000000000945
2025-12-18 15:00:00+00:00,11862,1.17347,1.17403,1.1716,1.17272,1.17265,1.1728,0.0001500000000000945
2025-12-18 16:00:00+00:00,8271,1.17271,1.17461,1.17256,1.1728,1.17273,1.17287,0.000140000000000029
2025-12-18 17:00:00+00:00,6303,1.17282,1.17289,1.17153,1.17188,1.1718,1.17197,0.00017000000000000348
2025-12-18 18:00:00+00:00,3499,1.17189,1.1725,1.17154,1.17196,1.17188,1.17205,0.00017000000000000348
2025-12-18 19:00:00+00:00,4279,1.17196,1.17278,1.17179,1.17252,1.17244,1.17261,0.00017000000000000348
2025-12-18 20:00:00+00:00,3022,1.17253,1.17278,1.17203,1.17222,1.17213,1.1723,0.00017000000000000348
2025-12-18 21:00:00+00:00,1385,1.17222,1.17253,1.17218,1.17236,1.17227,1.17244,0.00017000000000000348
2025-12-18 22:00:00+00:00,2812,1.17203,1.1726,1.17203,1.17246,1.17228,1.17263,0.0003500000000000725
2025-12-18 23:00:00+00:00,851,1.17246,1.17278,1.17238,1.17248,1.1724,1.17256,0.00015999999999993797
2025-12-19 00:00:00+00:00,2780,1.17248,1.17268,1.17218,1.17265,1.17256,1.17274,0.00017999999999984695
2025-12-19 01:00:00+00:00,2892,1.17265,1.17288,1.17205,1.17244,1.17235,1.17252,0.00017000000000000348
2025-12-19 02:00:00+00:00,2403,1.17243,1.17287,1.17212,1.17227,1.17219,1.17235,0.00015999999999993797
2025-12-19 03:00:00+00:00,3841,1.17228,1.17259,1.17184,1.17213,1.17205,1.17221,0.00015999999999993797
2025-12-19 04:00:00+00:00,1917,1.17214,1.17228,1.17156,1.1718,1.17172,1.17188,0.00015999999999993797
2025-12-19 05:00:00+00:00,1908,1.1718,1.17208,1.1718,1.172,1.17192,1.17208,0.00015999999999993797
2025-12-19 06:00:00+00:00,4666,1.172,1.17216,1.17118,1.17199,1.17191,1.17207,0.00015999999999993797
2025-12-19 07:00:00+00:00,5953,1.17198,1.17206,1.17033,1.17077,1.1707,1.17084,0.000140000000000029
2025-12-19 08:00:00+00:00,6772,1.17077,1.17164,1.17062,1.17126,1.17118,1.17135,0.00016999999999978144
2025-12-19 09:00:00+00:00,6472,1.17126,1.17179,1.17088,1.17122,1.17114,1.1713,0.00015999999999993797
2025-12-19 10:00:00+00:00,4890,1.17124,1.17178,1.1709,1.17166,1.17157,1.17174,0.00017000000000000348
2025-12-19 11:00:00+00:00,4562,1.17165,1.17178,1.17077,1.17113,1.17106,1.1712,0.000140000000000029
2025-12-19 12:00:00+00:00,4419,1.17112,1.17153,1.17077,1.17102,1.17093,1.1711,0.00017000000000000348
2025-12-19 13:00:00+00:00,7365,1.17102,1.17194,1.17024,1.17194,1.17185,1.17202,0.00017000000000000348
2025-12-19 14:00:00+00:00,9314,1.17194,1.17378,1.1719,1.17264,1.17255,1.17274,0.00018999999999991246
2025-12-19 15:00:00+00:00,8053,1.17266,1.17282,1.17094,1.17097,1.17089,1.17105,0.00015999999999993797
2025-12-19 16:00:00+00:00,6249,1.17096,1.1721,1.17084,1.1721,1.17203,1.17217,0.000140000000000029
2025-12-19 17:00:00+00:00,3960,1.1721,1.1721,1.17135,1.17192,1.17184,1.17201,0.00017000000000000348
2025-12-19 18:00:00+00:00,3711,1.17193,1.17273,1.17182,1.172,1.17192,1.17208,0.00015999999999993797
2025-12-19 19:00:00+00:00,3432,1.172,1.17252,1.17164,1.17236,1.17229,1.17244,0.00014999999999987246
2025-12-19 20:00:00+00:00,2674,1.17234,1.17257,1.17064,1.17098,1.1709,1.17107,0.00017000000000000348
2025-12-19 21:00:00+00:00,1913,1.17098,1.17138,1.17062,1.17096,1.17081,1.17112,0.00031000000000003247
2025-12-21 22:00:00+00:00,2797,1.17196,1.17196,1.17124,1.17144,1.1711,1.17178,0.0006800000000000139
2025-12-21 23:00:00+00:00,2660,1.17148,1.17164,1.17064,1.17103,1.17095,1.17111,0.00016000000000016001
2025-12-22 00:00:00+00:00,5220,1.17101,1.17162,1.17095,1.1716,1.17152,1.17168,0.00016000000000016001
2025-12-22 01:00:00+00:00,3154,1.17162,1.17194,1.17136,1.17172,1.17165,1.1718,0.00014999999999987246
2025-12-22 02:00:00+00:00,1828,1.17172,1.17194,1.17152,1.17164,1.17156,1.17172,0.00016000000000016001
2025-12-22 03:00:00+00:00,1895,1.17162,1.17184,1.17136,1.17176,1.17169,1.17184,0.0001500000000000945
2025-12-22 04:00:00+00:00,1417,1.17176,1.17218,1.17163,1.17202,1.17195,1.1721,0.00014999999999987246
2025-12-22 05:00:00+00:00,1840,1.17202,1.17221,1.17156,1.17174,1.17165,1.17183,0.00017999999999984695
2025-12-22 06:00:00+00:00,2569,1.17172,1.17193,1.1713,1.17159,1.17151,1.17167,0.00015999999999993797
2025-12-22 07:00:00+00:00,4071,1.17158,1.17312,1.1715,1.1729,1.17281,1.17298,0.00017000000000000348
2025-12-22 08:00:00+00:00,4875,1.1729,1.17384,1.17232,1.17359,1.17352,1.17366,0.000140000000000029
2025-12-22 09:00:00+00:00,4910,1.17359,1.17366,1.17274,1.173,1.17293,1.17308,0.00014999999999987246
2025-12-22 10:00:00+00:00,4344,1.17301,1.1738,1.17291,1.17332,1.17324,1.17341,0.00017000000000000348
2025-12-22 11:00:00+00:00,3043,1.17332,1.17366,1.17286,1.17334,1.17327,1.17342,0.00014999999999987246
2025-12-22 12:00:00+00:00,5615,1.17335,1.17434,1.17334,1.17418,1.1741,1.17425,0.0001500000000000945
2025-12-22 13:00:00+00:00,7258,1.17418,1.17546,1.17418,1.17506,1.17498,1.17515,0.00017000000000000348
2025-12-22 14:00:00+00:00,6757,1.17507,1.17664,1.17451,1.17602,1.17593,1.1761,0.00017000000000000348
2025-12-22 15:00:00+00:00,6370,1.176,1.17694,1.17577,1.1764,1.17631,1.17648,0.00017000000000000348
2025-12-22 16:00:00+00:00,4724,1.1764,1.17642,1.17482,1.17496,1.17488,1.17505,0.00017000000000000348
2025-12-22 17:00:00+00:00,3643,1.17496,1.17648,1.17491,1.17582,1.17574,1.17591,0.00017000000000000348
2025-12-22 18:00:00+00:00,3119,1.17582,1.17583,1.17494,1.17529,1.17522,1.17536,0.000140000000000029
2025-12-22 19:00:00+00:00,2535,1.1753,1.1756,1.17489,1.17554,1.17546,1.17562,0.00016000000000016001
2025-12-22 20:00:00+00:00,2467,1.17555,1.1759,1.17522,1.17552,1.17544,1.1756,0.00015999999999993797
2025-12-22 21:00:00+00:00,1115,1.17552,1.17623,1.17546,1.17619,1.1761,1.17628,0.000180000000000069
2025-12-22 22:00:00+00:00,4845,1.1758,1.1763,1.17571,1.17592,1.17574,1.17609,0.0003500000000000725
2025-12-22 23:00:00+00:00,1489,1.17593,1.17658,1.17591,1.17638,1.17629,1.17647,0.00017999999999984695
2025-12-23 00:00:00+00:00,2449,1.17637,1.17704,1.1763,1.1769,1.17683,1.17698,0.00014999999999987246
2025-12-23 01:00:00+00:00,3176,1.1769,1.17761,1.1766,1.1773,1.17723,1.17738,0.0001500000000000945
2025-12-23 02:00:00+00:00,2838,1.17733,1.17806,1.17726,1.17777,1.17769,1.17785,0.00016000000000016001
2025-12-23 03:00:00+00:00,2158,1.17778,1.17794,1.17732,1.17765,1.17757,1.17773,0.00015999999999993797
2025-12-23 04:00:00+00:00,2513,1.17766,1.17793,1.17736,1.17754,1.17746,1.17762,0.00015999999999993797
2025-12-23 05:00:00+00:00,2688,1.17752,1.17798,1.17744,1.17751,1.17743,1.17759,0.00015999999999993797
2025-12-23 06:00:00+00:00,2406,1.17753,1.17764,1.17686,1.17713,1.17706,1.1772,0.000140000000000029
2025-12-23 07:00:00+00:00,5098,1.17712,1.17814,1.17692,1.17787,1.17779,1.17795,0.00016000000000016001
2025-12-23 08:00:00+00:00,6217,1.17786,1.17846,1.17754,1.17844,1.17837,1.17852,0.0001500000000000945
2025-12-23 09:00:00+00:00,6704,1.17845,1.1793,1.17818,1.17928,1.17919,1.17936,0.00017000000000000348
2025-12-23 10:00:00+00:00,4613,1.17928,1.18004,1.17918,1.1799,1.17983,1.17998,0.0001500000000000945
2025-12-23 11:00:00+00:00,3786,1.17989,1.18,1.17924,1.17959,1.17951,1.17967,0.00015999999999993797
2025-12-23 12:00:00+00:00,4491,1.1796,1.18022,1.1789,1.17897,1.17889,1.17905,0.00015999999999993797
2025-12-23 13:00:00+00:00,8615,1.17896,1.17939,1.17743,1.17748,1.1774,1.17755,0.0001500000000000945
2025-12-23 14:00:00+00:00,8552,1.17748,1.17795,1.17686,1.17694,1.17685,1.17702,0.00017000000000000348
2025-12-23 15:00:00+00:00,8868,1.17693,1.17792,1.1764,1.17743,1.17735,1.17751,0.00016000000000016001
2025-12-23 16:00:00+00:00,5306,1.17742,1.17804,1.17732,1.17757,1.17749,1.17765,0.00016000000000016001
2025-12-23 17:00:00+00:00,3928,1.17756,1.17789,1.1769,1.1771,1.17701,1.17718,0.00017000000000000348
2025-12-23 18:00:00+00:00,3472,1.17708,1.17832,1.17696,1.17828,1.1782,1.17837,0.00017000000000000348
2025-12-23 19:00:00+00:00,3023,1.17831,1.17914,1.17822,1.17901,1.17893,1.17909,0.00015999999999993797
2025-12-23 20:00:00+00:00,2983,1.17902,1.17936,1.1787,1.17896,1.17887,1.17904,0.00017000000000000348
2025-12-23 21:00:00+00:00,1500,1.17894,1.1797,1.17883,1.17934,1.17924,1.17945,0.00021000000000004349
2025-12-23 22:00:00+00:00,1171,1.17927,1.17954,1.17919,1.17946,1.17932,1.1796,0.000280000000000058
2025-12-23 23:00:00+00:00,1165,1.17946,1.17972,1.17935,1.1795,1.17941,1.17959,0.00017999999999984695
2025-12-24 00:00:00+00:00,3382,1.1795,1.1799,1.17904,1.17988,1.17981,1.17996,0.00014999999999987246
2025-12-24 01:00:00+00:00,3785,1.17988,1.18064,1.17968,1.18053,1.18045,1.18061,0.00015999999999993797
2025-12-24 02:00:00+00:00,2659,1.18054,1.1808,1.17982,1.17982,1.17974,1.1799,0.00015999999999993797
2025-12-24 03:00:00+00:00,3042,1.17984,1.17985,1.1787,1.17876,1.17869,1.17884,0.0001500000000000945
2025-12-24 04:00:00+00:00,2271,1.17876,1.17934,1.17858,1.17914,1.17905,1.17922,0.00017000000000000348
2025-12-24 05:00:00+00:00,2365,1.17912,1.18022,1.17907,1.17992,1.17984,1.18,0.00015999999999993797
2025-12-24 06:00:00+00:00,3617,1.1799,1.1804,1.17978,1.17999,1.17992,1.18006,0.000140000000000029
2025-12-24 07:00:00+00:00,5678,1.18001,1.18018,1.17864,1.1789,1.17882,1.17898,0.00015999999999993797
2025-12-24 08:00:00+00:00,6414,1.1789,1.17995,1.17798,1.17994,1.17986,1.18002,0.00016000000000016001
2025-12-24 09:00:00+00:00,4385,1.17997,1.1801,1.17945,1.17998,1.17989,1.18006,0.00017000000000000348
2025-12-24 10:00:00+00:00,4987,1.17997,1.18001,1.17908,1.17964,1.17955,1.17973,0.00017999999999984695
2025-12-24 11:00:00+00:00,4411,1.17966,1.17986,1.1791,1.17928,1.1792,1.17936,0.00015999999999993797
2025-12-24 12:00:00+00:00,4825,1.17929,1.17932,1.17839,1.17842,1.17834,1.1785,0.00016000000000016001
2025-12-24 13:00:00+00:00,6288,1.17844,1.1791,1.17836,1.17853,1.17845,1.17861,0.00015999999999993797
2025-12-24 14:00:00+00:00,6695,1.17852,1.1787,1.17774,1.17806,1.17798,1.17815,0.00017000000000000348
2025-12-24 15:00:00+00:00,6197,1.17806,1.17826,1.17754,1.17782,1.17774,1.17789,0.0001500000000000945
2025-12-24 16:00:00+00:00,5353,1.17781,1.1781,1.17731,1.17792,1.17784,1.17801,0.00017000000000000348
2025-12-24 17:00:00+00:00,4129,1.17792,1.17832,1.17726,1.17768,1.1776,1.17775,0.0001500000000000945
2025-12-24 18:00:00+00:00,2125,1.17767,1.17798,1.17744,1.1779,1.17783,1.17797,0.000140000000000029
2025-12-24 19:00:00+00:00,876,1.17788,1.17822,1.17788,1.17816,1.17809,1.17824,0.00014999999999987246
2025-12-24 20:00:00+00:00,1706,1.17817,1.1782,1.17793,1.17797,1.17786,1.17808,0.000220000000000109
2025-12-24 21:00:00+00:00,1642,1.17798,1.17801,1.17768,1.1777,1.17748,1.17792,0.00043999999999999595
2025-12-25 22:00:00+00:00,894,1.17805,1.17862,1.17784,1.17818,1.17784,1.17853,0.0006900000000000794
2025-12-25 23:00:00+00:00,9507,1.17818,1.17862,1.1778,1.17845,1.1783,1.1786,0.000300000000000189
2025-12-26 00:00:00+00:00,6422,1.17844,1.1792,1.17767,1.17859,1.1785,1.17868,0.00017999999999984695
2025-12-26 01:00:00+00:00,4398,1.1786,1.17917,1.17829,1.17872,1.17864,1.17881,0.00017000000000000348
2025-12-26 02:00:00+00:00,2508,1.17873,1.17936,1.17836,1.17921,1.17913,1.17929,0.00015999999999993797
2025-12-26 03:00:00+00:00,2639,1.17922,1.17926,1.17834,1.17844,1.17834,1.17853,0.0001900000000001345
2025-12-26 04:00:00+00:00,2247,1.17843,1.17872,1.178,1.17832,1.17823,1.17841,0.00017999999999984695
2025-12-26 05:00:00+00:00,2297,1.17832,1.17872,1.17801,1.17862,1.17853,1.1787,0.00017000000000000348
2025-12-26 06:00:00+00:00,4321,1.17863,1.1788,1.17718,1.17766,1.17758,1.17773,0.00014999999999987246
2025-12-26 07:00:00+00:00,5851,1.17767,1.17778,1.17704,1.1773,1.1772,1.17739,0.00018999999999991246
2025-12-26 08:00:00+00:00,5687,1.1773,1.17778,1.17666,1.17769,1.17761,1.17777,0.00015999999999993797
2025-12-26 09:00:00+00:00,4636,1.17768,1.17778,1.17686,1.17703,1.17695,1.17711,0.00016000000000016001
2025-12-26 10:00:00+00:00,4308,1.17701,1.17798,1.1769,1.17732,1.17724,1.17739,0.00014999999999987246
2025-12-26 11:00:00+00:00,3888,1.17731,1.17825,1.17731,1.17774,1.17765,1.17783,0.00017999999999984695
2025-12-26 12:00:00+00:00,3924,1.17776,1.17825,1.17728,1.17816,1.17808,1.17824,0.00015999999999993797
2025-12-26 13:00:00+00:00,6733,1.17816,1.17968,1.17816,1.17914,1.17906,1.17923,0.00017000000000000348
2025-12-26 14:00:00+00:00,6286,1.17916,1.17946,1.17812,1.17838,1.1783,1.17847,0.00017000000000000348
2025-12-26 15:00:00+00:00,6745,1.17838,1.17926,1.17716,1.17772,1.17764,1.1778,0.00015999999999993797
2025-12-26 16:00:00+00:00,9230,1.17772,1.17796,1.17623,1.17652,1.17643,1.17661,0.00017999999999984695
2025-12-26 17:00:00+00:00,8751,1.17652,1.17705,1.17616,1.17702,1.17693,1.17711,0.000180000000000069
2025-12-26 18:00:00+00:00,9370,1.17704,1.17738,1.1769,1.1772,1.17712,1.17729,0.00017000000000000348
2025-12-26 19:00:00+00:00,4108,1.17719,1.17768,1.17692,1.17768,1.1776,1.17776,0.00015999999999993797
2025-12-26 20:00:00+00:00,3007,1.17768,1.17818,1.17724,1.17751,1.17742,1.1776,0.000180000000000069
2025-12-26 21:00:00+00:00,2478,1.17751,1.17767,1.17658,1.1771,1.17694,1.17725,0.00030999999999981043
2025-12-28 22:00:00+00:00,345,1.1768,1.17734,1.17654,1.17706,1.17658,1.17754,0.0009600000000000719
2025-12-28 23:00:00+00:00,2920,1.1771,1.17782,1.1771,1.17726,1.17719,1.17734,0.0001500000000000945
2025-12-29 00:00:00+00:00,4004,1.17728,1.1784,1.17718,1.17797,1.17789,1.17805,0.00015999999999993797
2025-12-29 01:00:00+00:00,3542,1.17796,1.17864,1.17788,1.17842,1.17834,1.17849,0.0001500000000000945
2025-12-29 02:00:00+00:00,3101,1.1784,1.17853,1.17756,1.17758,1.17749,1.17766,0.00017000000000000348
2025-12-29 03:00:00+00:00,2178,1.17758,1.17761,1.17712,1.17734,1.17726,1.17743,0.00017000000000000348
2025-12-29 04:00:00+00:00,2172,1.17734,1.17734,1.1764,1.17644,1.17636,1.17652,0.00015999999999993797
2025-12-29 05:00:00+00:00,3086,1.17644,1.17644,1.17537,1.1756,1.17553,1.17568,0.0001500000000000945
2025-12-29 06:00:00+00:00,3377,1.17562,1.17697,1.17542,1.17696,1.17688,1.17705,0.00017000000000000348
2025-12-29 07:00:00+00:00,5871,1.17698,1.17792,1.17653,1.17771,1.17763,1.17779,0.00015999999999993797
2025-12-29 08:00:00+00:00,6074,1.1777,1.17888,1.1771,1.1784,1.17832,1.17849,0.00017000000000000348
2025-12-29 09:00:00+00:00,6761,1.1784,1.17891,1.17716,1.17764,1.17757,1.17772,0.0001500000000000945
2025-12-29 10:00:00+00:00,5193,1.17764,1.17802,1.17653,1.17658,1.1765,1.17667,0.00017000000000000348
2025-12-29 11:00:00+00:00,5392,1.17658,1.17712,1.17578,1.17659,1.17651,1.17667,0.00016000000000016001
2025-12-29 12:00:00+00:00,6173,1.17656,1.17692,1.17555,1.17619,1.17611,1.17627,0.00015999999999993797
2025-12-29 13:00:00+00:00,7153,1.17618,1.17737,1.17604,1.17698,1.1769,1.17707,0.00017000000000000348
2025-12-29 14:00:00+00:00,8294,1.17698,1.17888,1.17672,1.1783,1.17821,1.17839,0.000180000000000069
2025-12-29 15:00:00+00:00,10640,1.17833,1.17864,1.17664,1.17678,1.17671,1.17686,0.0001500000000000945
2025-12-29 16:00:00+00:00,7999,1.17676,1.17681,1.17524,1.17561,1.17553,1.17569,0.00015999999999993797
2025-12-29 17:00:00+00:00,5177,1.1756,1.1757,1.17494,1.17521,1.17513,1.17529,0.00015999999999993797
2025-12-29 18:00:00+00:00,3827,1.17519,1.1759,1.17508,1.17574,1.17566,1.17582,0.00016000000000016001
2025-12-29 19:00:00+00:00,2547,1.17575,1.17682,1.1757,1.17674,1.17666,1.17681,0.00014999999999987246
2025-12-29 20:00:00+00:00,3064,1.17673,1.17706,1.17644,1.17706,1.17697,1.17714,0.00017000000000000348
2025-12-29 21:00:00+00:00,1423,1.17705,1.17748,1.17702,1.17726,1.17717,1.17735,0.00017999999999984695
2025-12-29 22:00:00+00:00,4005,1.1771,1.17722,1.17663,1.17682,1.1766,1.17704,0.00043999999999999595
2025-12-29 23:00:00+00:00,1398,1.1768,1.17746,1.1768,1.17725,1.17717,1.17733,0.00015999999999993797
2025-12-30 00:00:00+00:00,2419,1.17724,1.17754,1.17716,1.17729,1.17721,1.17737,0.00015999999999993797
2025-12-30 01:00:00+00:00,3073,1.17728,1.17751,1.17697,1.17751,1.17742,1.1776,0.000180000000000069
2025-12-30 02:00:00+00:00,2151,1.1775,1.17766,1.17716,1.17733,1.17725,1.17741,0.00016000000000016001
2025-12-30 03:00:00+00:00,1753,1.17734,1.1776,1.17706,1.17726,1.17717,1.17734,0.00017000000000000348
2025-12-30 04:00:00+00:00,1464,1.17727,1.17778,1.17718,1.17771,1.17763,1.17779,0.00015999999999993797
2025-12-30 05:00:00+00:00,1872,1.17772,1.17791,1.1773,1.17752,1.17744,1.17761,0.00017000000000000348
2025-12-30 06:00:00+00:00,2654,1.17752,1.17798,1.17739,1.17786,1.17778,1.17794,0.00015999999999993797
2025-12-30 07:00:00+00:00,3578,1.17786,1.17786,1.17662,1.17703,1.17695,1.17711,0.00016000000000016001
2025-12-30 08:00:00+00:00,5356,1.17704,1.17754,1.1766,1.17672,1.17664,1.17679,0.0001500000000000945
2025-12-30 09:00:00+00:00,4892,1.17673,1.17779,1.17644,1.1769,1.17681,1.17698,0.00017000000000000348
2025-12-30 10:00:00+00:00,3955,1.17688,1.17776,1.17688,1.17738,1.17731,1.17746,0.00014999999999987246
2025-12-30 11:00:00+00:00,3559,1.17739,1.17768,1.17661,1.17667,1.17659,1.17675,0.00015999999999993797
2025-12-30 12:00:00+00:00,4053,1.17668,1.17679,1.17607,1.17618,1.1761,1.17625,0.0001500000000000945
2025-12-30 13:00:00+00:00,7773,1.17616,1.17679,1.17554,1.17633,1.17625,1.17641,0.00015999999999993797
2025-12-30 14:00:00+00:00,6531,1.17634,1.17643,1.17564,1.17634,1.17626,1.17641,0.00014999999999987246
2025-12-30 15:00:00+00:00,7209,1.17634,1.17663,1.17453,1.17598,1.17591,1.17606,0.0001500000000000945
2025-12-30 16:00:00+00:00,6186,1.17598,1.17667,1.17544,1.17648,1.1764,1.17656,0.00016000000000016001
2025-12-30 17:00:00+00:00,3676,1.1765,1.17668,1.17552,1.1756,1.17552,1.17569,0.00017000000000000348
2025-12-30 18:00:00+00:00,3725,1.17561,1.17594,1.17482,1.17501,1.1749,1.17512,0.00021999999999988695
2025-12-30 19:00:00+00:00,2945,1.17502,1.17529,1.17452,1.17468,1.1746,1.17476,0.00015999999999993797
2025-12-30 20:00:00+00:00,2989,1.17468,1.17503,1.17434,1.1744,1.17431,1.17448,0.00017000000000000348
2025-12-30 21:00:00+00:00,1030,1.17439,1.17488,1.17439,1.1748,1.17471,1.17489,0.000180000000000069
2025-12-30 22:00:00+00:00,445,1.17466,1.1749,1.17458,1.17466,1.17454,1.17479,0.0002500000000000835
2025-12-30 23:00:00+00:00,793,1.17464,1.17492,1.17452,1.17456,1.17448,1.17465,0.00017000000000000348
2025-12-31 00:00:00+00:00,1509,1.17457,1.17478,1.17444,1.17473,1.17465,1.17481,0.00015999999999993797
2025-12-31 01:00:00+00:00,2962,1.17474,1.17491,1.17419,1.17426,1.17417,1.17434,0.00017000000000000348
2025-12-31 02:00:00+00:00,3059,1.17424,1.17427,1.17388,1.17402,1.17394,1.1741,0.00015999999999993797
2025-12-31 03:00:00+00:00,2006,1.174,1.17436,1.17396,1.17426,1.17418,1.17434,0.00015999999999993797
2025-12-31 04:00:00+00:00,1705,1.17426,1.17428,1.1733,1.17345,1.17336,1.17354,0.000180000000000069
2025-12-31 05:00:00+00:00,1996,1.17345,1.17393,1.17344,1.17385,1.17377,1.17393,0.00015999999999993797
2025-12-31 06:00:00+00:00,2564,1.17386,1.17398,1.17332,1.17374,1.17366,1.17383,0.00017000000000000348
2025-12-31 07:00:00+00:00,4414,1.17373,1.17388,1.17298,1.17371,1.17363,1.17379,0.00015999999999993797
2025-12-31 08:00:00+00:00,5263,1.17372,1.17398,1.172,1.17231,1.17223,1.17239,0.00015999999999993797
2025-12-31 09:00:00+00:00,5131,1.17231,1.17389,1.172,1.17351,1.17343,1.17359,0.00015999999999993797
2025-12-31 10:00:00+00:00,4830,1.1735,1.17438,1.17286,1.17392,1.17383,1.17402,0.0001900000000001345
2025-12-31 11:00:00+00:00,5107,1.17394,1.17478,1.17364,1.17472,1.17464,1.1748,0.00016000000000016001
2025-12-31 12:00:00+00:00,5135,1.17472,1.17594,1.17472,1.17554,1.17546,1.17561,0.0001500000000000945
2025-12-31 13:00:00+00:00,6958,1.17553,1.17595,1.17416,1.1742,1.17412,1.17428,0.00015999999999993797
2025-12-31 14:00:00+00:00,7960,1.1742,1.17426,1.17274,1.17302,1.17294,1.1731,0.00015999999999993797
2025-12-31 15:00:00+00:00,11017,1.17302,1.17462,1.17202,1.17441,1.17434,1.17448,0.000140000000000029
2025-12-31 16:00:00+00:00,8270,1.17442,1.17488,1.17288,1.1735,1.17341,1.17358,0.00017000000000000348
2025-12-31 17:00:00+00:00,5816,1.17349,1.1739,1.17315,1.1736,1.17351,1.1737,0.00018999999999991246
2025-12-31 18:00:00+00:00,4871,1.1736,1.17388,1.17304,1.1736,1.17351,1.17369,0.00017999999999984695
2025-12-31 19:00:00+00:00,2793,1.17362,1.17432,1.17362,1.17408,1.17399,1.17416,0.00017000000000000348
2025-12-31 20:00:00+00:00,2293,1.17407,1.1753,1.17402,1.1752,1.17512,1.17529,0.00017000000000000348
2025-12-31 21:00:00+00:00,1317,1.17522,1.1753,1.1745,1.17459,1.17449,1.17469,0.00019999999999997797
2026-01-01 22:00:00+00:00,494,1.17498,1.17505,1.17474,1.17488,1.17458,1.17519,0.0006099999999999994
2026-01-01 23:00:00+00:00,1188,1.17487,1.1751,1.17458,1.1751,1.17501,1.17518,0.00016999999999978144
2026-01-02 00:00:00+00:00,1574,1.1751,1.17564,1.17501,1.17564,1.17555,1.17572,0.00017000000000000348
2026-01-02 01:00:00+00:00,2791,1.17564,1.17628,1.17564,1.1761,1.17602,1.17619,0.00017000000000000348
2026-01-02 02:00:00+00:00,1720,1.1761,1.17638,1.17583,1.17594,1.17586,1.17601,0.0001500000000000945
2026-01-02 03:00:00+00:00,1527,1.17594,1.1765,1.17592,1.17644,1.17636,1.17653,0.00017000000000000348
2026-01-02 04:00:00+00:00,1525,1.17644,1.17648,1.17551,1.17556,1.17548,1.17565,0.00017000000000000348
2026-01-02 05:00:00+00:00,1468,1.17556,1.17579,1.17508,1.17513,1.17504,1.17522,0.00017999999999984695
2026-01-02 06:00:00+00:00,2357,1.17512,1.17516,1.17416,1.17438,1.1743,1.17447,0.00017000000000000348
2026-01-02 07:00:00+00:00,4815,1.17437,1.17472,1.17322,1.17348,1.1734,1.17356,0.00015999999999993797
2026-01-02 08:00:00+00:00,7223,1.17347,1.17384,1.17238,1.17286,1.17278,1.17293,0.0001500000000000945
2026-01-02 09:00:00+00:00,5940,1.17286,1.17375,1.17206,1.17214,1.17206,1.17222,0.00015999999999993797
2026-01-02 10:00:00+00:00,4836,1.17214,1.17236,1.17132,1.17211,1.17203,1.17219,0.00016000000000016001
2026-01-02 11:00:00+00:00,3949,1.17211,1.17226,1.17152,1.1722,1.17212,1.17227,0.00014999999999987246
2026-01-02 12:00:00+00:00,3715,1.17219,1.17272,1.17207,1.17237,1.1723,1.17244,0.000140000000000029
2026-01-02 13:00:00+00:00,6541,1.17238,1.1729,1.17182,1.17215,1.17207,1.17223,0.00016000000000016001
2026-01-02 14:00:00+00:00,6467,1.17217,1.17308,1.17158,1.17286,1.17278,1.17294,0.00016000000000016001
2026-01-02 15:00:00+00:00,9129,1.17284,1.17522,1.17283,1.17507,1.17498,1.17516,0.000180000000000069
2026-01-02 16:00:00+00:00,6982,1.17508,1.17545,1.17341,1.17375,1.17367,1.17383,0.00015999999999993797
2026-01-02 17:00:00+00:00,4792,1.17374,1.17376,1.17286,1.17308,1.173,1.17316,0.00015999999999993797
2026-01-02 18:00:00+00:00,4792,1.17308,1.17314,1.17154,1.17192,1.17184,1.17199,0.0001500000000000945
2026-01-02 19:00:00+00:00,4435,1.17191,1.17244,1.17144,1.17232,1.17224,1.17241,0.00017000000000000348
2026-01-02 20:00:00+00:00,3253,1.17233,1.17238,1.17153,1.17178,1.17169,1.17186,0.00017000000000000348
2026-01-02 21:00:00+00:00,1824,1.17176,1.17234,1.17174,1.17199,1.17187,1.17211,0.00024000000000001798
2026-01-04 22:00:00+00:00,1155,1.17239,1.17239,1.17104,1.17116,1.17101,1.1713,0.00028999999999990145
2026-01-04 23:00:00+00:00,3174,1.17118,1.1713,1.17004,1.17052,1.17043,1.17061,0.00017999999999984695
2026-01-05 00:00:00+00:00,5784,1.17053,1.17111,1.17036,1.17051,1.17042,1.1706,0.000180000000000069
2026-01-05 01:00:00+00:00,5353,1.1705,1.17074,1.16996,1.17004,1.16996,1.17011,0.00014999999999987246
2026-01-05 02:00:00+00:00,4746,1.17004,1.17016,1.1684,1.16888,1.1688,1.16895,0.00014999999999987246
2026-01-05 03:00:00+00:00,4058,1.16888,1.16909,1.16722,1.16754,1.16746,1.16761,0.0001500000000000945
2026-01-05 04:00:00+00:00,3443,1.16752,1.16831,1.16734,1.1682,1.16811,1.16828,0.00017000000000000348
2026-01-05 05:00:00+00:00,2501,1.16819,1.1686,1.16805,1.16855,1.16848,1.16862,0.000140000000000029
2026-01-05 06:00:00+00:00,3634,1.16856,1.1692,1.16784,1.16912,1.16905,1.16919,0.000140000000000029
2026-01-05 07:00:00+00:00,6073,1.16913,1.16922,1.16836,1.16862,1.16854,1.1687,0.00016000000000016001
2026-01-05 08:00:00+00:00,7029,1.1686,1.1695,1.1681,1.16834,1.16826,1.16843,0.00017000000000000348
2026-01-05 09:00:00+00:00,6254,1.16834,1.16875,1.16739,1.16825,1.16817,1.16833,0.00016000000000016001
2026-01-05 10:00:00+00:00,5865,1.16823,1.16902,1.16798,1.169,1.16892,1.16908,0.00015999999999993797
2026-01-05 11:00:00+00:00,5443,1.169,1.1691,1.16803,1.16814,1.16806,1.16823,0.00017000000000000348
2026-01-05 12:00:00+00:00,5534,1.16814,1.16852,1.16699,1.16708,1.16699,1.16716,0.00017000000000000348
2026-01-05 13:00:00+00:00,8858,1.16709,1.16752,1.16592,1.16746,1.16738,1.16754,0.00015999999999993797
2026-01-05 14:00:00+00:00,9029,1.16746,1.16874,1.16733,1.16852,1.16841,1.16863,0.000220000000000109
2026-01-05 15:00:00+00:00,10322,1.16852,1.17047,1.16852,1.17046,1.17039,1.17054,0.00014999999999987246
2026-01-05 16:00:00+00:00,7976,1.17046,1.17187,1.1704,1.17149,1.17141,1.17157,0.00015999999999993797
2026-01-05 17:00:00+00:00,6496,1.17148,1.17198,1.17101,1.17144,1.17136,1.17153,0.00017000000000000348
2026-01-05 18:00:00+00:00,3974,1.17145,1.17254,1.17134,1.17251,1.17243,1.17259,0.00015999999999993797
2026-01-05 19:00:00+00:00,4138,1.17252,1.17288,1.17222,1.17272,1.17264,1.1728,0.00016000000000016001
2026-01-05 20:00:00+00:00,2577,1.17268,1.17288,1.17238,1.17248,1.1724,1.17257,0.00016999999999978144
2026-01-05 21:00:00+00:00,1631,1.17248,1.17265,1.17196,1.17216,1.17208,1.17224,0.00015999999999993797
2026-01-05 22:00:00+00:00,440,1.17206,1.17232,1.17188,1.1719,1.17177,1.17204,0.00026999999999999247
2026-01-05 23:00:00+00:00,1137,1.17191,1.17218,1.17128,1.17146,1.17137,1.17155,0.000180000000000069
2026-01-06 00:00:00+00:00,3183,1.17146,1.1717,1.17106,1.17168,1.1716,1.17176,0.00015999999999993797
2026-01-06 01:00:00+00:00,4662,1.17168,1.17254,1.17122,1.17254,1.17246,1.17263,0.00017000000000000348
2026-01-06 02:00:00+00:00,3119,1.17256,1.1738,1.17222,1.17374,1.17367,1.17382,0.0001500000000000945
2026-01-06 03:00:00+00:00,2799,1.17374,1.17384,1.17326,1.17346,1.17339,1.17354,0.0001500000000000945
2026-01-06 04:00:00+00:00,2457,1.17347,1.17356,1.17315,1.17338,1.1733,1.17345,0.0001500000000000945
2026-01-06 05:00:00+00:00,2828,1.17337,1.1737,1.17273,1.17288,1.1728,1.17296,0.00015999999999993797
2026-01-06 06:00:00+00:00,3029,1.1729,1.17372,1.17286,1.17362,1.17355,1.1737,0.00014999999999987246
2026-01-06 07:00:00+00:00,4927,1.1736,1.17429,1.17259,1.17291,1.17283,1.17299,0.00015999999999993797
2026-01-06 08:00:00+00:00,6632,1.1729,1.1739,1.17261,1.17286,1.17276,1.17296,0.00019999999999997797
2026-01-06 09:00:00+00:00,6945,1.17286,1.1729,1.1708,1.17133,1.17125,1.17141,0.00016000000000016001
2026-01-06 10:00:00+00:00,4756,1.17132,1.17172,1.17082,1.17128,1.1712,1.17136,0.00015999999999993797
2026-01-06 11:00:00+00:00,4381,1.17126,1.17131,1.1705,1.17062,1.17054,1.1707,0.00016000000000016001
2026-01-06 12:00:00+00:00,5267,1.17062,1.17122,1.16972,1.17014,1.17003,1.17024,0.00021000000000004349
2026-01-06 13:00:00+00:00,7498,1.17014,1.17137,1.16975,1.1711,1.17103,1.17118,0.0001500000000000945
2026-01-06 14:00:00+00:00,8688,1.1711,1.17176,1.16992,1.17092,1.17084,1.171,0.00015999999999993797
2026-01-06 15:00:00+00:00,10993,1.17092,1.17092,1.1684,1.16953,1.16945,1.16961,0.00015999999999993797
2026-01-06 16:00:00+00:00,6720,1.16953,1.16984,1.16859,1.16881,1.16873,1.16889,0.00015999999999993797
2026-01-06 17:00:00+00:00,3923,1.16881,1.17008,1.1687,1.17007,1.16999,1.17015,0.00015999999999993797
2026-01-06 18:00:00+00:00,4656,1.17008,1.17022,1.1687,1.16882,1.16874,1.16891,0.00017000000000000348
2026-01-06 19:00:00+00:00,5151,1.16884,1.16912,1.1684,1.16897,1.16889,1.16905,0.00015999999999993797
2026-01-06 20:00:00+00:00,3355,1.16898,1.16932,1.16866,1.1687,1.16862,1.16877,0.0001500000000000945
2026-01-06 21:00:00+00:00,1414,1.16869,1.1689,1.16846,1.16888,1.1688,1.16897,0.00017000000000000348
2026-01-06 22:00:00+00:00,487,1.16865,1.1689,1.16852,1.1689,1.16877,1.16904,0.00026999999999999247
2026-01-06 23:00:00+00:00,954,1.1689,1.16906,1.16868,1.16872,1.16864,1.16881,0.00017000000000000348
2026-01-07 00:00:00+00:00,4101,1.16874,1.16943,1.16854,1.16918,1.16909,1.16926,0.00017000000000000348
2026-01-07 01:00:00+00:00,4701,1.16917,1.17006,1.169,1.16958,1.1695,1.16966,0.00015999999999993797
2026-01-07 02:00:00+00:00,2841,1.16958,1.17027,1.16953,1.16963,1.16955,1.16971,0.00015999999999993797
2026-01-07 03:00:00+00:00,2248,1.16962,1.17003,1.16961,1.16986,1.16979,1.16994,0.00014999999999987246
2026-01-07 04:00:00+00:00,3745,1.16987,1.17022,1.1691,1.16912,1.16904,1.16921,0.00017000000000000348
2026-01-07 05:00:00+00:00,2998,1.16912,1.16944,1.16909,1.16931,1.16923,1.16939,0.00015999999999993797
2026-01-07 06:00:00+00:00,2867,1.16932,1.16998,1.16922,1.16976,1.16968,1.16984,0.00015999999999993797
2026-01-07 07:00:00+00:00,5287,1.16976,1.1699,1.16786,1.16828,1.1682,1.16836,0.00016000000000016001
2026-01-07 08:00:00+00:00,6507,1.16826,1.16874,1.16729,1.16859,1.16851,1.16867,0.00016000000000016001
2026-01-07 09:00:00+00:00,4997,1.16858,1.1687,1.16813,1.16846,1.16836,1.16856,0.00019999999999997797
2026-01-07 10:00:00+00:00,5116,1.16846,1.16938,1.16834,1.16886,1.16879,1.16893,0.000140000000000029
2026-01-07 11:00:00+00:00,4489,1.16886,1.16926,1.1685,1.16892,1.16884,1.169,0.00015999999999993797
2026-01-07 12:00:00+00:00,4747,1.16893,1.16913,1.16811,1.16878,1.16869,1.16887,0.000180000000000069
2026-01-07 13:00:00+00:00,7127,1.16878,1.16948,1.16825,1.16917,1.1691,1.16924,0.000140000000000029
2026-01-07 14:00:00+00:00,7682,1.16916,1.16984,1.16871,1.1697,1.16952,1.16989,0.0003700000000002035
2026-01-07 15:00:00+00:00,14143,1.1696,1.16988,1.168,1.16902,1.16894,1.1691,0.00015999999999993797
2026-01-07 16:00:00+00:00,6002,1.16902,1.16932,1.16822,1.16893,1.16885,1.16901,0.00016000000000016001
2026-01-07 17:00:00+00:00,4740,1.16892,1.16949,1.16862,1.16879,1.16871,1.16887,0.00016000000000016001
2026-01-07 18:00:00+00:00,3616,1.1688,1.16904,1.16824,1.1683,1.16822,1.16839,0.00017000000000000348
2026-01-07 19:00:00+00:00,3979,1.16831,1.16854,1.16786,1.16824,1.16816,1.16832,0.00015999999999993797
2026-01-07 20:00:00+00:00,2776,1.16824,1.16838,1.16789,1.16789,1.16781,1.16797,0.00015999999999993797
2026-01-07 21:00:00+00:00,1382,1.16789,1.16792,1.16738,1.16759,1.16752,1.16766,0.000140000000000029
2026-01-07 22:00:00+00:00,341,1.16751,1.16782,1.16751,1.16775,1.16763,1.16787,0.00024000000000001798
2026-01-07 23:00:00+00:00,769,1.16776,1.16778,1.1675,1.16769,1.16761,1.16777,0.00015999999999993797
2026-01-08 00:00:00+00:00,2455,1.1677,1.16781,1.16758,1.16758,1.1675,1.16765,0.0001500000000000945
2026-01-08 01:00:00+00:00,3192,1.16756,1.16781,1.16728,1.16748,1.1674,1.16757,0.00017000000000000348
2026-01-08 02:00:00+00:00,2906,1.16748,1.16807,1.16728,1.16804,1.16796,1.16811,0.00014999999999987246
2026-01-08 03:00:00+00:00,2162,1.16802,1.16828,1.1679,1.168,1.16792,1.16807,0.00014999999999987246
2026-01-08 04:00:00+00:00,1954,1.168,1.16812,1.1678,1.16804,1.16796,1.16812,0.00015999999999993797
2026-01-08 05:00:00+00:00,2726,1.16804,1.1683,1.16775,1.16825,1.16817,1.16833,0.00016000000000016001
2026-01-08 06:00:00+00:00,4456,1.16824,1.1683,1.16748,1.16816,1.16807,1.16825,0.000180000000000069
2026-01-08 07:00:00+00:00,4576,1.16816,1.1683,1.1677,1.16778,1.16771,1.16786,0.00014999999999987246
2026-01-08 08:00:00+00:00,5643,1.1678,1.1679,1.1669,1.16711,1.16704,1.16718,0.000140000000000029
2026-01-08 09:00:00+00:00,4688,1.16709,1.1677,1.16693,1.16768,1.16759,1.16776,0.00017000000000000348
2026-01-08 10:00:00+00:00,4440,1.16768,1.1682,1.16758,1.16799,1.16791,1.16807,0.00015999999999993797
2026-01-08 11:00:00+00:00,3348,1.16798,1.16802,1.16753,1.16776,1.16768,1.16784,0.00015999999999993797
2026-01-08 12:00:00+00:00,3837,1.16776,1.16778,1.16697,1.16732,1.16725,1.1674,0.0001500000000000945
2026-01-08 13:00:00+00:00,6897,1.16733,1.16779,1.16583,1.16628,1.16621,1.16636,0.0001500000000000945
2026-01-08 14:00:00+00:00,7701,1.16627,1.16666,1.16563,1.16646,1.16638,1.16654,0.00015999999999993797
2026-01-08 15:00:00+00:00,7208,1.16646,1.16738,1.16608,1.16664,1.16656,1.16673,0.00017000000000000348
2026-01-08 16:00:00+00:00,5799,1.16665,1.16676,1.16524,1.16546,1.16538,1.16553,0.00014999999999987246
2026-01-08 17:00:00+00:00,4797,1.16545,1.16556,1.16438,1.16508,1.165,1.16516,0.00015999999999993797
2026-01-08 18:00:00+00:00,3418,1.16506,1.16533,1.16448,1.16452,1.16444,1.16461,0.00017000000000000348
2026-01-08 19:00:00+00:00,3346,1.1645,1.16506,1.16426,1.16501,1.16493,1.16509,0.00015999999999993797
2026-01-08 20:00:00+00:00,3507,1.16502,1.16546,1.16498,1.16513,1.16504,1.16522,0.00017999999999984695
2026-01-08 21:00:00+00:00,2627,1.16512,1.16628,1.16507,1.16589,1.16579,1.16599,0.00019999999999997797
2026-01-08 22:00:00+00:00,633,1.16574,1.16598,1.16568,1.16587,1.16576,1.16598,0.000220000000000109
2026-01-08 23:00:00+00:00,824,1.16589,1.16622,1.16565,1.16581,1.16573,1.16589,0.00016000000000016001
2026-01-09 00:00:00+00:00,1935,1.1658,1.1658,1.16535,1.16538,1.16529,1.16546,0.00017000000000000348
2026-01-09 01:00:00+00:00,3684,1.16536,1.16572,1.16484,1.16492,1.16485,1.165,0.0001500000000000945
2026-01-09 02:00:00+00:00,3211,1.16493,1.16548,1.1646,1.16543,1.16534,1.16552,0.00017999999999984695
2026-01-09 03:00:00+00:00,3208,1.16544,1.16592,1.16538,1.16562,1.16554,1.16571,0.00017000000000000348
2026-01-09 04:00:00+00:00,2111,1.16562,1.1657,1.16519,1.16542,1.16535,1.1655,0.00014999999999987246
2026-01-09 05:00:00+00:00,2271,1.16542,1.16562,1.16501,1.16511,1.16503,1.16519,0.00015999999999993797
2026-01-09 06:00:00+00:00,3281,1.16512,1.16528,1.16484,1.1649,1.16481,1.16498,0.00017000000000000348
2026-01-09 07:00:00+00:00,4552,1.1649,1.16508,1.164,1.16508,1.16499,1.16516,0.00017000000000000348
2026-01-09 08:00:00+00:00,5657,1.16508,1.1653,1.16412,1.16492,1.16484,1.16501,0.00017000000000000348
2026-01-09 09:00:00+00:00,3817,1.16492,1.16503,1.16423,1.16426,1.16417,1.16434,0.00017000000000000348
2026-01-09 10:00:00+00:00,3742,1.16424,1.16468,1.1637,1.16467,1.16459,1.16475,0.00015999999999993797
2026-01-09 11:00:00+00:00,3121,1.16468,1.1647,1.16417,1.16461,1.16453,1.16469,0.00015999999999993797
2026-01-09 12:00:00+00:00,4440,1.16462,1.16462,1.16398,1.16414,1.16407,1.16422,0.0001500000000000945
2026-01-09 13:00:00+00:00,16711,1.16415,1.16608,1.16256,1.16452,1.16444,1.1646,0.00016000000000016001
2026-01-09 14:00:00+00:00,14921,1.1645,1.16526,1.163,1.16366,1.16359,1.16373,0.000140000000000029
2026-01-09 15:00:00+00:00,13107,1.16364,1.1641,1.16182,1.16405,1.16397,1.16413,0.00016000000000016001
2026-01-09 16:00:00+00:00,6785,1.16406,1.16434,1.16282,1.16332,1.16324,1.1634,0.00015999999999993797
2026-01-09 17:00:00+00:00,4984,1.16332,1.16346,1.16276,1.16316,1.16309,1.16324,0.0001500000000000945
2026-01-09 18:00:00+00:00,3278,1.16318,1.164,1.1631,1.1634,1.16332,1.16349,0.00017000000000000348
2026-01-09 19:00:00+00:00,3038,1.16341,1.16389,1.16332,1.16348,1.1634,1.16356,0.00015999999999993797
2026-01-09 20:00:00+00:00,1927,1.16348,1.16379,1.16341,1.16347,1.16339,1.16355,0.00016000000000016001
2026-01-09 21:00:00+00:00,1610,1.16348,1.16368,1.16296,1.16364,1.1633,1.16399,0.0006900000000000794
2026-01-11 22:00:00+00:00,540,1.1633,1.1635,1.16316,1.16332,1.16282,1.16382,0.001000000000000112
2026-01-11 23:00:00+00:00,1050,1.16336,1.16354,1.16231,1.16238,1.1623,1.16245,0.00014999999999987246
2026-01-12 00:00:00+00:00,7873,1.16237,1.16651,1.16217,1.16649,1.16641,1.16657,0.00016000000000016001
2026-01-12 01:00:00+00:00,6631,1.16649,1.16714,1.16556,1.16562,1.16553,1.1657,0.00017000000000000348
2026-01-12 02:00:00+00:00,3666,1.16562,1.16644,1.16538,1.16548,1.16538,1.16557,0.00018999999999991246
2026-01-12 03:00:00+00:00,2391,1.16547,1.16593,1.16547,1.16552,1.16544,1.16561,0.00017000000000000348
2026-01-12 04:00:00+00:00,1954,1.16553,1.16584,1.1653,1.16557,1.16549,1.16565,0.00016000000000016001
2026-01-12 05:00:00+00:00,2939,1.16559,1.16712,1.16558,1.16692,1.16685,1.167,0.0001500000000000945
2026-01-12 06:00:00+00:00,3545,1.16691,1.16731,1.16643,1.16698,1.1669,1.16706,0.00015999999999993797
2026-01-12 07:00:00+00:00,6848,1.16698,1.16878,1.16686,1.1685,1.16842,1.16858,0.00015999999999993797
2026-01-12 08:00:00+00:00,7107,1.16848,1.16918,1.16759,1.16881,1.16873,1.16889,0.00015999999999993797
2026-01-12 09:00:00+00:00,5276,1.1688,1.16959,1.16812,1.16818,1.1681,1.16827,0.00017000000000000348
2026-01-12 10:00:00+00:00,4467,1.1682,1.16856,1.1676,1.16854,1.16847,1.16862,0.0001500000000000945
2026-01-12 11:00:00+00:00,4353,1.16855,1.16895,1.16756,1.16786,1.16778,1.16794,0.00015999999999993797
2026-01-12 12:00:00+00:00,4872,1.16786,1.16876,1.16772,1.16813,1.16805,1.16821,0.00015999999999993797
2026-01-12 13:00:00+00:00,7508,1.16814,1.16985,1.16779,1.16929,1.16921,1.16937,0.00015999999999993797
2026-01-12 14:00:00+00:00,8823,1.16928,1.1693,1.1674,1.16768,1.1676,1.16777,0.00017000000000000348
2026-01-12 15:00:00+00:00,6665,1.16768,1.1686,1.16729,1.16812,1.16805,1.1682,0.00014999999999987246
2026-01-12 16:00:00+00:00,5640,1.16812,1.16822,1.16713,1.16718,1.16709,1.16727,0.000180000000000069
2026-01-12 17:00:00+00:00,5020,1.16718,1.1676,1.16661,1.16686,1.16678,1.16694,0.00016000000000016001
2026-01-12 18:00:00+00:00,2985,1.16686,1.16716,1.16653,1.1669,1.16682,1.16698,0.00015999999999993797
2026-01-12 19:00:00+00:00,2403,1.16688,1.1674,1.1668,1.16721,1.16713,1.16729,0.00015999999999993797
2026-01-12 20:00:00+00:00,2629,1.16722,1.16734,1.16631,1.16652,1.16644,1.16661,0.00017000000000000348
2026-01-12 21:00:00+00:00,1289,1.16651,1.16691,1.16644,1.16668,1.16659,1.16676,0.00017000000000000348
2026-01-12 22:00:00+00:00,1337,1.167,1.16704,1.16674,1.16688,1.16675,1.167,0.0002500000000000835
2026-01-12 23:00:00+00:00,1694,1.16688,1.16709,1.16656,1.16676,1.16667,1.16684,0.00017000000000000348
2026-01-13 00:00:00+00:00,2750,1.16674,1.16676,1.16608,1.16636,1.16629,1.16644,0.00014999999999987246
2026-01-13 01:00:00+00:00,3426,1.16637,1.16646,1.16562,1.16586,1.16577,1.16594,0.00017000000000000348
2026-01-13 02:00:00+00:00,2676,1.16586,1.16614,1.16568,1.16591,1.16584,1.16598,0.000140000000000029
2026-01-13 03:00:00+00:00,2045,1.1659,1.16637,1.16565,1.16588,1.1658,1.16596,0.00016000000000016001
2026-01-13 04:00:00+00:00,2607,1.16586,1.1666,1.16585,1.16654,1.16646,1.16663,0.00017000000000000348
2026-01-13 05:00:00+00:00,2340,1.16656,1.16676,1.16618,1.16628,1.1662,1.16637,0.00017000000000000348
2026-01-13 06:00:00+00:00,3713,1.16629,1.1663,1.16538,1.16588,1.16581,1.16596,0.0001500000000000945
2026-01-13 07:00:00+00:00,4791,1.16587,1.1665,1.1656,1.16642,1.16634,1.16651,0.00017000000000000348
2026-01-13 08:00:00+00:00,5441,1.1664,1.16694,1.16587,1.16693,1.16685,1.16701,0.00016000000000016001
2026-01-13 09:00:00+00:00,4250,1.16692,1.16726,1.16636,1.1672,1.16711,1.16728,0.00017000000000000348
2026-01-13 10:00:00+00:00,4038,1.16719,1.16746,1.16652,1.16664,1.16656,1.16671,0.00014999999999987246
2026-01-13 11:00:00+00:00,2606,1.16664,1.16704,1.16646,1.16686,1.16677,1.16694,0.00017000000000000348
2026-01-13 12:00:00+00:00,4246,1.16684,1.16691,1.16531,1.16552,1.16545,1.1656,0.00014999999999987246
2026-01-13 13:00:00+00:00,14372,1.16552,1.1678,1.16502,1.16684,1.16676,1.16693,0.00017000000000000348
2026-01-13 14:00:00+00:00,11190,1.16684,1.16734,1.16574,1.16638,1.16631,1.16645,0.000140000000000029
2026-01-13 15:00:00+00:00,8663,1.16638,1.1665,1.16442,1.1652,1.16512,1.16528,0.00016000000000016001
2026-01-13 16:00:00+00:00,6730,1.16521,1.16546,1.16342,1.16457,1.16449,1.16465,0.00015999999999993797
2026-01-13 17:00:00+00:00,4860,1.16458,1.16488,1.16412,1.16462,1.16454,1.16469,0.0001500000000000945
2026-01-13 18:00:00+00:00,3598,1.16462,1.16546,1.16416,1.16533,1.16525,1.16541,0.00016000000000016001
2026-01-13 19:00:00+00:00,4026,1.16534,1.16534,1.16462,1.16492,1.16484,1.16499,0.00014999999999987246
2026-01-13 20:00:00+00:00,3107,1.16492,1.16499,1.16451,1.16456,1.16448,1.16464,0.00015999999999993797
2026-01-13 21:00:00+00:00,1400,1.16454,1.16466,1.16426,1.16428,1.16417,1.16438,0.00021000000000004349
2026-01-13 22:00:00+00:00,797,1.16436,1.16454,1.16423,1.16447,1.16431,1.16463,0.000320000000000098
2026-01-13 23:00:00+00:00,931,1.16446,1.16456,1.1642,1.1642,1.16412,1.16429,0.00017000000000000348
2026-01-14 00:00:00+00:00,2588,1.1642,1.16437,1.1638,1.16429,1.1642,1.16438,0.000180000000000069
2026-01-14 01:00:00+00:00,2601,1.1643,1.16434,1.16368,1.16382,1.16374,1.1639,0.00015999999999993797
2026-01-14 02:00:00+00:00,2223,1.16382,1.16444,1.16362,1.16436,1.16428,1.16444,0.00015999999999993797
2026-01-14 03:00:00+00:00,2035,1.16438,1.1649,1.16436,1.1647,1.16461,1.16478,0.00017000000000000348
2026-01-14 04:00:00+00:00,1357,1.1647,1.16482,1.16436,1.16441,1.16433,1.16449,0.00015999999999993797
2026-01-14 05:00:00+00:00,1841,1.1644,1.16452,1.16417,1.1642,1.16413,1.16428,0.00014999999999987246
2026-01-14 06:00:00+00:00,2560,1.1642,1.16502,1.16415,1.16492,1.16483,1.165,0.00017000000000000348
2026-01-14 07:00:00+00:00,3487,1.16491,1.1652,1.16446,1.16462,1.16455,1.1647,0.0001500000000000945
2026-01-14 08:00:00+00:00,6607,1.16462,1.16504,1.1641,1.16476,1.16467,1.16484,0.00017000000000000348
2026-01-14 09:00:00+00:00,4395,1.16475,1.16538,1.1646,1.16518,1.1651,1.16526,0.00015999999999993797
2026-01-14 10:00:00+00:00,4937,1.16518,1.16579,1.16468,1.16551,1.16543,1.16559,0.00015999999999993797
2026-01-14 11:00:00+00:00,4457,1.1655,1.1655,1.16438,1.1647,1.16462,1.16477,0.0001500000000000945
2026-01-14 12:00:00+00:00,5738,1.16471,1.166,1.1645,1.16598,1.1659,1.16605,0.0001500000000000945
2026-01-14 13:00:00+00:00,6488,1.16598,1.16598,1.16449,1.165,1.16493,1.16508,0.00014999999999987246
2026-01-14 14:00:00+00:00,9631,1.16498,1.16598,1.16488,1.16558,1.16548,1.16567,0.00018999999999991246
2026-01-14 15:00:00+00:00,10656,1.16559,1.16606,1.16494,1.166,1.16592,1.16607,0.00014999999999987246
2026-01-14 16:00:00+00:00,5981,1.16598,1.16618,1.16526,1.16546,1.16538,1.16555,0.00017000000000000348
2026-01-14 17:00:00+00:00,4978,1.16546,1.16558,1.16456,1.16468,1.1646,1.16476,0.00015999999999993797
2026-01-14 18:00:00+00:00,4275,1.16468,1.16479,1.1638,1.1638,1.16373,1.16388,0.0001500000000000945
2026-01-14 19:00:00+00:00,3199,1.16379,1.16394,1.16353,1.16362,1.16354,1.16371,0.00017000000000000348
2026-01-14 20:00:00+00:00,4510,1.16363,1.16474,1.16363,1.16433,1.16425,1.16441,0.00015999999999993797
2026-01-14 21:00:00+00:00,1937,1.1643,1.16465,1.16422,1.16454,1.16446,1.16463,0.00017000000000000348
2026-01-14 22:00:00+00:00,503,1.16469,1.1647,1.16444,1.1645,1.16432,1.16468,0.00035999999999991594
2026-01-14 23:00:00+00:00,1333,1.16448,1.16471,1.16445,1.1645,1.16443,1.16458,0.00014999999999987246
2026-01-15 00:00:00+00:00,3034,1.16451,1.16456,1.16358,1.16378,1.1637,1.16385,0.0001500000000000945
2026-01-15 01:00:00+00:00,5281,1.16377,1.16419,1.16333,1.16386,1.16379,1.16394,0.00014999999999987246
2026-01-15 02:00:00+00:00,2637,1.16382,1.16409,1.16362,1.16403,1.16395,1.16411,0.00015999999999993797
2026-01-15 03:00:00+00:00,2190,1.16402,1.16415,1.16368,1.16389,1.16381,1.16397,0.00015999999999993797
2026-01-15 04:00:00+00:00,1774,1.1639,1.16394,1.16343,1.16346,1.16338,1.16353,0.00014999999999987246
2026-01-15 05:00:00+00:00,2826,1.16346,1.1638,1.16336,1.16352,1.16344,1.16359,0.00014999999999987246
2026-01-15 06:00:00+00:00,3735,1.16352,1.16385,1.163,1.16332,1.16324,1.1634,0.00015999999999993797
2026-01-15 07:00:00+00:00,5320,1.16333,1.16366,1.1626,1.16289,1.1628,1.16298,0.00017999999999984695
2026-01-15 08:00:00+00:00,5212,1.16288,1.16354,1.16269,1.16308,1.163,1.16317,0.00017000000000000348
2026-01-15 09:00:00+00:00,5951,1.16308,1.164,1.16304,1.16359,1.16351,1.16367,0.00015999999999993797
2026-01-15 10:00:00+00:00,4472,1.16358,1.16411,1.16329,1.16358,1.16349,1.16366,0.00017000000000000348
2026-01-15 11:00:00+00:00,4021,1.16356,1.16381,1.16302,1.16308,1.16301,1.16316,0.00014999999999987246
2026-01-15 12:00:00+00:00,4022,1.16307,1.1635,1.16203,1.16228,1.16219,1.16236,0.00017000000000000348
2026-01-15 13:00:00+00:00,10161,1.16229,1.16252,1.15988,1.16014,1.16007,1.16022,0.0001500000000000945
2026-01-15 14:00:00+00:00,9914,1.16013,1.1611,1.15932,1.16012,1.16004,1.1602,0.00015999999999993797
2026-01-15 15:00:00+00:00,8218,1.16012,1.16096,1.1597,1.16024,1.16016,1.16031,0.00014999999999987246
2026-01-15 16:00:00+00:00,5845,1.16024,1.16112,1.15984,1.16047,1.16039,1.16055,0.00015999999999993797
2026-01-15 17:00:00+00:00,4405,1.16046,1.16138,1.16036,1.1609,1.16082,1.16098,0.00015999999999993797
2026-01-15 18:00:00+00:00,3167,1.1609,1.16153,1.1609,1.16149,1.16141,1.16157,0.00015999999999993797
2026-01-15 19:00:00+00:00,3919,1.16148,1.16176,1.16114,1.16138,1.1613,1.16145,0.0001500000000000945
2026-01-15 20:00:00+00:00,3473,1.1614,1.16155,1.16028,1.16043,1.16035,1.16051,0.00015999999999993797
2026-01-15 21:00:00+00:00,1631,1.16042,1.16112,1.16034,1.16094,1.16085,1.16102,0.00017000000000000348
2026-01-15 22:00:00+00:00,744,1.16088,1.16098,1.16079,1.1608,1.16064,1.16097,0.0003300000000001635
2026-01-15 23:00:00+00:00,749,1.16076,1.16104,1.16076,1.16092,1.16083,1.161,0.00017000000000000348
2026-01-16 00:00:00+00:00,2716,1.16092,1.16096,1.16028,1.16038,1.1603,1.16046,0.00015999999999993797
2026-01-16 01:00:00+00:00,3172,1.16036,1.16088,1.16024,1.1607,1.16061,1.16078,0.00017000000000000348
2026-01-16 02:00:00+00:00,3428,1.1607,1.16142,1.16063,1.16096,1.16089,1.16103,0.000140000000000029
2026-01-16 03:00:00+00:00,2322,1.16097,1.16125,1.1607,1.16122,1.16114,1.1613,0.00015999999999993797
2026-01-16 04:00:00+00:00,1458,1.16122,1.16138,1.16102,1.1611,1.16103,1.16118,0.0001500000000000945
2026-01-16 05:00:00+00:00,2541,1.1611,1.16112,1.1606,1.16067,1.16059,1.16075,0.00015999999999993797
2026-01-16 06:00:00+00:00,2463,1.16068,1.16098,1.16044,1.16096,1.16088,1.16104,0.00016000000000016001
2026-01-16 07:00:00+00:00,4941,1.16094,1.16148,1.1608,1.16122,1.16114,1.1613,0.00015999999999993797
2026-01-16 08:00:00+00:00,5611,1.16122,1.16148,1.16085,1.16094,1.16086,1.16102,0.00015999999999993797
2026-01-16 09:00:00+00:00,3826,1.16094,1.16153,1.16081,1.16084,1.16076,1.16091,0.0001500000000000945
2026-01-16 10:00:00+00:00,4034,1.16084,1.16176,1.16082,1.1613,1.16122,1.16139,0.00017000000000000348
2026-01-16 11:00:00+00:00,4490,1.16131,1.16236,1.16129,1.16193,1.16185,1.16201,0.00015999999999993797
2026-01-16 12:00:00+00:00,4400,1.16192,1.16223,1.16136,1.16192,1.16184,1.162,0.00015999999999993797
2026-01-16 13:00:00+00:00,5315,1.1619,1.1621,1.16116,1.16186,1.16178,1.16194,0.00015999999999993797
2026-01-16 14:00:00+00:00,6376,1.16188,1.16208,1.16126,1.16182,1.16174,1.16191,0.00017000000000000348
2026-01-16 15:00:00+00:00,16086,1.16183,1.16275,1.15845,1.15935,1.15927,1.15943,0.00015999999999993797
2026-01-16 16:00:00+00:00,8929,1.15936,1.1606,1.15936,1.15983,1.15975,1.15991,0.00015999999999993797
2026-01-16 17:00:00+00:00,5504,1.15984,1.1603,1.15948,1.15957,1.15949,1.15965,0.00016000000000016001
2026-01-16 18:00:00+00:00,4047,1.15955,1.15993,1.15894,1.15955,1.15947,1.15963,0.00015999999999993797
2026-01-16 19:00:00+00:00,3700,1.15956,1.15974,1.15915,1.15964,1.15956,1.15971,0.0001500000000000945
2026-01-16 20:00:00+00:00,2194,1.15965,1.16023,1.15954,1.15994,1.15985,1.16002,0.00017000000000000348
2026-01-16 21:00:00+00:00,1707,1.15994,1.16023,1.15976,1.15988,1.15979,1.15997,0.00017999999999984695
2026-01-18 22:00:00+00:00,1591,1.15802,1.1587,1.15782,1.15844,1.15824,1.15865,0.00041000000000002146
2026-01-18 23:00:00+00:00,7394,1.15848,1.1627,1.15792,1.16244,1.16235,1.16253,0.000180000000000069
2026-01-19 00:00:00+00:00,9762,1.16244,1.16378,1.16046,1.1632,1.16312,1.16329,0.00017000000000000348
2026-01-19 01:00:00+00:00,6204,1.16321,1.16345,1.16221,1.16226,1.16218,1.16234,0.00015999999999993797
2026-01-19 02:00:00+00:00,4821,1.16227,1.1624,1.16157,1.16176,1.16168,1.16185,0.00017000000000000348
2026-01-19 03:00:00+00:00,3474,1.16178,1.16262,1.1616,1.16247,1.16239,1.16255,0.00015999999999993797
2026-01-19 04:00:00+00:00,2973,1.16246,1.16337,1.16246,1.1633,1.16323,1.16338,0.0001500000000000945
2026-01-19 05:00:00+00:00,3292,1.16331,1.16376,1.16268,1.16276,1.16268,1.16283,0.0001500000000000945
2026-01-19 06:00:00+00:00,3107,1.16274,1.16326,1.1625,1.1628,1.16272,1.16288,0.00015999999999993797
2026-01-19 07:00:00+00:00,6565,1.16282,1.16415,1.1623,1.16261,1.16253,1.16269,0.00015999999999993797
2026-01-19 08:00:00+00:00,5986,1.16262,1.1628,1.16185,1.16251,1.16243,1.16259,0.00015999999999993797
2026-01-19 09:00:00+00:00,6263,1.1625,1.16298,1.16112,1.16245,1.16237,1.16253,0.00016000000000016001
2026-01-19 10:00:00+00:00,4612,1.16244,1.16286,1.16222,1.1624,1.16232,1.16249,0.00017000000000000348
2026-01-19 11:00:00+00:00,3591,1.16241,1.16291,1.16202,1.1628,1.16272,1.16288,0.00015999999999993797
2026-01-19 12:00:00+00:00,3787,1.16278,1.16334,1.16252,1.16257,1.16249,1.16265,0.00015999999999993797
2026-01-19 13:00:00+00:00,4586,1.16258,1.16356,1.16258,1.16318,1.1631,1.16325,0.00014999999999987246
2026-01-19 14:00:00+00:00,4453,1.16317,1.16426,1.16302,1.16397,1.1639,1.16404,0.000140000000000029
2026-01-19 15:00:00+00:00,5268,1.16398,1.16434,1.16318,1.16398,1.16391,1.16406,0.0001500000000000945
2026-01-19 16:00:00+00:00,3103,1.16398,1.16475,1.16377,1.1642,1.16411,1.16428,0.00017000000000000348
2026-01-19 17:00:00+00:00,1887,1.1642,1.16466,1.16396,1.16458,1.16451,1.16466,0.0001500000000000945
2026-01-19 18:00:00+00:00,1169,1.16459,1.16489,1.16432,1.16432,1.16424,1.16441,0.00017000000000000348
2026-01-19 19:00:00+00:00,830,1.16431,1.1647,1.16426,1.16433,1.16425,1.16441,0.00015999999999993797
2026-01-19 20:00:00+00:00,990,1.16432,1.16454,1.16419,1.16454,1.16446,1.16463,0.00017000000000000348
2026-01-19 21:00:00+00:00,972,1.16454,1.16465,1.1643,1.1646,1.16452,1.16467,0.0001500000000000945
2026-01-19 22:00:00+00:00,268,1.16427,1.1647,1.16427,1.16458,1.16443,1.16472,0.00028999999999990145
2026-01-19 23:00:00+00:00,938,1.16457,1.16464,1.16385,1.16394,1.16386,1.16402,0.00016000000000016001
2026-01-20 00:00:00+00:00,2688,1.16394,1.16412,1.16326,1.16404,1.16396,1.16412,0.00015999999999993797
2026-01-20 01:00:00+00:00,4321,1.16404,1.1644,1.1639,1.16438,1.1643,1.16445,0.0001500000000000945
2026-01-20 02:00:00+00:00,2452,1.16438,1.16465,1.16406,1.16444,1.16436,1.16451,0.00014999999999987246
2026-01-20 03:00:00+00:00,3301,1.16444,1.16588,1.16441,1.16566,1.16558,1.16575,0.00017000000000000348
2026-01-20 04:00:00+00:00,2904,1.16568,1.16666,1.16561,1.16656,1.16648,1.16664,0.00015999999999993797
2026-01-20 05:00:00+00:00,3521,1.16656,1.16727,1.1663,1.16632,1.16624,1.16641,0.00017000000000000348
2026-01-20 06:00:00+00:00,4696,1.16633,1.1669,1.16622,1.16686,1.16678,1.16693,0.0001500000000000945
2026-01-20 07:00:00+00:00,8862,1.16684,1.16938,1.16641,1.16888,1.16879,1.16896,0.00017000000000000348
2026-01-20 08:00:00+00:00,12239,1.16888,1.17219,1.16872,1.17162,1.17154,1.17171,0.00017000000000000348
2026-01-20 09:00:00+00:00,9634,1.17163,1.17328,1.17157,1.17262,1.17253,1.17271,0.00017999999999984695
2026-01-20 10:00:00+00:00,8499,1.17262,1.17322,1.17153,1.1731,1.17303,1.17318,0.00014999999999987246
2026-01-20 11:00:00+00:00,6648,1.17312,1.1739,1.17224,1.1735,1.17342,1.17357,0.0001500000000000945
2026-01-20 12:00:00+00:00,6918,1.1735,1.17438,1.17256,1.1726,1.17251,1.17268,0.00017000000000000348
2026-01-20 13:00:00+00:00,18350,1.17258,1.17693,1.17183,1.17334,1.17326,1.17342,0.00015999999999993797
2026-01-20 14:00:00+00:00,16339,1.17334,1.1737,1.17152,1.17193,1.17185,1.17201,0.00015999999999993797
2026-01-20 15:00:00+00:00,12461,1.17194,1.17372,1.17163,1.1727,1.17262,1.17279,0.00017000000000000348
2026-01-20 16:00:00+00:00,8646,1.17271,1.17394,1.1727,1.17389,1.17382,1.17396,0.00013999999999980695
2026-01-20 17:00:00+00:00,6006,1.17388,1.17428,1.17297,1.17316,1.17307,1.17324,0.00017000000000000348
2026-01-20 18:00:00+00:00,4558,1.17315,1.17341,1.17264,1.17266,1.17258,1.17275,0.00017000000000000348
2026-01-20 19:00:00+00:00,6000,1.17267,1.17279,1.17114,1.17124,1.17116,1.17132,0.00015999999999993797
2026-01-20 20:00:00+00:00,7308,1.17124,1.17206,1.1711,1.17196,1.17187,1.17204,0.00017000000000000348
2026-01-20 21:00:00+00:00,1579,1.17196,1.1727,1.17176,1.17268,1.17258,1.17277,0.0001900000000001345
2026-01-20 22:00:00+00:00,879,1.17245,1.17262,1.17212,1.17223,1.17211,1.17235,0.00024000000000001798
2026-01-20 23:00:00+00:00,1109,1.1722,1.17289,1.17218,1.17272,1.17264,1.17281,0.00017000000000000348
2026-01-21 00:00:00+00:00,3224,1.1727,1.1727,1.17166,1.17237,1.17228,1.17246,0.000180000000000069
2026-01-21 01:00:00+00:00,5146,1.17238,1.17342,1.17228,1.1729,1.17282,1.17298,0.00015999999999993797
2026-01-21 02:00:00+00:00,3621,1.1729,1.17318,1.17244,1.17264,1.17257,1.17272,0.0001500000000000945
2026-01-21 03:00:00+00:00,4150,1.17269,1.17289,1.17106,1.1719,1.17182,1.17197,0.00014999999999987246
2026-01-21 04:00:00+00:00,3115,1.17189,1.17205,1.17141,1.17182,1.17174,1.17189,0.0001500000000000945
2026-01-21 05:00:00+00:00,2810,1.17181,1.17217,1.17156,1.17174,1.17165,1.17182,0.00017000000000000348
2026-01-21 06:00:00+00:00,3227,1.17174,1.17252,1.17155,1.1724,1.17232,1.17247,0.00014999999999987246
2026-01-21 07:00:00+00:00,6805,1.17238,1.17254,1.17101,1.1717,1.17162,1.17178,0.00015999999999993797
2026-01-21 08:00:00+00:00,6908,1.1717,1.17187,1.1705,1.17103,1.17095,1.17111,0.00016000000000016001
2026-01-21 09:00:00+00:00,4961,1.17101,1.17128,1.17013,1.17036,1.17027,1.17044,0.00017000000000000348
2026-01-21 10:00:00+00:00,4836,1.17034,1.17086,1.17016,1.1707,1.17062,1.17078,0.00015999999999993797
2026-01-21 11:00:00+00:00,5638,1.17068,1.17203,1.1704,1.17141,1.17133,1.17149,0.00015999999999993797
2026-01-21 12:00:00+00:00,5968,1.17142,1.17358,1.17122,1.17349,1.17341,1.17357,0.00015999999999993797
2026-01-21 13:00:00+00:00,7495,1.1735,1.1743,1.17286,1.17397,1.17389,1.17405,0.00015999999999993797
2026-01-21 14:00:00+00:00,19281,1.17398,1.17408,1.17152,1.17248,1.1724,1.17255,0.00014999999999987246
2026-01-21 15:00:00+00:00,13099,1.17247,1.17285,1.17006,1.1702,1.17012,1.17028,0.00015999999999993797
2026-01-21 16:00:00+00:00,10460,1.1702,1.17107,1.16948,1.17033,1.17025,1.17041,0.00015999999999993797
2026-01-21 17:00:00+00:00,7939,1.17034,1.17116,1.16972,1.1703,1.17022,1.17038,0.00015999999999993797
2026-01-21 18:00:00+00:00,5020,1.17028,1.17034,1.16937,1.1697,1.16962,1.16977,0.00014999999999987246
2026-01-21 19:00:00+00:00,12335,1.1697,1.17053,1.16772,1.16914,1.16907,1.16921,0.000140000000000029
2026-01-21 20:00:00+00:00,6612,1.16916,1.1692,1.16762,1.16869,1.16861,1.16877,0.00016000000000016001
2026-01-21 21:00:00+00:00,1777,1.16869,1.16896,1.1684,1.16876,1.16866,1.16886,0.00019999999999997797
2026-01-21 22:00:00+00:00,1017,1.16854,1.16877,1.16842,1.16852,1.16839,1.16864,0.00024999999999986144
2026-01-21 23:00:00+00:00,1754,1.16855,1.16856,1.16698,1.1673,1.16723,1.16738,0.0001500000000000945
2026-01-22 00:00:00+00:00,4517,1.1673,1.16898,1.16729,1.16874,1.16866,1.16882,0.00015999999999993797
2026-01-22 01:00:00+00:00,4378,1.16872,1.16902,1.16814,1.16888,1.16881,1.16895,0.000140000000000029
2026-01-22 02:00:00+00:00,3078,1.16888,1.16936,1.16835,1.16857,1.16849,1.16865,0.00015999999999993797
2026-01-22 03:00:00+00:00,1845,1.16856,1.16904,1.1685,1.16889,1.16881,1.16897,0.00016000000000016001
2026-01-22 04:00:00+00:00,2217,1.1689,1.16973,1.16889,1.16916,1.16908,1.16923,0.0001500000000000945
2026-01-22 05:00:00+00:00,2574,1.16914,1.1692,1.16842,1.16882,1.16874,1.16891,0.00017000000000000348
2026-01-22 06:00:00+00:00,3424,1.16884,1.16918,1.16842,1.16885,1.16877,1.16893,0.00015999999999993797
2026-01-22 07:00:00+00:00,5351,1.16884,1.16962,1.16848,1.16904,1.16897,1.16912,0.00014999999999987246
2026-01-22 08:00:00+00:00,6289,1.16902,1.1695,1.16842,1.1689,1.16882,1.16897,0.0001500000000000945
2026-01-22 09:00:00+00:00,5411,1.16894,1.16974,1.16878,1.16926,1.16919,1.16933,0.000140000000000029
2026-01-22 10:00:00+00:00,4055,1.16927,1.16956,1.16866,1.16953,1.16946,1.1696,0.000140000000000029
2026-01-22 11:00:00+00:00,6952,1.16954,1.17041,1.16904,1.17024,1.17016,1.17031,0.00014999999999987246
2026-01-22 12:00:00+00:00,5084,1.17022,1.17092,1.17001,1.17038,1.1703,1.17046,0.00016000000000016001
2026-01-22 13:00:00+00:00,8329,1.17038,1.17187,1.1703,1.17139,1.17131,1.17147,0.00015999999999993797
2026-01-22 14:00:00+00:00,8773,1.17138,1.17256,1.17108,1.17202,1.17194,1.17209,0.0001500000000000945
2026-01-22 15:00:00+00:00,8500,1.17202,1.17342,1.17185,1.1734,1.17332,1.17349,0.00017000000000000348
2026-01-22 16:00:00+00:00,7700,1.1734,1.17508,1.17334,1.17388,1.17379,1.17396,0.00017000000000000348
2026-01-22 17:00:00+00:00,6662,1.17386,1.1748,1.17275,1.17464,1.17457,1.17472,0.0001500000000000945
2026-01-22 18:00:00+00:00,3438,1.17463,1.17488,1.17432,1.17475,1.17466,1.17484,0.000180000000000069
2026-01-22 19:00:00+00:00,3139,1.17474,1.1748,1.17412,1.17441,1.17433,1.17449,0.00015999999999993797
2026-01-22 20:00:00+00:00,2765,1.17442,1.1753,1.17422,1.1749,1.17482,1.17497,0.0001500000000000945
2026-01-22 21:00:00+00:00,1967,1.17486,1.17566,1.17473,1.17552,1.17543,1.17561,0.000180000000000069
2026-01-22 22:00:00+00:00,520,1.17528,1.17566,1.17516,1.17562,1.17552,1.17572,0.00020000000000020002
2026-01-22 23:00:00+00:00,1212,1.17561,1.17592,1.17534,1.17538,1.1753,1.17547,0.00017000000000000348
2026-01-23 00:00:00+00:00,2812,1.17538,1.17538,1.17479,1.17481,1.17473,1.17489,0.00015999999999993797
2026-01-23 01:00:00+00:00,4595,1.1748,1.17538,1.1747,1.17494,1.17486,1.17502,0.00015999999999993797
2026-01-23 02:00:00+00:00,2966,1.17493,1.17502,1.1744,1.17454,1.17445,1.17462,0.00017000000000000348
2026-01-23 03:00:00+00:00,3223,1.17453,1.17488,1.17436,1.17436,1.17428,1.17444,0.00015999999999993797
2026-01-23 04:00:00+00:00,1853,1.17436,1.1751,1.17432,1.17498,1.17491,1.17506,0.0001500000000000945
2026-01-23 05:00:00+00:00,2450,1.17499,1.1754,1.17498,1.1751,1.17501,1.17518,0.00016999999999978144
2026-01-23 06:00:00+00:00,4606,1.1751,1.1753,1.17414,1.17419,1.17411,1.17427,0.00015999999999993797
2026-01-23 07:00:00+00:00,10514,1.1742,1.17474,1.17349,1.1736,1.17352,1.17368,0.00016000000000016001
2026-01-23 08:00:00+00:00,8895,1.17358,1.17452,1.17283,1.174,1.17391,1.17408,0.00017000000000000348
2026-01-23 09:00:00+00:00,6546,1.174,1.17452,1.17351,1.17354,1.17346,1.17361,0.0001500000000000945
2026-01-23 10:00:00+00:00,4662,1.17354,1.1736,1.173,1.17346,1.17338,1.17354,0.00015999999999993797
2026-01-23 11:00:00+00:00,5012,1.17347,1.17406,1.17308,1.17374,1.17367,1.17382,0.0001500000000000945
2026-01-23 12:00:00+00:00,4201,1.17374,1.17444,1.17365,1.17424,1.17417,1.17432,0.0001500000000000945
2026-01-23 13:00:00+00:00,4796,1.17425,1.17473,1.17328,1.17341,1.17333,1.17349,0.00015999999999993797
2026-01-23 14:00:00+00:00,6322,1.17342,1.17482,1.17319,1.17463,1.17453,1.17473,0.00019999999999997797
2026-01-23 15:00:00+00:00,7264,1.17462,1.17616,1.17459,1.17582,1.17574,1.17589,0.0001500000000000945
2026-01-23 16:00:00+00:00,9082,1.17583,1.17753,1.17464,1.17706,1.17699,1.17714,0.0001500000000000945
2026-01-23 17:00:00+00:00,14048,1.17706,1.1799,1.1769,1.17944,1.17937,1.17952,0.00014999999999987246
2026-01-23 18:00:00+00:00,9120,1.17944,1.17957,1.17772,1.17922,1.17914,1.17929,0.00014999999999987246
2026-01-23 19:00:00+00:00,7439,1.17922,1.1815,1.17916,1.18117,1.18109,1.18125,0.00015999999999993797
2026-01-23 20:00:00+00:00,6307,1.18118,1.18264,1.18101,1.18214,1.18205,1.18223,0.00017999999999984695
2026-01-23 21:00:00+00:00,4015,1.18214,1.18339,1.18211,1.18277,1.18253,1.18301,0.0004799999999998139
2026-01-25 22:00:00+00:00,3160,1.18635,1.18931,1.1851,1.189,1.18886,1.18914,0.000280000000000058
2026-01-25 23:00:00+00:00,8807,1.18896,1.18977,1.18544,1.18604,1.18596,1.18612,0.00016000000000016001
2026-01-26 00:00:00+00:00,10743,1.18603,1.18632,1.18444,1.18612,1.18603,1.18622,0.0001900000000001345
2026-01-26 01:00:00+00:00,11024,1.18613,1.18692,1.18548,1.18578,1.1857,1.18585,0.0001500000000000945
2026-01-26 02:00:00+00:00,8785,1.18578,1.18766,1.18558,1.18676,1.18669,1.18684,0.00014999999999987246
2026-01-26 03:00:00+00:00,5764,1.18677,1.18678,1.18582,1.18624,1.18616,1.18632,0.00015999999999993797
2026-01-26 04:00:00+00:00,5862,1.18626,1.18694,1.18554,1.18592,1.18584,1.18599,0.0001500000000000945
2026-01-26 05:00:00+00:00,4596,1.18591,1.187,1.18582,1.1865,1.18641,1.18658,0.00017000000000000348
2026-01-26 06:00:00+00:00,6440,1.1865,1.18656,1.18505,1.18517,1.18509,1.18525,0.00015999999999993797
2026-01-26 07:00:00+00:00,9527,1.18517,1.18628,1.18365,1.18388,1.1838,1.18397,0.00017000000000000348
2026-01-26 08:00:00+00:00,11476,1.18388,1.18598,1.18382,1.18536,1.18527,1.18544,0.00017000000000000348
2026-01-26 09:00:00+00:00,10073,1.18536,1.18674,1.18418,1.18637,1.18629,1.18645,0.00015999999999993797
2026-01-26 10:00:00+00:00,6483,1.18638,1.18653,1.18536,1.18608,1.186,1.18615,0.0001500000000000945
2026-01-26 11:00:00+00:00,6261,1.18607,1.18607,1.18486,1.18559,1.18551,1.18567,0.00015999999999993797
2026-01-26 12:00:00+00:00,6039,1.1856,1.18571,1.18401,1.18422,1.18415,1.1843,0.00014999999999987246
2026-01-26 13:00:00+00:00,7823,1.18422,1.18568,1.1835,1.1856,1.18552,1.18568,0.00016000000000016001
2026-01-26 14:00:00+00:00,10273,1.1856,1.18796,1.18526,1.1879,1.18783,1.18798,0.0001500000000000945
2026-01-26 15:00:00+00:00,10540,1.18791,1.1897,1.18706,1.18954,1.18947,1.18961,0.000140000000000029
2026-01-26 16:00:00+00:00,10779,1.18954,1.19072,1.188,1.18859,1.18851,1.18867,0.00015999999999993797
2026-01-26 17:00:00+00:00,7470,1.1886,1.18914,1.18748,1.18788,1.18779,1.18796,0.00017000000000000348
2026-01-26 18:00:00+00:00,7084,1.18788,1.18904,1.18782,1.18791,1.18784,1.18798,0.000140000000000029
2026-01-26 19:00:00+00:00,7339,1.1879,1.18816,1.18706,1.18791,1.18784,1.18798,0.000140000000000029
2026-01-26 20:00:00+00:00,4875,1.18792,1.18837,1.18774,1.18826,1.18818,1.18834,0.00015999999999993797
2026-01-26 21:00:00+00:00,2392,1.18826,1.18864,1.1874,1.188,1.18791,1.1881,0.00018999999999991246
2026-01-26 22:00:00+00:00,1088,1.18767,1.18788,1.18756,1.18773,1.1875,1.18796,0.00045999999999990493
2026-01-26 23:00:00+00:00,1903,1.18774,1.18816,1.18716,1.18738,1.1873,1.18746,0.00015999999999993797
2026-01-27 00:00:00+00:00,5203,1.18736,1.18826,1.18725,1.18772,1.18764,1.1878,0.00015999999999993797
2026-01-27 01:00:00+00:00,5572,1.18771,1.18815,1.18734,1.18788,1.18779,1.18796,0.00017000000000000348
2026-01-27 02:00:00+00:00,4681,1.18788,1.18996,1.18762,1.18933,1.18924,1.18942,0.00017999999999984695
2026-01-27 03:00:00+00:00,4077,1.18933,1.18933,1.18793,1.18796,1.18788,1.18804,0.00015999999999993797
2026-01-27 04:00:00+00:00,3112,1.18798,1.18825,1.187,1.18734,1.18726,1.18742,0.00015999999999993797
2026-01-27 05:00:00+00:00,3243,1.18734,1.18786,1.18719,1.18766,1.18759,1.18774,0.0001500000000000945
2026-01-27 06:00:00+00:00,4225,1.18767,1.18814,1.18708,1.1872,1.18712,1.18727,0.0001500000000000945
2026-01-27 07:00:00+00:00,6549,1.18719,1.18756,1.1861,1.18638,1.1863,1.18645,0.0001500000000000945
2026-01-27 08:00:00+00:00,7284,1.18639,1.18672,1.18504,1.18608,1.186,1.18615,0.0001500000000000945
2026-01-27 09:00:00+00:00,8068,1.18606,1.18898,1.18589,1.18891,1.18884,1.18898,0.000140000000000029
2026-01-27 10:00:00+00:00,9315,1.1889,1.189,1.18742,1.18888,1.18881,1.18896,0.0001500000000000945
2026-01-27 11:00:00+00:00,5680,1.1889,1.18972,1.18854,1.18954,1.18946,1.18963,0.00017000000000000348
2026-01-27 12:00:00+00:00,13799,1.18955,1.19344,1.18942,1.19281,1.19273,1.19289,0.00015999999999993797
2026-01-27 13:00:00+00:00,14312,1.19282,1.19386,1.19142,1.19234,1.19226,1.19243,0.00017000000000000348
2026-01-27 14:00:00+00:00,15502,1.19234,1.19558,1.19184,1.19439,1.19428,1.1945,0.00021999999999988695
2026-01-27 15:00:00+00:00,16618,1.19438,1.19726,1.19438,1.19508,1.19499,1.19516,0.00017000000000000348
2026-01-27 16:00:00+00:00,13257,1.19507,1.19902,1.19497,1.19792,1.19785,1.198,0.00014999999999987246
2026-01-27 17:00:00+00:00,11496,1.19792,1.19837,1.19587,1.198,1.19792,1.19807,0.00014999999999987246
2026-01-27 18:00:00+00:00,8598,1.198,1.19874,1.19717,1.19778,1.19769,1.19786,0.00017000000000000348
2026-01-27 19:00:00+00:00,5896,1.19776,1.19808,1.19712,1.19772,1.19764,1.1978,0.00015999999999993797
2026-01-27 20:00:00+00:00,25750,1.19772,1.20831,1.19718,1.20295,1.20285,1.20305,0.00019999999999997797
2026-01-27 21:00:00+00:00,15660,1.20294,1.205,1.20232,1.20409,1.20395,1.20423,0.00027999999999983594
2026-01-27 22:00:00+00:00,1272,1.20395,1.20435,1.20372,1.20428,1.20412,1.20445,0.00032999999999994145
2026-01-27 23:00:00+00:00,4409,1.2043,1.20475,1.20165,1.20231,1.20222,1.2024,0.00017999999999984695
2026-01-28 00:00:00+00:00,8899,1.20231,1.20236,1.2008,1.20151,1.20143,1.20159,0.00015999999999993797
2026-01-28 01:00:00+00:00,8208,1.20152,1.2016,1.19928,1.19929,1.19921,1.19937,0.00015999999999993797
2026-01-28 02:00:00+00:00,6013,1.19928,1.2,1.19872,1.19975,1.19967,1.19983,0.00015999999999993797
2026-01-28 03:00:00+00:00,3912,1.19977,1.2005,1.19953,1.1997,1.19961,1.19978,0.00017000000000000348
2026-01-28 04:00:00+00:00,3265,1.19971,1.20018,1.19915,1.20002,1.19994,1.2001,0.00015999999999993797
2026-01-28 05:00:00+00:00,8424,1.2,1.2001,1.19748,1.1997,1.19962,1.19978,0.00016000000000016001
2026-01-28 06:00:00+00:00,5771,1.1997,1.20071,1.19904,1.19952,1.19944,1.1996,0.00015999999999993797
2026-01-28 07:00:00+00:00,11014,1.19952,1.20259,1.19844,1.19914,1.19906,1.19921,0.0001500000000000945
2026-01-28 08:00:00+00:00,12618,1.19914,1.20049,1.19704,1.19805,1.19797,1.19813,0.00015999999999993797
2026-01-28 09:00:00+00:00,9180,1.19806,1.19929,1.1975,1.19869,1.19861,1.19877,0.00015999999999993797
2026-01-28 10:00:00+00:00,8285,1.1987,1.1995,1.19726,1.1989,1.19882,1.19898,0.00015999999999993797
2026-01-28 11:00:00+00:00,7192,1.19892,1.19896,1.19618,1.19681,1.19673,1.19689,0.00015999999999993797
2026-01-28 12:00:00+00:00,7462,1.19681,1.19836,1.1966,1.19798,1.1979,1.19806,0.00015999999999993797
2026-01-28 13:00:00+00:00,9826,1.19798,1.19808,1.1952,1.19576,1.19567,1.19584,0.00017000000000000348
2026-01-28 14:00:00+00:00,10710,1.19578,1.19776,1.19526,1.19626,1.19618,1.19633,0.00014999999999987246
2026-01-28 15:00:00+00:00,33542,1.19627,1.19704,1.1923,1.19434,1.19426,1.19443,0.00017000000000000348
2026-01-28 16:00:00+00:00,14375,1.19436,1.19526,1.19186,1.19406,1.19397,1.19414,0.00017000000000000348
2026-01-28 17:00:00+00:00,6668,1.19406,1.19433,1.1928,1.1941,1.19402,1.19419,0.00017000000000000348
2026-01-28 18:00:00+00:00,7351,1.1941,1.19423,1.19145,1.19222,1.19203,1.19241,0.00038000000000004697
2026-01-28 19:00:00+00:00,25762,1.19222,1.19418,1.18958,1.19405,1.19397,1.19413,0.00015999999999993797
2026-01-28 20:00:00+00:00,10258,1.19406,1.19502,1.19295,1.19457,1.1945,1.19464,0.000140000000000029
2026-01-28 21:00:00+00:00,3275,1.19457,1.19542,1.19417,1.19537,1.19529,1.19545,0.00015999999999993797
2026-01-28 22:00:00+00:00,467,1.19556,1.19568,1.19548,1.1956,1.19549,1.1957,0.00021000000000004349
2026-01-28 23:00:00+00:00,4315,1.19561,1.19811,1.19526,1.1981,1.19801,1.19819,0.000180000000000069
2026-01-29 00:00:00+00:00,6716,1.19808,1.19852,1.1969,1.19736,1.19727,1.19745,0.00017999999999984695
2026-01-29 01:00:00+00:00,7114,1.19735,1.19735,1.19568,1.19614,1.19607,1.19622,0.0001500000000000945
2026-01-29 02:00:00+00:00,5611,1.19614,1.19758,1.19532,1.19732,1.19723,1.1974,0.00017000000000000348
2026-01-29 03:00:00+00:00,4749,1.1973,1.19868,1.19706,1.19866,1.19859,1.19873,0.000140000000000029
2026-01-29 04:00:00+00:00,5048,1.19866,1.19907,1.19752,1.199,1.19892,1.19908,0.00015999999999993797
2026-01-29 05:00:00+00:00,3984,1.19898,1.19938,1.19806,1.19812,1.19804,1.1982,0.00015999999999993797
2026-01-29 06:00:00+00:00,5335,1.19812,1.19892,1.19753,1.19846,1.19837,1.19854,0.00017000000000000348
2026-01-29 07:00:00+00:00,8640,1.19846,1.19966,1.19672,1.1974,1.19733,1.19747,0.000140000000000029
2026-01-29 08:00:00+00:00,11287,1.1974,1.19858,1.19615,1.19686,1.19676,1.19695,0.00018999999999991246
2026-01-29 09:00:00+00:00,8387,1.19684,1.19742,1.19515,1.19558,1.19551,1.19566,0.00014999999999987246
2026-01-29 10:00:00+00:00,8088,1.1956,1.1958,1.19388,1.19424,1.19416,1.19432,0.00015999999999993797
2026-01-29 11:00:00+00:00,6825,1.19426,1.1953,1.19382,1.1947,1.19461,1.19478,0.00017000000000000348
2026-01-29 12:00:00+00:00,6484,1.19471,1.19623,1.1942,1.19613,1.19606,1.1962,0.000140000000000029
2026-01-29 13:00:00+00:00,13938,1.19612,1.19708,1.19402,1.19562,1.19554,1.1957,0.00015999999999993797
2026-01-29 14:00:00+00:00,14471,1.19564,1.19714,1.19521,1.19704,1.19695,1.19712,0.00017000000000000348
2026-01-29 15:00:00+00:00,36820,1.19704,1.19725,1.19062,1.19295,1.19287,1.19303,0.00015999999999993797
2026-01-29 16:00:00+00:00,18962,1.19294,1.1953,1.19272,1.19426,1.19418,1.19435,0.00017000000000000348
2026-01-29 17:00:00+00:00,14293,1.19426,1.19616,1.19426,1.19558,1.1955,1.19566,0.00015999999999993797
2026-01-29 18:00:00+00:00,9783,1.19556,1.1965,1.19485,1.19579,1.19571,1.19587,0.00015999999999993797
2026-01-29 19:00:00+00:00,6727,1.19578,1.19606,1.19502,1.19515,1.19507,1.19523,0.00015999999999993797
2026-01-29 20:00:00+00:00,5077,1.19513,1.19684,1.19458,1.19648,1.19641,1.19656,0.0001500000000000945
2026-01-29 21:00:00+00:00,3094,1.19649,1.19714,1.1962,1.19707,1.19698,1.19716,0.000180000000000069
2026-01-29 22:00:00+00:00,691,1.19693,1.19705,1.19665,1.19704,1.19686,1.19723,0.00036999999999998145
2026-01-29 23:00:00+00:00,2148,1.19698,1.19748,1.19652,1.19674,1.19667,1.19682,0.0001500000000000945
2026-01-30 00:00:00+00:00,11044,1.19674,1.19733,1.19301,1.1932,1.19312,1.19328,0.00015999999999993797
2026-01-30 01:00:00+00:00,14827,1.1932,1.19399,1.19142,1.1917,1.19161,1.19178,0.00017000000000000348
2026-01-30 02:00:00+00:00,19251,1.19171,1.19266,1.18946,1.19186,1.19178,1.19193,0.00014999999999987246
2026-01-30 03:00:00+00:00,8722,1.19187,1.19231,1.19132,1.19201,1.19193,1.19209,0.00016000000000016001
2026-01-30 04:00:00+00:00,5483,1.19198,1.19345,1.1919,1.19244,1.19235,1.19252,0.00017000000000000348
2026-01-30 05:00:00+00:00,6250,1.19244,1.19351,1.19146,1.19248,1.19239,1.19256,0.00017000000000000348
2026-01-30 06:00:00+00:00,11248,1.19247,1.19332,1.1914,1.1919,1.19183,1.19197,0.000140000000000029
2026-01-30 07:00:00+00:00,13025,1.19189,1.19426,1.19148,1.19377,1.19368,1.19386,0.00017999999999984695
2026-01-30 08:00:00+00:00,12129,1.1938,1.19434,1.19234,1.19331,1.19318,1.19344,0.000260000000000149
2026-01-30 09:00:00+00:00,14132,1.19332,1.19384,1.18982,1.19083,1.19074,1.19092,0.000180000000000069
2026-01-30 10:00:00+00:00,10277,1.19078,1.19253,1.19047,1.19213,1.19206,1.1922,0.000140000000000029
2026-01-30 11:00:00+00:00,9841,1.19213,1.19504,1.19208,1.19491,1.19483,1.19499,0.00015999999999993797
2026-01-30 12:00:00+00:00,9983,1.1949,1.19546,1.19152,1.19194,1.19186,1.19203,0.00017000000000000348
2026-01-30 13:00:00+00:00,15870,1.19194,1.19246,1.19018,1.19128,1.1912,1.19136,0.00015999999999993797
2026-01-30 14:00:00+00:00,15771,1.19128,1.19213,1.19011,1.19062,1.19054,1.1907,0.00016000000000016001
2026-01-30 15:00:00+00:00,22723,1.19062,1.19062,1.1883,1.18952,1.18944,1.18959,0.00014999999999987246
2026-01-30 16:00:00+00:00,15545,1.18952,1.18974,1.18716,1.18862,1.18854,1.18869,0.0001500000000000945
2026-01-30 17:00:00+00:00,12984,1.1886,1.18876,1.18667,1.18724,1.18717,1.18732,0.00014999999999987246
2026-01-30 18:00:00+00:00,17219,1.18724,1.18844,1.18545,1.18785,1.18778,1.18792,0.000140000000000029
2026-01-30 19:00:00+00:00,11673,1.18784,1.1885,1.18644,1.18693,1.18685,1.18701,0.00015999999999993797
2026-01-30 20:00:00+00:00,7810,1.1869,1.18691,1.1853,1.1853,1.18522,1.18538,0.00016000000000016001
2026-01-30 21:00:00+00:00,4032,1.1853,1.18566,1.185,1.18508,1.18495,1.18521,0.000260000000000149
2026-02-01 22:00:00+00:00,1307,1.1851,1.18536,1.18464,1.18505,1.18487,1.18523,0.00035999999999991594
2026-02-01 23:00:00+00:00,8213,1.18506,1.18568,1.18398,1.18463,1.18454,1.18472,0.000180000000000069
2026-02-02 00:00:00+00:00,12291,1.18464,1.18748,1.18464,1.18666,1.18658,1.18675,0.00017000000000000348
2026-02-02 01:00:00+00:00,13783,1.18666,1.18726,1.18528,1.18706,1.18698,1.18714,0.00016000000000016001
2026-02-02 02:00:00+00:00,9571,1.1871,1.18748,1.18632,1.18632,1.18624,1.1864,0.00015999999999993797
2026-02-02 03:00:00+00:00,6844,1.18632,1.18719,1.1863,1.18641,1.18633,1.18649,0.00015999999999993797
2026-02-02 04:00:00+00:00,6607,1.18642,1.18727,1.1858,1.18633,1.18625,1.18641,0.00015999999999993797
2026-02-02 05:00:00+00:00,6290,1.18632,1.18638,1.1841,1.18508,1.18499,1.18516,0.00017000000000000348
2026-02-02 06:00:00+00:00,11204,1.18507,1.18546,1.18432,1.18539,1.1853,1.18548,0.000180000000000069
2026-02-02 07:00:00+00:00,11730,1.1854,1.18635,1.18516,1.18536,1.18528,1.18544,0.00016000000000016001
2026-02-02 08:00:00+00:00,12388,1.18538,1.18668,1.18436,1.1851,1.18501,1.18518,0.00017000000000000348
2026-02-02 09:00:00+00:00,10846,1.18508,1.18652,1.18446,1.18623,1.18614,1.18632,0.000180000000000069
2026-02-02 10:00:00+00:00,9233,1.18622,1.18704,1.18588,1.18648,1.18639,1.18656,0.00017000000000000348
2026-02-02 11:00:00+00:00,7272,1.18647,1.18714,1.18606,1.18647,1.18639,1.18655,0.00015999999999993797
2026-02-02 12:00:00+00:00,8961,1.18644,1.18701,1.1843,1.18499,1.1849,1.18508,0.00017999999999984695
2026-02-02 13:00:00+00:00,12909,1.185,1.18506,1.1818,1.1821,1.18202,1.18218,0.00015999999999993797
2026-02-02 14:00:00+00:00,14451,1.1821,1.183,1.18054,1.1821,1.18193,1.18227,0.00034000000000000696
2026-02-02 15:00:00+00:00,21151,1.182,1.182,1.17905,1.17923,1.17915,1.17931,0.00016000000000016001
2026-02-02 16:00:00+00:00,12746,1.17924,1.1808,1.17904,1.18065,1.18058,1.18072,0.000140000000000029
2026-02-02 17:00:00+00:00,10070,1.18066,1.18125,1.17949,1.18,1.17992,1.18009,0.00017000000000000348
2026-02-02 18:00:00+00:00,9007,1.18002,1.18013,1.17777,1.17796,1.17788,1.17804,0.00015999999999993797
2026-02-02 19:00:00+00:00,6959,1.17798,1.17915,1.1776,1.17888,1.17879,1.17897,0.000180000000000069
2026-02-02 20:00:00+00:00,5515,1.17888,1.17922,1.17804,1.17914,1.17906,1.17923,0.00017000000000000348
2026-02-02 21:00:00+00:00,2286,1.17915,1.17946,1.17887,1.17904,1.17895,1.17913,0.000180000000000069
2026-02-02 22:00:00+00:00,3030,1.1788,1.17932,1.1788,1.17902,1.17886,1.17919,0.00032999999999994145
2026-02-02 23:00:00+00:00,2141,1.179,1.1799,1.17874,1.1799,1.17981,1.17998,0.00017000000000000348
2026-02-03 00:00:00+00:00,4311,1.1799,1.18071,1.17982,1.18064,1.18056,1.18073,0.00017000000000000348
2026-02-03 01:00:00+00:00,5508,1.18066,1.18149,1.18016,1.1814,1.18132,1.18149,0.00017000000000000348
2026-02-03 02:00:00+00:00,3895,1.18139,1.18144,1.18008,1.18016,1.18008,1.18024,0.00015999999999993797
2026-02-03 03:00:00+00:00,5351,1.18016,1.18128,1.1801,1.18095,1.18087,1.18103,0.00015999999999993797
2026-02-03 04:00:00+00:00,3499,1.18094,1.18168,1.18088,1.18094,1.18086,1.18101,0.00014999999999987246
2026-02-03 05:00:00+00:00,3433,1.18093,1.18132,1.18049,1.18088,1.1808,1.18097,0.00017000000000000348
2026-02-03 06:00:00+00:00,4056,1.1809,1.18164,1.18078,1.18138,1.1813,1.18145,0.00014999999999987246
2026-02-03 07:00:00+00:00,7854,1.18137,1.18244,1.181,1.18152,1.18144,1.18161,0.00017000000000000348
2026-02-03 08:00:00+00:00,8523,1.18152,1.18196,1.18038,1.18129,1.18121,1.18137,0.00015999999999993797
2026-02-03 09:00:00+00:00,9046,1.1813,1.18162,1.17921,1.17922,1.17914,1.1793,0.00015999999999993797
2026-02-03 10:00:00+00:00,5917,1.17922,1.18,1.17868,1.17871,1.17863,1.17879,0.00015999999999993797
2026-02-03 11:00:00+00:00,6318,1.17872,1.1795,1.17826,1.17872,1.17864,1.17879,0.0001500000000000945
2026-02-03 12:00:00+00:00,6387,1.17872,1.18002,1.17868,1.17966,1.17958,1.17973,0.00014999999999987246
2026-02-03 13:00:00+00:00,8804,1.17966,1.18068,1.17926,1.17961,1.17954,1.17968,0.000140000000000029
2026-02-03 14:00:00+00:00,11286,1.17961,1.18014,1.178,1.17911,1.17903,1.17919,0.00015999999999993797
2026-02-03 15:00:00+00:00,12778,1.1791,1.18137,1.17862,1.1813,1.18121,1.18138,0.00017000000000000348
2026-02-03 16:00:00+00:00,9360,1.18131,1.18214,1.18104,1.18178,1.18169,1.18187,0.000180000000000069
2026-02-03 17:00:00+00:00,9354,1.18178,1.18292,1.18138,1.18162,1.18154,1.1817,0.00015999999999993797
2026-02-03 18:00:00+00:00,7660,1.18162,1.18224,1.1809,1.1809,1.18082,1.18099,0.00017000000000000348
2026-02-03 19:00:00+00:00,6480,1.1809,1.18172,1.18058,1.18135,1.18127,1.18143,0.00015999999999993797
2026-02-03 20:00:00+00:00,4559,1.18136,1.1822,1.18095,1.18212,1.18203,1.1822,0.00017000000000000348
2026-02-03 21:00:00+00:00,2201,1.1821,1.18254,1.1818,1.1818,1.1817,1.18191,0.00021000000000004349
2026-02-03 22:00:00+00:00,2487,1.18182,1.18208,1.18158,1.18182,1.18157,1.18207,0.0004999999999999449
2026-02-03 23:00:00+00:00,1392,1.18181,1.18206,1.18122,1.18157,1.18149,1.18165,0.00016000000000016001
2026-02-04 00:00:00+00:00,4069,1.18154,1.18174,1.18088,1.18144,1.18135,1.18152,0.00017000000000000348
2026-02-04 01:00:00+00:00,7043,1.18144,1.1832,1.18124,1.1826,1.18252,1.18269,0.00017000000000000348
2026-02-04 02:00:00+00:00,4414,1.18261,1.18318,1.1819,1.18222,1.18215,1.1823,0.00014999999999987246
2026-02-04 03:00:00+00:00,3276,1.18223,1.18281,1.18208,1.18272,1.18264,1.1828,0.00016000000000016001
2026-02-04 04:00:00+00:00,2654,1.1827,1.1836,1.18254,1.18355,1.18347,1.18363,0.00015999999999993797
2026-02-04 05:00:00+00:00,2729,1.18356,1.18362,1.18308,1.1833,1.18321,1.18338,0.00017000000000000348
2026-02-04 06:00:00+00:00,4186,1.18332,1.18362,1.18288,1.18298,1.1829,1.18305,0.00014999999999987246
2026-02-04 07:00:00+00:00,6144,1.183,1.1834,1.1824,1.18321,1.18313,1.18329,0.00015999999999993797
2026-02-04 08:00:00+00:00,7930,1.1832,1.1838,1.18238,1.18288,1.1828,1.18296,0.00015999999999993797
2026-02-04 09:00:00+00:00,6723,1.18288,1.18326,1.18112,1.18136,1.18123,1.18149,0.00025999999999992696
2026-02-04 10:00:00+00:00,5758,1.18136,1.18179,1.18048,1.18134,1.18126,1.18143,0.00017000000000000348
2026-02-04 11:00:00+00:00,5854,1.18135,1.18155,1.18058,1.18103,1.18095,1.18111,0.00016000000000016001
2026-02-04 12:00:00+00:00,5203,1.18102,1.1825,1.18097,1.18216,1.18209,1.18224,0.00014999999999987246
2026-02-04 13:00:00+00:00,10134,1.18217,1.18273,1.18113,1.18226,1.18217,1.18234,0.00017000000000000348
2026-02-04 14:00:00+00:00,13065,1.18226,1.18258,1.18026,1.1815,1.1814,1.18161,0.00021000000000004349
2026-02-04 15:00:00+00:00,14564,1.18148,1.18222,1.17934,1.17963,1.17955,1.17971,0.00015999999999993797
2026-02-04 16:00:00+00:00,11435,1.17964,1.18058,1.17906,1.18026,1.18018,1.18035,0.00017000000000000348
2026-02-04 17:00:00+00:00,11445,1.18027,1.1815,1.17941,1.17978,1.17969,1.17986,0.00017000000000000348
2026-02-04 18:00:00+00:00,7411,1.17976,1.18017,1.17948,1.18009,1.18001,1.18017,0.00015999999999993797
2026-02-04 19:00:00+00:00,8075,1.1801,1.18096,1.17947,1.18092,1.18083,1.181,0.00017000000000000348
2026-02-04 20:00:00+00:00,3568,1.18091,1.18098,1.18016,1.18037,1.18029,1.18045,0.00015999999999993797
2026-02-04 21:00:00+00:00,2412,1.18038,1.1808,1.18024,1.18055,1.18047,1.18063,0.00016000000000016001
2026-02-04 22:00:00+00:00,683,1.18058,1.18077,1.18047,1.18066,1.18037,1.18096,0.0005900000000000905
2026-02-04 23:00:00+00:00,1553,1.18067,1.1808,1.18002,1.18016,1.18007,1.18026,0.0001900000000001345
2026-02-05 00:00:00+00:00,2999,1.18016,1.18047,1.17995,1.18044,1.18037,1.18052,0.0001500000000000945
2026-02-05 01:00:00+00:00,4609,1.18045,1.18084,1.1802,1.18038,1.18029,1.18046,0.00017000000000000348
2026-02-05 02:00:00+00:00,7627,1.18039,1.18054,1.17847,1.17856,1.17847,1.17864,0.00017000000000000348
2026-02-05 03:00:00+00:00,5915,1.17857,1.17911,1.17828,1.17894,1.17886,1.17901,0.00014999999999987246
2026-02-05 04:00:00+00:00,3212,1.17894,1.17911,1.17866,1.17876,1.17868,1.17885,0.00017000000000000348
2026-02-05 05:00:00+00:00,3051,1.17877,1.17904,1.17844,1.17901,1.17893,1.17909,0.00015999999999993797
2026-02-05 06:00:00+00:00,4860,1.17902,1.17918,1.17847,1.17906,1.17898,1.17913,0.0001500000000000945
2026-02-05 07:00:00+00:00,6894,1.17906,1.18036,1.17905,1.1799,1.17981,1.17998,0.00017000000000000348
2026-02-05 08:00:00+00:00,8547,1.17988,1.18088,1.17954,1.1803,1.18022,1.18037,0.00014999999999987246
2026-02-05 09:00:00+00:00,7724,1.1803,1.1803,1.17804,1.17808,1.178,1.17816,0.00016000000000016001
2026-02-05 10:00:00+00:00,4801,1.17808,1.17919,1.17804,1.17878,1.1787,1.17886,0.00015999999999993797
2026-02-05 11:00:00+00:00,4506,1.17878,1.17954,1.17862,1.17938,1.1793,1.17947,0.00017000000000000348
2026-02-05 12:00:00+00:00,14339,1.17939,1.18036,1.17854,1.17996,1.17989,1.18004,0.00014999999999987246
2026-02-05 13:00:00+00:00,16656,1.17996,1.18155,1.17912,1.18118,1.1811,1.18125,0.00014999999999987246
2026-02-05 14:00:00+00:00,18664,1.18117,1.18218,1.17956,1.1798,1.17971,1.1799,0.00018999999999991246
2026-02-05 15:00:00+00:00,19480,1.17981,1.18118,1.1782,1.17913,1.17904,1.17922,0.00017999999999984695
2026-02-05 16:00:00+00:00,11178,1.17916,1.18036,1.17852,1.18014,1.18005,1.18022,0.00017000000000000348
2026-02-05 17:00:00+00:00,7407,1.18013,1.18043,1.1796,1.18009,1.18001,1.18017,0.00015999999999993797
2026-02-05 18:00:00+00:00,4807,1.18011,1.18029,1.1792,1.17935,1.17927,1.17943,0.00015999999999993797
2026-02-05 19:00:00+00:00,3948,1.17934,1.17974,1.17926,1.17942,1.17933,1.17951,0.000180000000000069
2026-02-05 20:00:00+00:00,4568,1.17942,1.17948,1.17798,1.17809,1.17801,1.17817,0.00015999999999993797
2026-02-05 21:00:00+00:00,3223,1.17807,1.17843,1.1775,1.17792,1.17783,1.17801,0.000180000000000069
2026-02-05 22:00:00+00:00,1158,1.17776,1.17826,1.17776,1.17812,1.17798,1.17827,0.00028999999999990145
2026-02-05 23:00:00+00:00,2316,1.17818,1.17818,1.17751,1.17765,1.17757,1.17773,0.00015999999999993797
2026-02-06 00:00:00+00:00,6154,1.17766,1.17834,1.17656,1.1783,1.17822,1.17838,0.00015999999999993797
2026-02-06 01:00:00+00:00,6694,1.1783,1.17884,1.17787,1.17854,1.17845,1.17862,0.00017000000000000348
2026-02-06 02:00:00+00:00,4194,1.17853,1.17918,1.17846,1.17876,1.17868,1.17885,0.00017000000000000348
2026-02-06 03:00:00+00:00,2747,1.17877,1.17906,1.17858,1.17876,1.17868,1.17885,0.00017000000000000348
2026-02-06 04:00:00+00:00,2241,1.17878,1.17964,1.17873,1.17954,1.17946,1.17962,0.00015999999999993797
2026-02-06 05:00:00+00:00,3087,1.17954,1.18014,1.17948,1.17984,1.17976,1.17991,0.0001500000000000945
2026-02-06 06:00:00+00:00,4612,1.17983,1.1802,1.17944,1.17972,1.17964,1.1798,0.00015999999999993797
2026-02-06 07:00:00+00:00,5213,1.17972,1.17978,1.17887,1.17914,1.17906,1.17921,0.0001500000000000945
2026-02-06 08:00:00+00:00,7177,1.17914,1.17958,1.17858,1.17924,1.17915,1.17932,0.00017000000000000348
2026-02-06 09:00:00+00:00,6118,1.17922,1.17983,1.17901,1.1792,1.17913,1.17928,0.0001500000000000945
2026-02-06 10:00:00+00:00,4417,1.1792,1.17998,1.17899,1.17922,1.17915,1.1793,0.0001500000000000945
2026-02-06 11:00:00+00:00,4880,1.1792,1.17934,1.17857,1.17902,1.17894,1.1791,0.00015999999999993797
2026-02-06 12:00:00+00:00,4240,1.17902,1.17932,1.17884,1.17928,1.1792,1.17935,0.00014999999999987246
2026-02-06 13:00:00+00:00,6420,1.17927,1.18112,1.17924,1.18104,1.18096,1.18112,0.00015999999999993797
2026-02-06 14:00:00+00:00,8993,1.18104,1.18262,1.181,1.18211,1.182,1.18222,0.000220000000000109
2026-02-06 15:00:00+00:00,10310,1.18209,1.1824,1.18052,1.18193,1.18185,1.18201,0.00015999999999993797
2026-02-06 16:00:00+00:00,7459,1.18192,1.18218,1.18101,1.18122,1.18114,1.18131,0.00017000000000000348
2026-02-06 17:00:00+00:00,4677,1.18121,1.18208,1.18104,1.1818,1.18172,1.18189,0.00017000000000000348
2026-02-06 18:00:00+00:00,3306,1.1818,1.18228,1.18174,1.18191,1.18183,1.18199,0.00016000000000016001
2026-02-06 19:00:00+00:00,2964,1.1819,1.18214,1.18146,1.18194,1.18187,1.18201,0.000140000000000029
2026-02-06 20:00:00+00:00,2336,1.18195,1.18229,1.18184,1.18222,1.18213,1.1823,0.00017000000000000348
2026-02-06 21:00:00+00:00,1859,1.18222,1.18241,1.18134,1.18168,1.18136,1.182,0.0006399999999999739
2026-02-08 22:00:00+00:00,778,1.18126,1.18167,1.18126,1.18164,1.18138,1.18189,0.0005100000000000104
2026-02-08 23:00:00+00:00,4764,1.18162,1.18278,1.18097,1.18268,1.18259,1.18276,0.00017000000000000348
2026-02-09 00:00:00+00:00,6712,1.18268,1.18337,1.1824,1.18308,1.183,1.18315,0.00014999999999987246
2026-02-09 01:00:00+00:00,6129,1.18308,1.18336,1.18248,1.18256,1.18247,1.18264,0.00017000000000000348
2026-02-09 02:00:00+00:00,4090,1.18254,1.18258,1.18161,1.18198,1.1819,1.18205,0.0001500000000000945
2026-02-09 03:00:00+00:00,2696,1.18196,1.18251,1.18186,1.1819,1.18182,1.18197,0.00014999999999987246
2026-02-09 04:00:00+00:00,2031,1.18191,1.18269,1.1819,1.18266,1.18258,1.18274,0.00015999999999993797
2026-02-09 05:00:00+00:00,2221,1.18266,1.18363,1.18258,1.18334,1.18326,1.18343,0.00017000000000000348
2026-02-09 06:00:00+00:00,8984,1.18334,1.18578,1.18332,1.1852,1.18512,1.18529,0.00017000000000000348
2026-02-09 07:00:00+00:00,7804,1.18518,1.186,1.1847,1.18559,1.1855,1.18568,0.000180000000000069
2026-02-09 08:00:00+00:00,8170,1.18558,1.18649,1.18516,1.18644,1.18636,1.18651,0.00014999999999987246
2026-02-09 09:00:00+00:00,5975,1.18644,1.18698,1.18602,1.18622,1.18614,1.18629,0.0001500000000000945
2026-02-09 10:00:00+00:00,7369,1.18622,1.18698,1.18552,1.186,1.18592,1.18609,0.00017000000000000348
2026-02-09 11:00:00+00:00,7413,1.18599,1.18721,1.18558,1.18693,1.18686,1.187,0.000140000000000029
2026-02-09 12:00:00+00:00,6846,1.18692,1.1883,1.18692,1.18814,1.18805,1.18823,0.00017999999999984695
2026-02-09 13:00:00+00:00,11803,1.18815,1.19058,1.18815,1.19037,1.1903,1.19044,0.000140000000000029
2026-02-09 14:00:00+00:00,13497,1.19038,1.19185,1.19028,1.19184,1.19176,1.19193,0.00017000000000000348
2026-02-09 15:00:00+00:00,11523,1.19186,1.19268,1.19034,1.19121,1.19113,1.19129,0.00015999999999993797
2026-02-09 16:00:00+00:00,7793,1.19122,1.19176,1.1893,1.18974,1.18967,1.18982,0.0001500000000000945
2026-02-09 17:00:00+00:00,4773,1.18974,1.19109,1.18973,1.19086,1.19078,1.19095,0.00017000000000000348
2026-02-09 18:00:00+00:00,5447,1.19086,1.19174,1.19037,1.19159,1.19151,1.19167,0.00015999999999993797
2026-02-09 19:00:00+00:00,4862,1.1916,1.19224,1.19124,1.19204,1.19195,1.19212,0.00017000000000000348
2026-02-09 20:00:00+00:00,3796,1.19202,1.19212,1.19141,1.19147,1.19139,1.19155,0.00016000000000016001
2026-02-09 21:00:00+00:00,2056,1.19146,1.1916,1.19104,1.19151,1.19142,1.1916,0.000180000000000069
2026-02-09 22:00:00+00:00,790,1.19118,1.19156,1.19117,1.19128,1.19107,1.1915,0.00042999999999993044
2026-02-09 23:00:00+00:00,1606,1.19135,1.19146,1.19016,1.19038,1.19028,1.19047,0.00018999999999991246
2026-02-10 00:00:00+00:00,3164,1.19038,1.19057,1.18985,1.19018,1.1901,1.19026,0.00016000000000016001
2026-02-10 01:00:00+00:00,4166,1.19018,1.19105,1.18967,1.19058,1.19049,1.19066,0.00017000000000000348
2026-02-10 02:00:00+00:00,3613,1.19057,1.19144,1.19057,1.19137,1.19129,1.19145,0.00015999999999993797
2026-02-10 03:00:00+00:00,3650,1.19138,1.19171,1.191,1.19116,1.19109,1.19123,0.000140000000000029
2026-02-10 04:00:00+00:00,2187,1.19116,1.19129,1.1906,1.1907,1.19062,1.19077,0.0001500000000000945
2026-02-10 05:00:00+00:00,2666,1.1907,1.19106,1.19038,1.19073,1.19065,1.19081,0.00015999999999993797
2026-02-10 06:00:00+00:00,4023,1.19072,1.19132,1.19012,1.19031,1.19023,1.19039,0.00016000000000016001
2026-02-10 07:00:00+00:00,5765,1.19032,1.19105,1.18994,1.19088,1.19081,1.19096,0.0001500000000000945
2026-02-10 08:00:00+00:00,7080,1.19087,1.19152,1.18998,1.19092,1.19083,1.19101,0.00017999999999984695
2026-02-10 09:00:00+00:00,5634,1.1909,1.192,1.19082,1.19145,1.19137,1.19153,0.00015999999999993797
2026-02-10 10:00:00+00:00,4617,1.19146,1.19176,1.19092,1.191,1.19092,1.19108,0.00015999999999993797
2026-02-10 11:00:00+00:00,3861,1.191,1.19106,1.19008,1.19039,1.19031,1.19047,0.00015999999999993797
2026-02-10 12:00:00+00:00,7153,1.1904,1.19086,1.18911,1.1893,1.18922,1.18937,0.0001500000000000945
2026-02-10 13:00:00+00:00,10963,1.18928,1.19136,1.18884,1.19055,1.19048,1.19062,0.000140000000000029
2026-02-10 14:00:00+00:00,12112,1.19056,1.19288,1.19029,1.19148,1.1914,1.19157,0.00017000000000000348
2026-02-10 15:00:00+00:00,13697,1.19145,1.19192,1.18965,1.19139,1.19131,1.19147,0.00015999999999993797
2026-02-10 16:00:00+00:00,9182,1.1914,1.1915,1.18966,1.18978,1.1897,1.18985,0.0001500000000000945
2026-02-10 17:00:00+00:00,5713,1.18978,1.19054,1.18933,1.18958,1.1895,1.18967,0.00017000000000000348
2026-02-10 18:00:00+00:00,4554,1.18958,1.18982,1.18904,1.18924,1.18916,1.18932,0.00015999999999993797
2026-02-10 19:00:00+00:00,3906,1.18922,1.19024,1.18868,1.19024,1.19015,1.19032,0.00017000000000000348
2026-02-10 20:00:00+00:00,3132,1.19023,1.19035,1.18946,1.18951,1.18943,1.18959,0.00015999999999993797
2026-02-10 21:00:00+00:00,1712,1.18952,1.18967,1.18926,1.18949,1.1894,1.18958,0.000180000000000069
2026-02-10 22:00:00+00:00,2112,1.18951,1.18977,1.1891,1.18912,1.18894,1.1893,0.00035999999999991594
2026-02-10 23:00:00+00:00,1215,1.18914,1.18923,1.18868,1.18878,1.1887,1.18887,0.00017000000000000348
2026-02-11 00:00:00+00:00,3987,1.18878,1.19004,1.18864,1.1897,1.18962,1.18978,0.00016000000000016001
2026-02-11 01:00:00+00:00,4172,1.18968,1.19021,1.18939,1.18978,1.1897,1.18987,0.00017000000000000348
2026-02-11 02:00:00+00:00,4420,1.1898,1.19129,1.18978,1.19084,1.19076,1.19093,0.00017000000000000348
2026-02-11 03:00:00+00:00,2974,1.19085,1.19138,1.19036,1.19116,1.19108,1.19124,0.00016000000000016001
2026-02-11 04:00:00+00:00,2541,1.19114,1.19152,1.19076,1.19082,1.19074,1.19089,0.0001500000000000945
2026-02-11 05:00:00+00:00,3343,1.1908,1.19193,1.19069,1.19185,1.19177,1.19193,0.00015999999999993797
2026-02-11 06:00:00+00:00,4414,1.19184,1.19258,1.19126,1.19152,1.19145,1.1916,0.0001500000000000945
2026-02-11 07:00:00+00:00,5853,1.1915,1.19183,1.19104,1.1918,1.19172,1.19187,0.0001500000000000945
2026-02-11 08:00:00+00:00,5924,1.19178,1.192,1.19132,1.19184,1.19176,1.19192,0.00016000000000016001
2026-02-11 09:00:00+00:00,5512,1.19186,1.19198,1.19101,1.19181,1.19173,1.19189,0.00015999999999993797
2026-02-11 10:00:00+00:00,4711,1.1918,1.19274,1.19162,1.19219,1.19211,1.19227,0.00015999999999993797
2026-02-11 11:00:00+00:00,4734,1.19218,1.19218,1.1905,1.19082,1.19073,1.1909,0.00017000000000000348
2026-02-11 12:00:00+00:00,6047,1.19083,1.19093,1.18985,1.19004,1.18996,1.19011,0.0001500000000000945
2026-02-11 13:00:00+00:00,30751,1.19004,1.19044,1.18332,1.1862,1.18611,1.18628,0.00017000000000000348
2026-02-11 14:00:00+00:00,21856,1.18621,1.18826,1.18526,1.18604,1.18595,1.18612,0.00017000000000000348
2026-02-11 15:00:00+00:00,17356,1.18604,1.18718,1.18511,1.18593,1.18584,1.18602,0.000180000000000069
2026-02-11 16:00:00+00:00,10534,1.18592,1.18834,1.18531,1.1883,1.18822,1.18837,0.00014999999999987246
2026-02-11 17:00:00+00:00,7794,1.18828,1.18937,1.18774,1.18858,1.1885,1.18865,0.0001500000000000945
2026-02-11 18:00:00+00:00,5583,1.18858,1.18908,1.18788,1.18822,1.18813,1.1883,0.00017000000000000348
2026-02-11 19:00:00+00:00,4868,1.18822,1.18846,1.18778,1.18798,1.1879,1.18805,0.0001500000000000945
2026-02-11 20:00:00+00:00,3130,1.18798,1.18811,1.187,1.18708,1.187,1.18716,0.00015999999999993797
2026-02-11 21:00:00+00:00,1904,1.18708,1.18746,1.18687,1.18714,1.18705,1.18724,0.0001900000000001345
2026-02-11 22:00:00+00:00,759,1.18724,1.18759,1.18712,1.18746,1.18711,1.18782,0.0007099999999999884
2026-02-11 23:00:00+00:00,1532,1.18742,1.18762,1.187,1.18748,1.1874,1.18757,0.00017000000000000348
2026-02-12 00:00:00+00:00,4041,1.18748,1.18783,1.18669,1.18768,1.1876,1.18776,0.00015999999999993797
2026-02-12 01:00:00+00:00,5466,1.18766,1.18826,1.18736,1.18809,1.18801,1.18817,0.00015999999999993797
2026-02-12 02:00:00+00:00,3997,1.18808,1.18848,1.18751,1.1879,1.18782,1.18799,0.00017000000000000348
2026-02-12 03:00:00+00:00,3721,1.18789,1.18812,1.18655,1.18697,1.18689,1.18705,0.00015999999999993797
2026-02-12 04:00:00+00:00,2691,1.18696,1.18728,1.18603,1.1862,1.18612,1.18629,0.00017000000000000348
2026-02-12 05:00:00+00:00,3585,1.18623,1.18658,1.18584,1.18648,1.18639,1.18656,0.00017000000000000348
2026-02-12 06:00:00+00:00,7245,1.18647,1.18678,1.18524,1.18606,1.18598,1.18614,0.00015999999999993797
2026-02-12 07:00:00+00:00,5826,1.18606,1.18753,1.18594,1.1873,1.18721,1.18739,0.00017999999999984695
2026-02-12 08:00:00+00:00,6766,1.18732,1.1881,1.18714,1.188,1.18792,1.18808,0.00015999999999993797
2026-02-12 09:00:00+00:00,5899,1.18801,1.1888,1.18796,1.18872,1.18864,1.18881,0.00017000000000000348
2026-02-12 10:00:00+00:00,4798,1.18873,1.18875,1.18748,1.18772,1.18764,1.18779,0.00014999999999987246
2026-02-12 11:00:00+00:00,4001,1.18774,1.18847,1.18752,1.18846,1.18837,1.18854,0.00017000000000000348
2026-02-12 12:00:00+00:00,6358,1.18846,1.18862,1.1867,1.18732,1.18723,1.1874,0.00017000000000000348
2026-02-12 13:00:00+00:00,8061,1.18732,1.18853,1.18714,1.1885,1.18842,1.18859,0.00017000000000000348
2026-02-12 14:00:00+00:00,11001,1.1885,1.18878,1.18746,1.18834,1.18826,1.18841,0.00014999999999987246
2026-02-12 15:00:00+00:00,10083,1.18833,1.18886,1.18783,1.18858,1.18851,1.18866,0.0001500000000000945
2026-02-12 16:00:00+00:00,19583,1.1886,1.189,1.1862,1.18705,1.18696,1.18714,0.000180000000000069
2026-02-12 17:00:00+00:00,11374,1.18706,1.18771,1.186,1.18654,1.18646,1.18662,0.00015999999999993797
2026-02-12 18:00:00+00:00,8533,1.18654,1.18696,1.18562,1.18635,1.18627,1.18643,0.00016000000000016001
2026-02-12 19:00:00+00:00,5927,1.18636,1.18718,1.18608,1.187,1.18692,1.18708,0.00015999999999993797
2026-02-12 20:00:00+00:00,3761,1.18698,1.18706,1.18637,1.18698,1.18689,1.18706,0.00017000000000000348
2026-02-12 21:00:00+00:00,1890,1.18699,1.18728,1.18686,1.18712,1.18702,1.18723,0.00021000000000004349
2026-02-12 22:00:00+00:00,372,1.18681,1.18726,1.18678,1.18722,1.18701,1.18743,0.00042000000000008697
2026-02-12 23:00:00+00:00,1386,1.18732,1.18732,1.1867,1.18692,1.18684,1.18699,0.0001500000000000945
2026-02-13 00:00:00+00:00,3808,1.1869,1.18726,1.18666,1.18724,1.18716,1.18732,0.00015999999999993797
2026-02-13 01:00:00+00:00,4495,1.18722,1.18736,1.18632,1.18672,1.18663,1.1868,0.00017000000000000348
2026-02-13 02:00:00+00:00,2841,1.18673,1.18712,1.18628,1.18692,1.18685,1.187,0.0001500000000000945
2026-02-13 03:00:00+00:00,2159,1.18694,1.18702,1.18657,1.1867,1.18662,1.18678,0.00015999999999993797
2026-02-13 04:00:00+00:00,2249,1.1867,1.18678,1.18601,1.18632,1.18625,1.1864,0.00014999999999987246
2026-02-13 05:00:00+00:00,3469,1.18633,1.18648,1.18579,1.18594,1.18586,1.18602,0.00016000000000016001
2026-02-13 06:00:00+00:00,4597,1.18593,1.18617,1.18534,1.18561,1.18553,1.18569,0.00015999999999993797
2026-02-13 07:00:00+00:00,6151,1.1856,1.186,1.18471,1.18587,1.18578,1.18596,0.00017999999999984695
2026-02-13 08:00:00+00:00,5816,1.18584,1.1863,1.18561,1.18626,1.18618,1.18634,0.00015999999999993797
2026-02-13 09:00:00+00:00,4532,1.18626,1.18666,1.18604,1.18606,1.18597,1.18616,0.0001900000000001345
2026-02-13 10:00:00+00:00,4570,1.18606,1.1861,1.18529,1.18574,1.18566,1.18582,0.00016000000000016001
2026-02-13 11:00:00+00:00,5157,1.18574,1.18614,1.1855,1.18587,1.18579,1.18595,0.00016000000000016001
2026-02-13 12:00:00+00:00,5158,1.18588,1.18638,1.18554,1.18618,1.1861,1.18627,0.00017000000000000348
2026-02-13 13:00:00+00:00,16825,1.18619,1.18846,1.18568,1.18743,1.18735,1.18751,0.00016000000000016001
2026-02-13 14:00:00+00:00,14356,1.18742,1.18748,1.18571,1.18592,1.18585,1.18599,0.000140000000000029
2026-02-13 15:00:00+00:00,11581,1.18594,1.1871,1.18476,1.18483,1.18476,1.1849,0.000140000000000029
2026-02-13 16:00:00+00:00,8659,1.18486,1.18746,1.18485,1.18688,1.1868,1.18695,0.00014999999999987246
2026-02-13 17:00:00+00:00,5846,1.1869,1.18828,1.18684,1.18749,1.18742,1.18756,0.000140000000000029
2026-02-13 18:00:00+00:00,4394,1.1875,1.18806,1.18724,1.18737,1.18729,1.18745,0.00015999999999993797
2026-02-13 19:00:00+00:00,3711,1.18736,1.18751,1.18662,1.18666,1.18657,1.18675,0.000180000000000069
2026-02-13 20:00:00+00:00,3718,1.18666,1.18748,1.18645,1.18745,1.18737,1.18753,0.00015999999999993797
2026-02-13 21:00:00+00:00,2531,1.18744,1.18767,1.18672,1.18678,1.18667,1.1869,0.0002300000000001745
2026-02-15 22:00:00+00:00,393,1.18709,1.18728,1.18698,1.18708,1.18675,1.18741,0.000660000000000105
2026-02-15 23:00:00+00:00,2183,1.18702,1.18712,1.18632,1.1867,1.18661,1.18679,0.000180000000000069
2026-02-16 00:00:00+00:00,3354,1.1867,1.18672,1.18608,1.18614,1.18606,1.18622,0.00016000000000016001
2026-02-16 01:00:00+00:00,3738,1.18612,1.18664,1.1859,1.18654,1.18645,1.18663,0.000180000000000069
2026-02-16 02:00:00+00:00,3250,1.18654,1.18672,1.18618,1.18654,1.18646,1.18663,0.00017000000000000348
2026-02-16 03:00:00+00:00,2010,1.18656,1.1869,1.18638,1.18673,1.18664,1.18682,0.000180000000000069
2026-02-16 04:00:00+00:00,1958,1.18674,1.18681,1.18612,1.18624,1.18614,1.18633,0.0001900000000001345
2026-02-16 05:00:00+00:00,1757,1.18624,1.18665,1.1861,1.1865,1.18641,1.18658,0.00017000000000000348
2026-02-16 06:00:00+00:00,2039,1.18648,1.18703,1.18639,1.18664,1.18657,1.18671,0.000140000000000029
2026-02-16 07:00:00+00:00,3274,1.18662,1.18665,1.18604,1.18627,1.18618,1.18636,0.000180000000000069
2026-02-16 08:00:00+00:00,6529,1.18629,1.18706,1.18566,1.18652,1.18644,1.1866,0.00016000000000016001
2026-02-16 09:00:00+00:00,4739,1.18652,1.18694,1.18622,1.18645,1.18636,1.18654,0.00017999999999984695
2026-02-16 10:00:00+00:00,3606,1.18643,1.18678,1.1862,1.18671,1.18663,1.18679,0.00015999999999993797
2026-02-16 11:00:00+00:00,3117,1.1867,1.18673,1.186,1.18614,1.18606,1.18623,0.00017000000000000348
2026-02-16 12:00:00+00:00,3342,1.18614,1.18631,1.18501,1.18532,1.18523,1.18541,0.000180000000000069
2026-02-16 13:00:00+00:00,3780,1.18532,1.18577,1.18492,1.18548,1.1854,1.18555,0.0001500000000000945
2026-02-16 14:00:00+00:00,4139,1.18547,1.18636,1.18532,1.18563,1.18555,1.18571,0.00015999999999993797
2026-02-16 15:00:00+00:00,3774,1.18564,1.1857,1.18505,1.18539,1.18532,1.18546,0.000140000000000029
2026-02-16 16:00:00+00:00,3489,1.1854,1.18568,1.18464,1.18519,1.18511,1.18527,0.00015999999999993797
2026-02-16 17:00:00+00:00,1619,1.1852,1.18536,1.18464,1.18482,1.18473,1.1849,0.00017000000000000348
2026-02-16 18:00:00+00:00,829,1.18484,1.18512,1.18483,1.18496,1.18487,1.18505,0.00017999999999984695
2026-02-16 19:00:00+00:00,709,1.18497,1.18542,1.18491,1.18542,1.18534,1.18549,0.00014999999999987246
2026-02-16 20:00:00+00:00,557,1.1854,1.18552,1.18526,1.18536,1.18527,1.18545,0.00017999999999984695
2026-02-16 21:00:00+00:00,658,1.18537,1.18543,1.18504,1.18511,1.18501,1.18521,0.00020000000000020002
2026-02-16 22:00:00+00:00,312,1.18507,1.18522,1.18506,1.18506,1.18493,1.18519,0.00025999999999992696
2026-02-16 23:00:00+00:00,1166,1.18509,1.1852,1.18467,1.18506,1.18497,1.18515,0.00017999999999984695
2026-02-17 00:00:00+00:00,3900,1.18507,1.1852,1.18422,1.18438,1.18429,1.18446,0.00017000000000000348
2026-02-17 01:00:00+00:00,4046,1.18438,1.18448,1.18408,1.18444,1.18435,1.18452,0.00017000000000000348
2026-02-17 02:00:00+00:00,3148,1.18443,1.18474,1.18405,1.18422,1.18414,1.18429,0.0001500000000000945
2026-02-17 03:00:00+00:00,2533,1.18422,1.18424,1.18382,1.18417,1.1841,1.18424,0.000140000000000029
2026-02-17 04:00:00+00:00,2232,1.18416,1.18424,1.18394,1.1841,1.18402,1.18418,0.00015999999999993797
2026-02-17 05:00:00+00:00,3351,1.1841,1.1842,1.18357,1.18416,1.18407,1.18424,0.00017000000000000348
2026-02-17 06:00:00+00:00,3210,1.18416,1.18458,1.18416,1.18442,1.18432,1.18452,0.00019999999999997797
2026-02-17 07:00:00+00:00,5909,1.18442,1.18448,1.18286,1.18328,1.18319,1.18336,0.00017000000000000348
2026-02-17 08:00:00+00:00,6413,1.18328,1.1844,1.183,1.1841,1.18402,1.18417,0.00014999999999987246
2026-02-17 09:00:00+00:00,4475,1.1841,1.18499,1.18398,1.18466,1.18457,1.18474,0.00017000000000000348
2026-02-17 10:00:00+00:00,4665,1.18462,1.18472,1.18413,1.18428,1.1842,1.18435,0.0001500000000000945
2026-02-17 11:00:00+00:00,4367,1.18428,1.18444,1.18242,1.1831,1.18302,1.18317,0.0001500000000000945
2026-02-17 12:00:00+00:00,5849,1.18309,1.18358,1.1827,1.18278,1.18269,1.18286,0.00017000000000000348
2026-02-17 13:00:00+00:00,9505,1.18277,1.18304,1.18158,1.18222,1.18215,1.1823,0.00014999999999987246
2026-02-17 14:00:00+00:00,11219,1.18223,1.18282,1.18164,1.18239,1.18231,1.18247,0.00015999999999993797
2026-02-17 15:00:00+00:00,10708,1.1824,1.18241,1.1805,1.18108,1.18099,1.18116,0.00017000000000000348
2026-02-17 16:00:00+00:00,9664,1.18108,1.18354,1.18108,1.18308,1.183,1.18315,0.00014999999999987246
2026-02-17 17:00:00+00:00,8124,1.18307,1.18424,1.18294,1.18394,1.18387,1.18402,0.0001500000000000945
2026-02-17 18:00:00+00:00,5620,1.18398,1.18532,1.18388,1.18482,1.18474,1.18491,0.00017000000000000348
2026-02-17 19:00:00+00:00,3535,1.18483,1.18506,1.18433,1.18481,1.18473,1.18489,0.00015999999999993797
2026-02-17 20:00:00+00:00,2933,1.1848,1.18528,1.1847,1.1851,1.18503,1.18518,0.00014999999999987246
2026-02-17 21:00:00+00:00,1333,1.18512,1.18547,1.18499,1.18536,1.18526,1.18546,0.00019999999999997797
2026-02-17 22:00:00+00:00,787,1.18529,1.18536,1.18516,1.18524,1.1851,1.18538,0.000280000000000058
2026-02-17 23:00:00+00:00,1456,1.18525,1.18578,1.18506,1.18508,1.18501,1.18516,0.0001500000000000945
2026-02-18 00:00:00+00:00,3542,1.1851,1.18538,1.1847,1.18474,1.18466,1.18481,0.00014999999999987246
2026-02-18 01:00:00+00:00,2820,1.18473,1.18478,1.18426,1.18463,1.18455,1.18471,0.00015999999999993797
2026-02-18 02:00:00+00:00,2719,1.18464,1.18474,1.18416,1.18447,1.18438,1.18456,0.000180000000000069
2026-02-18 03:00:00+00:00,2005,1.18447,1.18468,1.18411,1.18414,1.18405,1.18422,0.00017000000000000348
2026-02-18 04:00:00+00:00,1753,1.18413,1.18438,1.18394,1.18418,1.1841,1.18427,0.00017000000000000348
2026-02-18 05:00:00+00:00,1508,1.18419,1.1846,1.18418,1.18458,1.1845,1.18466,0.00015999999999993797
2026-02-18 06:00:00+00:00,2472,1.18458,1.18464,1.18404,1.18448,1.1844,1.18457,0.00017000000000000348
2026-02-18 07:00:00+00:00,4659,1.18446,1.18464,1.1833,1.18348,1.18341,1.18356,0.00014999999999987246
2026-02-18 08:00:00+00:00,5854,1.18348,1.18381,1.18286,1.18312,1.18305,1.1832,0.0001500000000000945
2026-02-18 09:00:00+00:00,4709,1.1831,1.18386,1.18285,1.18361,1.18353,1.18369,0.00015999999999993797
2026-02-18 10:00:00+00:00,3850,1.18362,1.18408,1.18309,1.18322,1.18314,1.1833,0.00015999999999993797
2026-02-18 11:00:00+00:00,3020,1.18322,1.1838,1.18306,1.18347,1.18339,1.18355,0.00016000000000016001
2026-02-18 12:00:00+00:00,4776,1.18348,1.18472,1.18335,1.18398,1.1839,1.18407,0.00017000000000000348
2026-02-18 13:00:00+00:00,6319,1.184,1.18486,1.18236,1.18238,1.1823,1.18246,0.00016000000000016001
2026-02-18 14:00:00+00:00,9651,1.18238,1.18278,1.18122,1.18154,1.18146,1.18163,0.00017000000000000348
2026-02-18 15:00:00+00:00,8276,1.18155,1.18268,1.18136,1.18227,1.18219,1.18235,0.00015999999999993797
2026-02-18 16:00:00+00:00,6141,1.18226,1.18262,1.18094,1.18096,1.18089,1.18103,0.000140000000000029
2026-02-18 17:00:00+00:00,4871,1.18097,1.18142,1.18022,1.1806,1.18052,1.18069,0.00017000000000000348
2026-02-18 18:00:00+00:00,5635,1.18061,1.18074,1.17875,1.17906,1.17894,1.17919,0.00024999999999986144
2026-02-18 19:00:00+00:00,7727,1.17906,1.17954,1.17837,1.17874,1.17866,1.17882,0.00015999999999993797
2026-02-18 20:00:00+00:00,3438,1.17874,1.17904,1.1782,1.17836,1.17828,1.17845,0.00017000000000000348
2026-02-18 21:00:00+00:00,1784,1.17836,1.17874,1.17825,1.17838,1.17828,1.17847,0.00018999999999991246
2026-02-18 22:00:00+00:00,300,1.17845,1.17878,1.17842,1.17864,1.17846,1.17882,0.00035999999999991594
2026-02-18 23:00:00+00:00,1192,1.17864,1.17898,1.17858,1.17886,1.17877,1.17895,0.00017999999999984695
2026-02-19 00:00:00+00:00,2847,1.17888,1.17918,1.17855,1.17903,1.17896,1.1791,0.000140000000000029
2026-02-19 01:00:00+00:00,3307,1.17902,1.17952,1.17898,1.17946,1.17938,1.17954,0.00015999999999993797
2026-02-19 02:00:00+00:00,2862,1.17946,1.17957,1.17906,1.1791,1.17902,1.17919,0.00017000000000000348
2026-02-19 03:00:00+00:00,2517,1.17911,1.1793,1.17878,1.17908,1.179,1.17915,0.00014999999999987246
2026-02-19 04:00:00+00:00,2682,1.17908,1.17918,1.17848,1.17894,1.17885,1.17903,0.000180000000000069
2026-02-19 05:00:00+00:00,2714,1.17894,1.17928,1.17866,1.17916,1.17909,1.17924,0.0001500000000000945
2026-02-19 06:00:00+00:00,3231,1.17916,1.1801,1.179,1.17983,1.17975,1.17991,0.00015999999999993797
2026-02-19 07:00:00+00:00,4057,1.17982,1.18036,1.17928,1.18006,1.17998,1.18013,0.00014999999999987246
2026-02-19 08:00:00+00:00,5352,1.18008,1.18052,1.17974,1.18014,1.18006,1.18021,0.00014999999999987246
2026-02-19 09:00:00+00:00,4835,1.18014,1.18077,1.17986,1.18,1.17992,1.18008,0.00015999999999993797
2026-02-19 10:00:00+00:00,5509,1.18,1.18032,1.17873,1.17892,1.17884,1.17899,0.00014999999999987246
2026-02-19 11:00:00+00:00,4724,1.17892,1.17904,1.17766,1.17807,1.17799,1.17815,0.00015999999999993797
2026-02-19 12:00:00+00:00,5748,1.17806,1.17808,1.1767,1.17694,1.17686,1.17703,0.00017000000000000348
2026-02-19 13:00:00+00:00,9410,1.17695,1.177,1.17514,1.17656,1.17647,1.17665,0.000180000000000069
2026-02-19 14:00:00+00:00,11901,1.17655,1.17663,1.1742,1.17519,1.17511,1.17527,0.00015999999999993797
2026-02-19 15:00:00+00:00,15492,1.17517,1.17756,1.17483,1.17632,1.17624,1.1764,0.00015999999999993797
2026-02-19 16:00:00+00:00,8559,1.17632,1.17706,1.17582,1.17614,1.17607,1.17622,0.0001500000000000945
2026-02-19 17:00:00+00:00,6972,1.17614,1.1768,1.17562,1.1766,1.17652,1.17667,0.0001500000000000945
2026-02-19 18:00:00+00:00,4403,1.1766,1.17743,1.17648,1.17685,1.17678,1.17692,0.000140000000000029
2026-02-19 19:00:00+00:00,5162,1.17686,1.1772,1.17591,1.17638,1.1763,1.17647,0.00017000000000000348
2026-02-19 20:00:00+00:00,3504,1.17639,1.17688,1.17633,1.17687,1.17679,1.17695,0.00015999999999993797
2026-02-19 21:00:00+00:00,2566,1.17688,1.17782,1.17682,1.17716,1.17708,1.17724,0.00016000000000016001
2026-02-19 22:00:00+00:00,406,1.17715,1.17746,1.17714,1.17722,1.17712,1.17732,0.00019999999999997797
2026-02-19 23:00:00+00:00,1426,1.1772,1.1776,1.17682,1.17684,1.17676,1.17692,0.00015999999999993797
2026-02-20 00:00:00+00:00,3155,1.17684,1.17721,1.17668,1.17706,1.17698,1.17713,0.0001500000000000945
2026-02-20 01:00:00+00:00,5650,1.17704,1.17718,1.17551,1.1759,1.17582,1.17597,0.00014999999999987246
2026-02-20 02:00:00+00:00,3958,1.1759,1.176,1.17532,1.17546,1.17538,1.17554,0.00015999999999993797
2026-02-20 03:00:00+00:00,1924,1.17546,1.1759,1.17545,1.17568,1.17561,1.17575,0.000140000000000029
2026-02-20 04:00:00+00:00,1843,1.1757,1.17598,1.17524,1.17532,1.17523,1.1754,0.00017000000000000348
2026-02-20 05:00:00+00:00,2485,1.17532,1.1757,1.17502,1.17554,1.17545,1.17562,0.00017000000000000348
2026-02-20 06:00:00+00:00,3211,1.17555,1.17568,1.17514,1.17552,1.17544,1.17559,0.00014999999999987246
2026-02-20 07:00:00+00:00,5747,1.17551,1.17628,1.17496,1.17514,1.17506,1.17522,0.00015999999999993797
2026-02-20 08:00:00+00:00,7568,1.17512,1.17638,1.17434,1.17608,1.176,1.17617,0.00017000000000000348
2026-02-20 09:00:00+00:00,5468,1.17609,1.17682,1.17584,1.17668,1.1766,1.17676,0.00015999999999993797
2026-02-20 10:00:00+00:00,4943,1.17668,1.17688,1.17572,1.17638,1.17631,1.17645,0.000140000000000029
2026-02-20 11:00:00+00:00,4126,1.17637,1.17691,1.176,1.17674,1.17666,1.17682,0.00015999999999993797
2026-02-20 12:00:00+00:00,5025,1.17674,1.17711,1.17634,1.17657,1.17649,1.17665,0.00015999999999993797
2026-02-20 13:00:00+00:00,11229,1.17656,1.1783,1.17572,1.17694,1.17686,1.17702,0.00015999999999993797
2026-02-20 14:00:00+00:00,9383,1.17692,1.17705,1.1756,1.17682,1.1767,1.17694,0.00024000000000001798
2026-02-20 15:00:00+00:00,39715,1.1768,1.18076,1.17554,1.17882,1.17874,1.1789,0.00016000000000016001
2026-02-20 16:00:00+00:00,13063,1.17882,1.17983,1.17738,1.178,1.17792,1.17809,0.00017000000000000348
2026-02-20 17:00:00+00:00,11265,1.178,1.17851,1.17655,1.17802,1.17794,1.1781,0.00015999999999993797
2026-02-20 18:00:00+00:00,15369,1.17802,1.1799,1.17768,1.17859,1.17851,1.17867,0.00016000000000016001
2026-02-20 19:00:00+00:00,6382,1.17862,1.17898,1.17786,1.17808,1.178,1.17815,0.0001500000000000945
2026-02-20 20:00:00+00:00,3865,1.17808,1.17875,1.17775,1.17862,1.17854,1.17871,0.00017000000000000348
2026-02-20 21:00:00+00:00,2915,1.17863,1.17916,1.17801,1.17816,1.17806,1.17827,0.00020999999999982144
2026-02-22 22:00:00+00:00,678,1.17963,1.17988,1.17931,1.17946,1.17929,1.17962,0.00032999999999994145
2026-02-22 23:00:00+00:00,5817,1.17944,1.18348,1.17938,1.18334,1.18325,1.18343,0.000180000000000069
2026-02-23 00:00:00+00:00,7778,1.18334,1.18346,1.18228,1.1831,1.18302,1.18318,0.00015999999999993797
2026-02-23 01:00:00+00:00,8069,1.1831,1.18336,1.18207,1.18262,1.18254,1.18271,0.00017000000000000348
2026-02-23 02:00:00+00:00,5236,1.18263,1.18312,1.18234,1.18276,1.18268,1.18285,0.00017000000000000348
2026-02-23 03:00:00+00:00,3180,1.18277,1.1828,1.18167,1.18235,1.18226,1.18244,0.00017999999999984695
2026-02-23 04:00:00+00:00,2375,1.18236,1.18242,1.1818,1.18209,1.18201,1.18217,0.00015999999999993797
2026-02-23 05:00:00+00:00,2193,1.18208,1.18216,1.18151,1.18198,1.1819,1.18206,0.00016000000000016001
2026-02-23 06:00:00+00:00,3836,1.18196,1.1834,1.18167,1.18244,1.18237,1.18252,0.0001500000000000945
2026-02-23 07:00:00+00:00,5679,1.18243,1.18278,1.18187,1.18234,1.18225,1.18242,0.00017000000000000348
2026-02-23 08:00:00+00:00,6924,1.18235,1.18249,1.18072,1.18104,1.18095,1.18113,0.000180000000000069
2026-02-23 09:00:00+00:00,5049,1.18104,1.18126,1.18002,1.18008,1.18,1.18017,0.00017000000000000348
2026-02-23 10:00:00+00:00,4511,1.18009,1.18014,1.17951,1.17988,1.1798,1.17995,0.0001500000000000945
2026-02-23 11:00:00+00:00,5593,1.17987,1.1799,1.1781,1.1786,1.17851,1.17868,0.00017000000000000348
2026-02-23 12:00:00+00:00,6056,1.17857,1.17866,1.17744,1.17819,1.17811,1.17827,0.00015999999999993797
2026-02-23 13:00:00+00:00,7322,1.17817,1.17978,1.17782,1.17958,1.1795,1.17967,0.00017000000000000348
2026-02-23 14:00:00+00:00,10145,1.17958,1.18091,1.1794,1.18056,1.18048,1.18063,0.0001500000000000945
2026-02-23 15:00:00+00:00,10523,1.18056,1.181,1.17922,1.17948,1.1794,1.17956,0.00015999999999993797
2026-02-23 16:00:00+00:00,9466,1.17946,1.18064,1.17882,1.1804,1.18032,1.18049,0.00017000000000000348
2026-02-23 17:00:00+00:00,5889,1.1804,1.18089,1.17907,1.17988,1.1798,1.17996,0.00015999999999993797
2026-02-23 18:00:00+00:00,3848,1.17987,1.1801,1.17948,1.17983,1.17975,1.17991,0.00015999999999993797
2026-02-23 19:00:00+00:00,3730,1.17982,1.18008,1.17882,1.17916,1.17908,1.17923,0.0001500000000000945
2026-02-23 20:00:00+00:00,3067,1.17916,1.1794,1.17876,1.1789,1.17881,1.17898,0.00017000000000000348
2026-02-23 21:00:00+00:00,2371,1.17892,1.17926,1.17843,1.17854,1.17844,1.17863,0.0001900000000001345
2026-02-23 22:00:00+00:00,1180,1.1789,1.17892,1.17861,1.17874,1.17863,1.17886,0.00022999999999995246
2026-02-23 23:00:00+00:00,1622,1.17874,1.17953,1.17863,1.1793,1.17923,1.17938,0.0001500000000000945
2026-02-24 00:00:00+00:00,3292,1.1793,1.17964,1.17875,1.1788,1.17872,1.17889,0.00017000000000000348
2026-02-24 01:00:00+00:00,6635,1.1788,1.1788,1.17716,1.1782,1.17811,1.17828,0.00017000000000000348
2026-02-24 02:00:00+00:00,3671,1.17818,1.17846,1.17784,1.17838,1.1783,1.17847,0.00017000000000000348
2026-02-24 03:00:00+00:00,2559,1.17838,1.17855,1.1775,1.17752,1.17743,1.1776,0.00017000000000000348
2026-02-24 04:00:00+00:00,2376,1.17752,1.17768,1.1768,1.17697,1.17689,1.17705,0.00015999999999993797
2026-02-24 05:00:00+00:00,2126,1.17698,1.17807,1.17686,1.178,1.17793,1.17807,0.000140000000000029
2026-02-24 06:00:00+00:00,3129,1.17801,1.17824,1.17772,1.17804,1.17796,1.17811,0.0001500000000000945
2026-02-24 07:00:00+00:00,8534,1.17804,1.17824,1.17716,1.17792,1.17784,1.17799,0.0001500000000000945
2026-02-24 08:00:00+00:00,7229,1.17792,1.179,1.17734,1.17838,1.17831,1.17846,0.0001500000000000945
2026-02-24 09:00:00+00:00,5146,1.17838,1.17932,1.17831,1.17877,1.17869,1.17885,0.00015999999999993797
2026-02-24 10:00:00+00:00,4251,1.17878,1.17912,1.17824,1.17856,1.17848,1.17864,0.00015999999999993797
2026-02-24 11:00:00+00:00,4080,1.17856,1.17861,1.17792,1.17806,1.17798,1.17815,0.00017000000000000348
2026-02-24 12:00:00+00:00,5288,1.17804,1.17836,1.17728,1.17814,1.17805,1.17822,0.00017000000000000348
2026-02-24 13:00:00+00:00,6662,1.17813,1.17814,1.1768,1.17722,1.17714,1.1773,0.00015999999999993797
2026-02-24 14:00:00+00:00,8480,1.17723,1.17786,1.17674,1.17736,1.17728,1.17743,0.00014999999999987246
2026-02-24 15:00:00+00:00,10006,1.17736,1.17811,1.17662,1.17728,1.1772,1.17736,0.00015999999999993797
2026-02-24 16:00:00+00:00,6226,1.17728,1.17902,1.17722,1.17881,1.17873,1.17889,0.00015999999999993797
2026-02-24 17:00:00+00:00,3872,1.1788,1.17888,1.17818,1.17856,1.17848,1.17865,0.00017000000000000348
2026-02-24 18:00:00+00:00,3467,1.17856,1.17867,1.17772,1.17786,1.17777,1.17794,0.00017000000000000348
2026-02-24 19:00:00+00:00,2417,1.17784,1.17841,1.17765,1.17788,1.1778,1.17797,0.00017000000000000348
2026-02-24 20:00:00+00:00,2692,1.17788,1.17836,1.17751,1.17752,1.17745,1.1776,0.00014999999999987246
2026-02-24 21:00:00+00:00,1559,1.17753,1.1777,1.17734,1.17738,1.1773,1.17746,0.00015999999999993797
2026-02-24 22:00:00+00:00,648,1.17734,1.17778,1.17726,1.17746,1.17732,1.17761,0.0002900000000001235
2026-02-24 23:00:00+00:00,895,1.17744,1.17761,1.17726,1.1774,1.17731,1.17748,0.00017000000000000348
2026-02-25 00:00:00+00:00,3858,1.17741,1.178,1.17734,1.17779,1.17772,1.17786,0.00013999999999980695
2026-02-25 01:00:00+00:00,3672,1.1778,1.17822,1.1776,1.17786,1.17777,1.17794,0.00017000000000000348
2026-02-25 02:00:00+00:00,4976,1.17785,1.17936,1.17782,1.17924,1.17915,1.17932,0.00017000000000000348
2026-02-25 03:00:00+00:00,5599,1.17924,1.17944,1.17858,1.17895,1.17887,1.17903,0.00015999999999993797
2026-02-25 04:00:00+00:00,3048,1.17895,1.17962,1.17877,1.17949,1.17941,1.17957,0.00015999999999993797
2026-02-25 05:00:00+00:00,3241,1.17948,1.18055,1.17941,1.1801,1.18001,1.18018,0.00017000000000000348
2026-02-25 06:00:00+00:00,4123,1.1801,1.18064,1.1797,1.18053,1.18046,1.1806,0.000140000000000029
2026-02-25 07:00:00+00:00,4919,1.18052,1.1808,1.17971,1.17972,1.17963,1.1798,0.00017000000000000348
2026-02-25 08:00:00+00:00,6290,1.17971,1.18001,1.17895,1.179,1.17892,1.17909,0.00017000000000000348
2026-02-25 09:00:00+00:00,6137,1.17901,1.17931,1.17856,1.1788,1.1787,1.17889,0.00018999999999991246
2026-02-25 10:00:00+00:00,4591,1.1788,1.17885,1.17793,1.17798,1.17789,1.17806,0.00017000000000000348
2026-02-25 11:00:00+00:00,3848,1.17798,1.17812,1.1771,1.17749,1.17741,1.17757,0.00015999999999993797
2026-02-25 12:00:00+00:00,4585,1.1775,1.17869,1.17741,1.17859,1.17851,1.17867,0.00016000000000016001
2026-02-25 13:00:00+00:00,6398,1.1786,1.17902,1.1773,1.17737,1.17728,1.17746,0.00017999999999984695
2026-02-25 14:00:00+00:00,7472,1.17737,1.17892,1.17731,1.17863,1.17856,1.1787,0.000140000000000029
2026-02-25 15:00:00+00:00,10602,1.17864,1.18026,1.17848,1.18012,1.18004,1.18021,0.00017000000000000348
2026-02-25 16:00:00+00:00,6304,1.18011,1.18073,1.17988,1.1804,1.18032,1.18049,0.00017000000000000348
2026-02-25 17:00:00+00:00,5080,1.1804,1.18144,1.18026,1.18074,1.18065,1.18083,0.000180000000000069
2026-02-25 18:00:00+00:00,3470,1.18075,1.1811,1.18044,1.18048,1.18041,1.18056,0.0001500000000000945
2026-02-25 19:00:00+00:00,2422,1.18048,1.18094,1.18028,1.18055,1.18046,1.18064,0.00017999999999984695
2026-02-25 20:00:00+00:00,2986,1.18055,1.18088,1.18048,1.18061,1.18052,1.1807,0.000180000000000069
2026-02-25 21:00:00+00:00,1879,1.1806,1.1813,1.18034,1.18101,1.18092,1.1811,0.000180000000000069
2026-02-25 22:00:00+00:00,557,1.18089,1.18136,1.18073,1.18114,1.18091,1.18138,0.0004700000000001925
2026-02-25 23:00:00+00:00,1668,1.18116,1.18164,1.18108,1.18152,1.18143,1.1816,0.00017000000000000348
2026-02-26 00:00:00+00:00,3231,1.18152,1.18194,1.18117,1.1819,1.18182,1.18199,0.00017000000000000348
2026-02-26 01:00:00+00:00,4925,1.18188,1.1829,1.18179,1.18274,1.18266,1.18282,0.00015999999999993797
2026-02-26 02:00:00+00:00,3292,1.18274,1.1829,1.18133,1.18175,1.18167,1.18183,0.00015999999999993797
2026-02-26 03:00:00+00:00,2776,1.18174,1.18222,1.1816,1.1817,1.18161,1.18178,0.00017000000000000348
2026-02-26 04:00:00+00:00,2207,1.1817,1.1819,1.18126,1.18184,1.18176,1.18192,0.00016000000000016001
2026-02-26 05:00:00+00:00,3384,1.18184,1.18228,1.1816,1.18198,1.18189,1.18206,0.00017000000000000348
2026-02-26 06:00:00+00:00,3629,1.18197,1.18223,1.18148,1.18189,1.18181,1.18197,0.00015999999999993797
2026-02-26 07:00:00+00:00,4634,1.18188,1.18188,1.18088,1.18156,1.18148,1.18165,0.00017000000000000348
2026-02-26 08:00:00+00:00,6094,1.18158,1.18159,1.18023,1.18026,1.18017,1.18034,0.00017000000000000348
2026-02-26 09:00:00+00:00,5001,1.18024,1.1806,1.17968,1.17973,1.17966,1.1798,0.000140000000000029
2026-02-26 10:00:00+00:00,3579,1.17971,1.17998,1.17934,1.17984,1.17977,1.17991,0.000140000000000029
2026-02-26 11:00:00+00:00,4064,1.17984,1.18048,1.1798,1.18005,1.17997,1.18013,0.00015999999999993797
2026-02-26 12:00:00+00:00,3827,1.18006,1.18098,1.17998,1.1809,1.18082,1.18098,0.00015999999999993797
2026-02-26 13:00:00+00:00,6914,1.1809,1.18168,1.18028,1.18068,1.1806,1.18076,0.00015999999999993797
2026-02-26 14:00:00+00:00,9106,1.1807,1.18158,1.1802,1.1813,1.18122,1.18137,0.0001500000000000945
2026-02-26 15:00:00+00:00,13800,1.18126,1.18144,1.1781,1.17991,1.17983,1.17999,0.00016000000000016001
2026-02-26 16:00:00+00:00,7263,1.1799,1.17994,1.1786,1.17919,1.17911,1.17927,0.00015999999999993797
2026-02-26 17:00:00+00:00,5993,1.1792,1.17934,1.1774,1.17762,1.17754,1.1777,0.00015999999999993797
2026-02-26 18:00:00+00:00,6503,1.17762,1.17874,1.17741,1.17846,1.17837,1.17854,0.00017000000000000348
2026-02-26 19:00:00+00:00,3674,1.17846,1.17979,1.17824,1.17968,1.1796,1.17975,0.0001500000000000945
2026-02-26 20:00:00+00:00,2946,1.17968,1.18033,1.17958,1.18014,1.18005,1.18022,0.00017000000000000348
2026-02-26 21:00:00+00:00,1872,1.18015,1.18039,1.17972,1.17976,1.17967,1.17986,0.00018999999999991246
2026-02-26 22:00:00+00:00,720,1.17972,1.18006,1.1797,1.1798,1.17962,1.17997,0.0003500000000000725
2026-02-26 23:00:00+00:00,1151,1.17984,1.18032,1.17964,1.18032,1.18023,1.18041,0.000180000000000069
2026-02-27 00:00:00+00:00,4320,1.18032,1.18057,1.17961,1.17962,1.17955,1.1797,0.00014999999999987246
2026-02-27 01:00:00+00:00,5626,1.17964,1.18024,1.1789,1.17901,1.17893,1.17909,0.00015999999999993797
2026-02-27 02:00:00+00:00,3304,1.17903,1.18015,1.17903,1.18007,1.17999,1.18015,0.00015999999999993797
2026-02-27 03:00:00+00:00,2313,1.18006,1.1806,1.18002,1.18036,1.18028,1.18044,0.00015999999999993797
2026-02-27 04:00:00+00:00,2197,1.18036,1.18132,1.18022,1.1811,1.18102,1.18119,0.00017000000000000348
2026-02-27 05:00:00+00:00,3020,1.18111,1.1812,1.18063,1.18086,1.18078,1.18094,0.00016000000000016001
2026-02-27 06:00:00+00:00,4367,1.18084,1.1811,1.18022,1.18043,1.18036,1.1805,0.000140000000000029
2026-02-27 07:00:00+00:00,5345,1.18041,1.18195,1.17971,1.18152,1.18145,1.1816,0.0001500000000000945
2026-02-27 08:00:00+00:00,5682,1.18152,1.18218,1.18082,1.18096,1.18088,1.18105,0.00017000000000000348
2026-02-27 09:00:00+00:00,5326,1.18097,1.18116,1.17928,1.17952,1.17944,1.17961,0.00017000000000000348
2026-02-27 10:00:00+00:00,3845,1.17954,1.18037,1.17947,1.17988,1.1798,1.17997,0.00017000000000000348
2026-02-27 11:00:00+00:00,3422,1.17989,1.1804,1.17962,1.18002,1.17994,1.18011,0.00017000000000000348
2026-02-27 12:00:00+00:00,4213,1.18003,1.18083,1.17987,1.18024,1.18014,1.18034,0.00019999999999997797
2026-02-27 13:00:00+00:00,10630,1.18024,1.18065,1.17904,1.17926,1.17917,1.17934,0.00017000000000000348
2026-02-27 14:00:00+00:00,9700,1.17926,1.18154,1.17908,1.1797,1.17963,1.17977,0.000140000000000029
2026-02-27 15:00:00+00:00,11635,1.1797,1.18172,1.17963,1.18072,1.18064,1.18079,0.0001500000000000945
2026-02-27 16:00:00+00:00,8432,1.18072,1.18252,1.18058,1.1822,1.18213,1.18228,0.0001500000000000945
2026-02-27 17:00:00+00:00,5486,1.18221,1.1827,1.18156,1.18166,1.18157,1.18174,0.00017000000000000348
2026-02-27 18:00:00+00:00,4115,1.18168,1.18192,1.18111,1.18179,1.18171,1.18187,0.00015999999999993797
2026-02-27 19:00:00+00:00,3137,1.18178,1.18228,1.18167,1.18194,1.18186,1.18201,0.0001500000000000945
2026-02-27 20:00:00+00:00,3314,1.18194,1.1826,1.18151,1.18162,1.18154,1.18169,0.00014999999999987246
2026-02-27 21:00:00+00:00,3166,1.1816,1.18185,1.18112,1.18172,1.18154,1.1819,0.00035999999999991594
2026-03-01 22:00:00+00:00,1828,1.17685,1.17796,1.17584,1.17773,1.17735,1.17811,0.0007600000000000939
2026-03-01 23:00:00+00:00,9591,1.1777,1.17878,1.17568,1.17592,1.17583,1.176,0.00017000000000000348
2026-03-02 00:00:00+00:00,8382,1.17589,1.17782,1.1756,1.17775,1.17767,1.17783,0.00015999999999993797
2026-03-02 01:00:00+00:00,9301,1.17773,1.17944,1.17754,1.1792,1.17912,1.17928,0.00016000000000016001
2026-03-02 02:00:00+00:00,5293,1.1792,1.17934,1.1781,1.17886,1.17879,1.17893,0.000140000000000029
2026-03-02 03:00:00+00:00,3526,1.17887,1.17958,1.17882,1.17887,1.17879,1.17895,0.00015999999999993797
2026-03-02 04:00:00+00:00,2881,1.17887,1.17904,1.17818,1.17864,1.17857,1.17871,0.000140000000000029
2026-03-02 05:00:00+00:00,4104,1.17862,1.17862,1.17662,1.17664,1.17655,1.17672,0.00017000000000000348
2026-03-02 06:00:00+00:00,11000,1.17664,1.17667,1.17303,1.17324,1.17316,1.17332,0.00015999999999993797
2026-03-02 07:00:00+00:00,12945,1.17322,1.17344,1.17036,1.17164,1.17156,1.17173,0.00017000000000000348
2026-03-02 08:00:00+00:00,12305,1.17164,1.17239,1.16981,1.17227,1.17218,1.17236,0.000180000000000069
2026-03-02 09:00:00+00:00,9041,1.17226,1.17437,1.1721,1.17332,1.17323,1.1734,0.00017000000000000348
2026-03-02 10:00:00+00:00,7205,1.17331,1.17473,1.17328,1.17386,1.17377,1.17394,0.00017000000000000348
2026-03-02 11:00:00+00:00,5915,1.17386,1.17413,1.17263,1.17333,1.17325,1.17341,0.00016000000000016001
2026-03-02 12:00:00+00:00,9116,1.1733,1.1734,1.17022,1.17038,1.17029,1.17046,0.00017000000000000348
2026-03-02 13:00:00+00:00,12318,1.17037,1.17184,1.16952,1.16986,1.16978,1.16994,0.00015999999999993797
2026-03-02 14:00:00+00:00,14471,1.16986,1.1724,1.16951,1.17174,1.17162,1.17185,0.00022999999999995246
2026-03-02 15:00:00+00:00,15672,1.17165,1.17165,1.16799,1.168,1.16793,1.16808,0.0001500000000000945
2026-03-02 16:00:00+00:00,11605,1.168,1.16944,1.16719,1.16896,1.16888,1.16905,0.00017000000000000348
2026-03-02 17:00:00+00:00,7533,1.16897,1.17078,1.16868,1.17072,1.17065,1.1708,0.0001500000000000945
2026-03-02 18:00:00+00:00,5838,1.17072,1.17074,1.16869,1.16946,1.16937,1.16954,0.00017000000000000348
2026-03-02 19:00:00+00:00,5317,1.16944,1.17134,1.1694,1.17112,1.17104,1.17119,0.00014999999999987246
2026-03-02 20:00:00+00:00,12668,1.17113,1.17132,1.16786,1.16903,1.16895,1.16911,0.00016000000000016001
2026-03-02 21:00:00+00:00,2304,1.16902,1.16954,1.1689,1.169,1.16892,1.16908,0.00015999999999993797
2026-03-02 22:00:00+00:00,794,1.16868,1.16928,1.16854,1.16878,1.16862,1.16894,0.000320000000000098
2026-03-02 23:00:00+00:00,2032,1.16876,1.16984,1.16876,1.16948,1.16939,1.16956,0.00017000000000000348
2026-03-03 00:00:00+00:00,4152,1.16949,1.16958,1.16864,1.16953,1.16945,1.16961,0.00015999999999993797
2026-03-03 01:00:00+00:00,7270,1.16954,1.1707,1.16924,1.16969,1.16961,1.16977,0.00015999999999993797
2026-03-03 02:00:00+00:00,6890,1.16968,1.1699,1.1686,1.16944,1.16936,1.16951,0.0001500000000000945
2026-03-03 03:00:00+00:00,4739,1.16945,1.16978,1.16864,1.16904,1.16894,1.16913,0.00018999999999991246
2026-03-03 04:00:00+00:00,4164,1.16906,1.16936,1.16793,1.16811,1.16803,1.16819,0.00016000000000016001
2026-03-03 05:00:00+00:00,7082,1.16811,1.1685,1.16652,1.16667,1.16659,1.16675,0.00015999999999993797
2026-03-03 06:00:00+00:00,7224,1.1667,1.16716,1.1662,1.16692,1.16684,1.167,0.00015999999999993797
2026-03-03 07:00:00+00:00,9686,1.16692,1.16692,1.16426,1.16437,1.16429,1.16445,0.00015999999999993797
2026-03-03 08:00:00+00:00,14992,1.16439,1.16462,1.16179,1.1623,1.16221,1.16238,0.00017000000000000348
2026-03-03 09:00:00+00:00,14472,1.1623,1.16292,1.15986,1.16055,1.16047,1.16063,0.00016000000000016001
2026-03-03 10:00:00+00:00,12758,1.16054,1.16129,1.15892,1.1592,1.15911,1.15928,0.00017000000000000348
2026-03-03 11:00:00+00:00,13719,1.15919,1.16034,1.1582,1.15972,1.15965,1.1598,0.00014999999999987246
2026-03-03 12:00:00+00:00,12931,1.15972,1.16154,1.15902,1.1613,1.16121,1.16138,0.00017000000000000348
2026-03-03 13:00:00+00:00,12251,1.16128,1.16152,1.159,1.15906,1.15897,1.15914,0.00017000000000000348
2026-03-03 14:00:00+00:00,18009,1.15905,1.15996,1.1565,1.15675,1.15666,1.15684,0.000180000000000069
2026-03-03 15:00:00+00:00,29017,1.15674,1.15852,1.15303,1.15728,1.15721,1.15736,0.00014999999999987246
2026-03-03 16:00:00+00:00,23340,1.15729,1.16062,1.15693,1.16031,1.16022,1.1604,0.000180000000000069
2026-03-03 17:00:00+00:00,15571,1.1603,1.16034,1.15868,1.15905,1.15896,1.15914,0.000180000000000069
2026-03-03 18:00:00+00:00,11393,1.15904,1.16222,1.15899,1.16157,1.16149,1.16165,0.00016000000000016001
2026-03-03 19:00:00+00:00,14403,1.16156,1.16259,1.16,1.16126,1.16117,1.16134,0.00017000000000000348
2026-03-03 20:00:00+00:00,8803,1.16126,1.16246,1.16113,1.16177,1.1617,1.16184,0.000140000000000029
2026-03-03 21:00:00+00:00,3257,1.16176,1.16182,1.16099,1.16124,1.16117,1.16132,0.00014999999999987246
2026-03-03 22:00:00+00:00,2366,1.1613,1.16168,1.16112,1.16128,1.16104,1.16152,0.00048000000000003595
2026-03-03 23:00:00+00:00,3033,1.16128,1.16205,1.16089,1.16108,1.161,1.16117,0.00017000000000000348
2026-03-04 00:00:00+00:00,8396,1.16109,1.16112,1.15923,1.15929,1.15921,1.15937,0.00015999999999993797
2026-03-04 01:00:00+00:00,10252,1.1593,1.15978,1.15748,1.15938,1.15928,1.15947,0.00018999999999991246
2026-03-04 02:00:00+00:00,8709,1.15939,1.16044,1.15914,1.1598,1.15972,1.15989,0.00017000000000000348
2026-03-04 03:00:00+00:00,5542,1.15982,1.16094,1.15953,1.16086,1.16077,1.16094,0.00017000000000000348
2026-03-04 04:00:00+00:00,5531,1.16087,1.16104,1.15902,1.1593,1.15921,1.15938,0.00017000000000000348
2026-03-04 05:00:00+00:00,6511,1.15932,1.1599,1.1587,1.15952,1.15944,1.15961,0.00017000000000000348
2026-03-04 06:00:00+00:00,7595,1.15952,1.16178,1.15898,1.16108,1.161,1.16116,0.00015999999999993797
2026-03-04 07:00:00+00:00,9353,1.16108,1.16282,1.16108,1.1616,1.16151,1.16168,0.00017000000000000348
2026-03-04 08:00:00+00:00,11423,1.16159,1.1617,1.15951,1.15996,1.15987,1.16006,0.0001900000000001345
2026-03-04 09:00:00+00:00,10329,1.15996,1.16201,1.1592,1.16086,1.16079,1.16094,0.0001500000000000945
2026-03-04 10:00:00+00:00,18531,1.16086,1.16473,1.16086,1.16344,1.16336,1.16352,0.00016000000000016001
2026-03-04 11:00:00+00:00,8854,1.16343,1.16549,1.16309,1.16352,1.16344,1.16361,0.00017000000000000348
2026-03-04 12:00:00+00:00,8787,1.16352,1.16487,1.1626,1.16304,1.16296,1.16312,0.00015999999999993797
2026-03-04 13:00:00+00:00,12359,1.16304,1.16522,1.16304,1.16311,1.16303,1.16319,0.00015999999999993797
2026-03-04 14:00:00+00:00,16356,1.1631,1.16413,1.16206,1.16256,1.16241,1.1627,0.0002900000000001235
2026-03-04 15:00:00+00:00,14999,1.16251,1.16404,1.16165,1.16403,1.16395,1.16411,0.00015999999999993797
2026-03-04 16:00:00+00:00,9197,1.16402,1.16462,1.16284,1.16372,1.16364,1.1638,0.00015999999999993797
2026-03-04 17:00:00+00:00,6898,1.16372,1.16436,1.16264,1.16331,1.16322,1.1634,0.000180000000000069
2026-03-04 18:00:00+00:00,5042,1.16332,1.16335,1.16234,1.16245,1.16238,1.16252,0.000140000000000029
2026-03-04 19:00:00+00:00,4493,1.16246,1.16412,1.16246,1.16398,1.1639,1.16406,0.00016000000000016001
2026-03-04 20:00:00+00:00,3691,1.16398,1.16438,1.16384,1.16404,1.16395,1.16412,0.00017000000000000348
2026-03-04 21:00:00+00:00,2194,1.16403,1.16418,1.16342,1.16354,1.16344,1.16363,0.00018999999999991246
2026-03-04 22:00:00+00:00,728,1.16304,1.16348,1.16287,1.16347,1.16335,1.16359,0.00023999999999979593
2026-03-04 23:00:00+00:00,1222,1.16346,1.16395,1.16338,1.16348,1.1634,1.16357,0.00017000000000000348
2026-03-05 00:00:00+00:00,4007,1.16348,1.16454,1.1632,1.1645,1.16441,1.1646,0.0001900000000001345
2026-03-05 01:00:00+00:00,8707,1.16452,1.16474,1.16271,1.16282,1.16274,1.1629,0.00015999999999993797
2026-03-05 02:00:00+00:00,5945,1.16282,1.16318,1.16224,1.16258,1.16249,1.16266,0.00017000000000000348
2026-03-05 03:00:00+00:00,5289,1.16257,1.16276,1.161,1.16134,1.16125,1.16142,0.00017000000000000348
2026-03-05 04:00:00+00:00,3942,1.16132,1.16148,1.16055,1.16085,1.16076,1.16094,0.000180000000000069
2026-03-05 05:00:00+00:00,5309,1.16084,1.16139,1.1594,1.15945,1.15936,1.15954,0.000180000000000069
2026-03-05 06:00:00+00:00,9758,1.15944,1.16164,1.15876,1.1607,1.16062,1.16078,0.00015999999999993797
2026-03-05 07:00:00+00:00,9048,1.1607,1.16162,1.15992,1.16048,1.16041,1.16056,0.0001500000000000945
2026-03-05 08:00:00+00:00,12375,1.16048,1.16049,1.15816,1.15988,1.1598,1.15996,0.00016000000000016001
2026-03-05 09:00:00+00:00,25050,1.15986,1.16447,1.15966,1.16226,1.16218,1.16235,0.00017000000000000348
2026-03-05 10:00:00+00:00,8555,1.16226,1.16317,1.16062,1.1611,1.16101,1.16118,0.00017000000000000348
2026-03-05 11:00:00+00:00,7039,1.16111,1.16172,1.16038,1.16115,1.16108,1.16122,0.000140000000000029
2026-03-05 12:00:00+00:00,7979,1.16115,1.1625,1.16074,1.16206,1.16197,1.16214,0.00017000000000000348
2026-03-05 13:00:00+00:00,11506,1.16204,1.16244,1.15896,1.15974,1.15966,1.15982,0.00016000000000016001
2026-03-05 14:00:00+00:00,14996,1.15973,1.1609,1.15924,1.16028,1.16019,1.16036,0.00017000000000000348
2026-03-05 15:00:00+00:00,17084,1.16028,1.16092,1.15692,1.15832,1.15824,1.15841,0.00017000000000000348
2026-03-05 16:00:00+00:00,15146,1.1583,1.15868,1.1559,1.15838,1.15829,1.15847,0.000180000000000069
2026-03-05 17:00:00+00:00,16710,1.15838,1.1592,1.15726,1.1588,1.15871,1.15888,0.00017000000000000348
2026-03-05 18:00:00+00:00,13041,1.1588,1.15916,1.15712,1.15859,1.15851,1.15867,0.00016000000000016001
2026-03-05 19:00:00+00:00,9756,1.15858,1.1588,1.15701,1.1573,1.15723,1.15738,0.0001500000000000945
2026-03-05 20:00:00+00:00,16693,1.1573,1.16103,1.15704,1.16046,1.16038,1.16055,0.00017000000000000348
2026-03-05 21:00:00+00:00,3480,1.16046,1.16104,1.16018,1.16086,1.16076,1.16096,0.00019999999999997797
2026-03-05 22:00:00+00:00,552,1.16088,1.16102,1.16079,1.16085,1.16072,1.16098,0.00025999999999992696
2026-03-05 23:00:00+00:00,2026,1.16082,1.16104,1.16034,1.16066,1.16056,1.16076,0.00019999999999997797
2026-03-06 00:00:00+00:00,4322,1.16066,1.16144,1.16054,1.1611,1.16102,1.16119,0.00017000000000000348
2026-03-06 01:00:00+00:00,6962,1.16108,1.16202,1.1607,1.16151,1.16142,1.1616,0.000180000000000069
2026-03-06 02:00:00+00:00,4177,1.1615,1.16206,1.16142,1.16165,1.16157,1.16173,0.00015999999999993797
2026-03-06 03:00:00+00:00,2935,1.16162,1.16208,1.16162,1.16202,1.16194,1.1621,0.00015999999999993797
2026-03-06 04:00:00+00:00,2887,1.16202,1.16212,1.16132,1.16138,1.16131,1.16145,0.000140000000000029
2026-03-06 05:00:00+00:00,4390,1.16137,1.16168,1.16057,1.16064,1.16057,1.16072,0.00014999999999987246
2026-03-06 06:00:00+00:00,4482,1.16064,1.16121,1.16019,1.16118,1.16109,1.16126,0.00017000000000000348
2026-03-06 07:00:00+00:00,6025,1.16117,1.16183,1.16064,1.16147,1.16137,1.16157,0.00019999999999997797
2026-03-06 08:00:00+00:00,8122,1.16146,1.16147,1.16016,1.1603,1.16021,1.16039,0.000180000000000069
2026-03-06 09:00:00+00:00,10470,1.1603,1.1603,1.15718,1.15744,1.15736,1.15752,0.00016000000000016001
2026-03-06 10:00:00+00:00,8009,1.15743,1.15852,1.15728,1.15785,1.15777,1.15793,0.00015999999999993797
2026-03-06 11:00:00+00:00,10082,1.15784,1.15814,1.1561,1.15624,1.15616,1.15633,0.00017000000000000348
2026-03-06 12:00:00+00:00,10654,1.15626,1.15688,1.15522,1.1555,1.15541,1.15558,0.00017000000000000348
2026-03-06 13:00:00+00:00,27221,1.15548,1.15964,1.15502,1.1555,1.15541,1.15559,0.00017999999999984695
2026-03-06 14:00:00+00:00,24142,1.1555,1.15747,1.15461,1.1572,1.15711,1.1573,0.00018999999999991246
2026-03-06 15:00:00+00:00,23345,1.15721,1.1593,1.15704,1.15796,1.15788,1.15805,0.00017000000000000348
2026-03-06 16:00:00+00:00,16774,1.15796,1.16131,1.1579,1.16056,1.16047,1.16064,0.00017000000000000348
2026-03-06 17:00:00+00:00,14758,1.16056,1.16096,1.15946,1.15956,1.15948,1.15965,0.00017000000000000348
2026-03-06 18:00:00+00:00,13521,1.15958,1.16214,1.1593,1.15986,1.15977,1.15994,0.00017000000000000348
2026-03-06 19:00:00+00:00,8405,1.15988,1.16096,1.15968,1.16014,1.16006,1.16022,0.00015999999999993797
2026-03-06 20:00:00+00:00,7208,1.16014,1.16099,1.15956,1.1606,1.16052,1.16068,0.00015999999999993797
2026-03-06 21:00:00+00:00,5665,1.1606,1.16187,1.16052,1.16168,1.16156,1.16181,0.0002500000000000835
2026-03-08 21:00:00+00:00,1405,1.1549,1.15574,1.15458,1.15475,1.15458,1.15492,0.00034000000000000696
2026-03-08 22:00:00+00:00,11086,1.15475,1.15528,1.15258,1.1536,1.1535,1.15369,0.0001900000000001345
2026-03-08 23:00:00+00:00,9192,1.15359,1.15402,1.15213,1.15244,1.15234,1.15253,0.0001900000000001345
2026-03-09 00:00:00+00:00,10534,1.15245,1.15316,1.15162,1.15172,1.15164,1.15181,0.00017000000000000348
2026-03-09 01:00:00+00:00,11509,1.15172,1.15239,1.15072,1.15092,1.15083,1.151,0.00017000000000000348
2026-03-09 02:00:00+00:00,11566,1.15092,1.15282,1.15084,1.15248,1.15239,1.15258,0.00018999999999991246
2026-03-09 03:00:00+00:00,7124,1.15249,1.15289,1.15127,1.15168,1.15159,1.15176,0.00017000000000000348
2026-03-09 04:00:00+00:00,5772,1.15168,1.15296,1.15161,1.1526,1.1525,1.15269,0.00018999999999991246
2026-03-09 05:00:00+00:00,16249,1.15259,1.15716,1.1524,1.15676,1.15668,1.15683,0.0001500000000000945
2026-03-09 06:00:00+00:00,13780,1.15676,1.15692,1.15446,1.15447,1.15437,1.15457,0.00020000000000020002
2026-03-09 07:00:00+00:00,17408,1.15448,1.15652,1.15354,1.15636,1.15627,1.15645,0.000180000000000069
2026-03-09 08:00:00+00:00,19752,1.15638,1.15652,1.15154,1.15348,1.1534,1.15355,0.0001500000000000945
2026-03-09 09:00:00+00:00,21008,1.15348,1.15732,1.1531,1.15541,1.15533,1.15549,0.00015999999999993797
2026-03-09 10:00:00+00:00,16725,1.15542,1.1565,1.15469,1.15605,1.15596,1.15614,0.00017999999999984695
2026-03-09 11:00:00+00:00,12984,1.15607,1.1568,1.15552,1.15615,1.15607,1.15623,0.00016000000000016001
2026-03-09 12:00:00+00:00,13157,1.15616,1.15685,1.15502,1.15534,1.15527,1.15541,0.000140000000000029
2026-03-09 13:00:00+00:00,19933,1.15536,1.15878,1.15525,1.15759,1.15751,1.15767,0.00015999999999993797
2026-03-09 14:00:00+00:00,28928,1.15758,1.15782,1.15474,1.1573,1.15721,1.15739,0.00017999999999984695
2026-03-09 15:00:00+00:00,16878,1.15732,1.15938,1.15722,1.15916,1.15908,1.15925,0.00016999999999978144
2026-03-09 16:00:00+00:00,11635,1.15916,1.15994,1.15852,1.15876,1.15868,1.15884,0.00016000000000016001
2026-03-09 17:00:00+00:00,8775,1.15876,1.15895,1.15785,1.15788,1.15781,1.15795,0.000140000000000029
2026-03-09 18:00:00+00:00,6777,1.15789,1.15844,1.1576,1.15765,1.15757,1.15773,0.00015999999999993797
2026-03-09 19:00:00+00:00,27880,1.15766,1.16339,1.15753,1.16091,1.16082,1.161,0.000180000000000069
2026-03-09 20:00:00+00:00,6608,1.1609,1.16378,1.16088,1.16372,1.1636,1.16383,0.00022999999999995246
2026-03-09 21:00:00+00:00,815,1.16365,1.16375,1.16334,1.16372,1.16361,1.16384,0.00022999999999995246
2026-03-09 22:00:00+00:00,5511,1.16376,1.16458,1.16227,1.16294,1.16286,1.16302,0.00015999999999993797
2026-03-09 23:00:00+00:00,4746,1.16296,1.16316,1.1615,1.16166,1.16158,1.16175,0.00017000000000000348
2026-03-10 00:00:00+00:00,9923,1.16166,1.16356,1.16116,1.16264,1.16255,1.16273,0.000180000000000069
2026-03-10 01:00:00+00:00,11009,1.16262,1.163,1.16118,1.162,1.1619,1.16209,0.0001900000000001345
2026-03-10 02:00:00+00:00,6667,1.162,1.1627,1.16118,1.16132,1.16123,1.1614,0.00017000000000000348
2026-03-10 03:00:00+00:00,5310,1.16132,1.16156,1.16079,1.16096,1.16086,1.16105,0.00018999999999991246
2026-03-10 04:00:00+00:00,3820,1.16097,1.16144,1.1607,1.16118,1.16111,1.16126,0.00014999999999987246
2026-03-10 05:00:00+00:00,4504,1.16118,1.16204,1.16117,1.16204,1.16196,1.16212,0.00015999999999993797
2026-03-10 06:00:00+00:00,6062,1.16204,1.16376,1.16204,1.16325,1.16317,1.16333,0.00015999999999993797
2026-03-10 07:00:00+00:00,11086,1.16325,1.16636,1.16278,1.16605,1.16596,1.16614,0.00017999999999984695
2026-03-10 08:00:00+00:00,11680,1.16602,1.16619,1.16432,1.16458,1.16449,1.16467,0.000180000000000069
2026-03-10 09:00:00+00:00,8741,1.16456,1.1659,1.16439,1.16515,1.16507,1.16523,0.00015999999999993797
2026-03-10 10:00:00+00:00,10422,1.16516,1.16517,1.16203,1.16395,1.16387,1.16403,0.00015999999999993797
2026-03-10 11:00:00+00:00,12668,1.16396,1.16532,1.16362,1.16384,1.16376,1.16393,0.00017000000000000348
2026-03-10 12:00:00+00:00,13287,1.16386,1.1641,1.16214,1.16345,1.16337,1.16353,0.00015999999999993797
2026-03-10 13:00:00+00:00,15338,1.16346,1.16488,1.16291,1.16324,1.16314,1.16334,0.00019999999999997797
2026-03-10 14:00:00+00:00,12701,1.16324,1.16504,1.1627,1.16484,1.16475,1.16492,0.00017000000000000348
2026-03-10 15:00:00+00:00,10097,1.16482,1.16552,1.16398,1.16476,1.16468,1.16483,0.0001500000000000945
2026-03-10 16:00:00+00:00,7915,1.16476,1.16546,1.16392,1.1652,1.16513,1.16527,0.000140000000000029
2026-03-10 17:00:00+00:00,12838,1.16518,1.16672,1.16414,1.16452,1.16444,1.16461,0.00017000000000000348
2026-03-10 18:00:00+00:00,24256,1.16453,1.1646,1.16139,1.16246,1.16237,1.16254,0.00017000000000000348
2026-03-10 19:00:00+00:00,13908,1.16246,1.16287,1.16058,1.16142,1.16135,1.1615,0.00014999999999987246
2026-03-10 20:00:00+00:00,3726,1.16142,1.16154,1.16078,1.16084,1.16075,1.16094,0.0001900000000001345
2026-03-10 21:00:00+00:00,1179,1.16091,1.16119,1.16075,1.16104,1.16086,1.16123,0.00036999999999998145
2026-03-10 22:00:00+00:00,1508,1.16107,1.16133,1.16029,1.1605,1.1604,1.1606,0.00019999999999997797
2026-03-10 23:00:00+00:00,2154,1.1605,1.1612,1.16048,1.16116,1.16107,1.16124,0.00017000000000000348
2026-03-11 00:00:00+00:00,7236,1.16115,1.16248,1.16057,1.1618,1.16172,1.16188,0.00015999999999993797
2026-03-11 01:00:00+00:00,6703,1.1618,1.16281,1.16125,1.16269,1.16261,1.16277,0.00016000000000016001
2026-03-11 02:00:00+00:00,5798,1.1627,1.16294,1.16188,1.1626,1.16252,1.16267,0.0001500000000000945
2026-03-11 03:00:00+00:00,3323,1.16259,1.16318,1.16252,1.16304,1.16296,1.16312,0.00015999999999993797
2026-03-11 04:00:00+00:00,3317,1.16304,1.16352,1.16279,1.16338,1.1633,1.16346,0.00015999999999993797
2026-03-11 05:00:00+00:00,4157,1.16338,1.16362,1.16302,1.1633,1.16322,1.16338,0.00016000000000016001
2026-03-11 06:00:00+00:00,5819,1.16332,1.16409,1.16299,1.16334,1.16325,1.16343,0.000180000000000069
2026-03-11 07:00:00+00:00,13113,1.16333,1.16456,1.16135,1.1617,1.16163,1.16178,0.0001500000000000945
2026-03-11 08:00:00+00:00,11359,1.1617,1.16214,1.16036,1.16126,1.16118,1.16134,0.00015999999999993797
2026-03-11 09:00:00+00:00,14849,1.16127,1.1614,1.15904,1.15922,1.15914,1.1593,0.00015999999999993797
2026-03-11 10:00:00+00:00,8836,1.15922,1.16118,1.15911,1.16071,1.16064,1.16078,0.000140000000000029
2026-03-11 11:00:00+00:00,9581,1.16071,1.16108,1.15946,1.15946,1.15937,1.15954,0.00017000000000000348
2026-03-11 12:00:00+00:00,14820,1.15946,1.16056,1.15774,1.15824,1.15817,1.15832,0.0001500000000000945
2026-03-11 13:00:00+00:00,13502,1.15825,1.15934,1.15778,1.15917,1.15909,1.15925,0.00015999999999993797
2026-03-11 14:00:00+00:00,26820,1.15917,1.16128,1.15812,1.1582,1.15812,1.15828,0.00015999999999993797
2026-03-11 15:00:00+00:00,11562,1.15819,1.15842,1.15656,1.15662,1.15654,1.15671,0.00017000000000000348
2026-03-11 16:00:00+00:00,9823,1.15662,1.15767,1.15632,1.1571,1.15701,1.15718,0.00017000000000000348
2026-03-11 17:00:00+00:00,10147,1.1571,1.15764,1.15608,1.15712,1.15704,1.15721,0.00017000000000000348
2026-03-11 18:00:00+00:00,7011,1.15712,1.15744,1.15642,1.15716,1.15709,1.15724,0.0001500000000000945
2026-03-11 19:00:00+00:00,4409,1.15718,1.15764,1.15681,1.15732,1.15724,1.15741,0.00017000000000000348
2026-03-11 20:00:00+00:00,1992,1.15735,1.15738,1.1565,1.1567,1.15661,1.15678,0.00017000000000000348
2026-03-11 21:00:00+00:00,910,1.15668,1.15745,1.15658,1.15739,1.15721,1.15757,0.00035999999999991594
2026-03-11 22:00:00+00:00,3291,1.15744,1.15745,1.15496,1.15502,1.15493,1.1551,0.00017000000000000348
2026-03-11 23:00:00+00:00,3579,1.15501,1.15539,1.15398,1.15428,1.15419,1.15438,0.00018999999999991246
2026-03-12 00:00:00+00:00,6193,1.15428,1.155,1.15342,1.15458,1.1545,1.15467,0.00017000000000000348
2026-03-12 01:00:00+00:00,6006,1.1546,1.15556,1.15454,1.15508,1.15501,1.15515,0.00013999999999980695
2026-03-12 02:00:00+00:00,5119,1.15508,1.15544,1.15322,1.1539,1.15382,1.15399,0.00017000000000000348
2026-03-12 03:00:00+00:00,4334,1.15389,1.15404,1.15332,1.15384,1.15375,1.15392,0.00017000000000000348
2026-03-12 04:00:00+00:00,2603,1.15383,1.154,1.15321,1.15332,1.15324,1.1534,0.00015999999999993797
2026-03-12 05:00:00+00:00,5180,1.1533,1.15452,1.15327,1.15395,1.15387,1.15403,0.00015999999999993797
2026-03-12 06:00:00+00:00,5252,1.15394,1.15515,1.15392,1.15479,1.15471,1.15487,0.00016000000000016001
2026-03-12 07:00:00+00:00,6620,1.15478,1.15528,1.15416,1.15512,1.15505,1.15519,0.000140000000000029
2026-03-12 08:00:00+00:00,7069,1.15512,1.15561,1.15433,1.15474,1.15465,1.15482,0.00017000000000000348
2026-03-12 09:00:00+00:00,5422,1.15473,1.15613,1.15446,1.15596,1.15588,1.15604,0.00015999999999993797
2026-03-12 10:00:00+00:00,5373,1.15596,1.15629,1.15494,1.15578,1.15571,1.15586,0.0001500000000000945
2026-03-12 11:00:00+00:00,6116,1.15578,1.15663,1.15525,1.15564,1.15557,1.15572,0.0001500000000000945
2026-03-12 12:00:00+00:00,8524,1.15565,1.15574,1.15326,1.15393,1.15385,1.15401,0.00015999999999993797
2026-03-12 13:00:00+00:00,16105,1.15394,1.15504,1.15202,1.15262,1.15253,1.15271,0.00017999999999984695
2026-03-12 14:00:00+00:00,14741,1.15262,1.15332,1.15158,1.15206,1.15198,1.15215,0.00017000000000000348
2026-03-12 15:00:00+00:00,18227,1.15205,1.15288,1.1511,1.1522,1.15211,1.15228,0.00017000000000000348
2026-03-12 16:00:00+00:00,13297,1.15218,1.15327,1.15137,1.1522,1.15212,1.15228,0.00015999999999993797
2026-03-12 17:00:00+00:00,9140,1.1522,1.15319,1.15193,1.1522,1.15212,1.15228,0.00015999999999993797
2026-03-12 18:00:00+00:00,5924,1.15219,1.15244,1.15114,1.15122,1.15114,1.1513,0.00015999999999993797
2026-03-12 19:00:00+00:00,5145,1.15122,1.15185,1.15107,1.15152,1.15143,1.1516,0.00017000000000000348
2026-03-12 20:00:00+00:00,2314,1.15151,1.15164,1.15102,1.15109,1.15101,1.15117,0.00015999999999993797
2026-03-12 21:00:00+00:00,641,1.1513,1.15138,1.15113,1.15126,1.15111,1.15141,0.00029999999999996696
2026-03-12 22:00:00+00:00,2140,1.15126,1.15214,1.1511,1.1519,1.15181,1.15199,0.000180000000000069
2026-03-12 23:00:00+00:00,2284,1.1519,1.15231,1.1515,1.1521,1.15202,1.15218,0.00015999999999993797
2026-03-13 00:00:00+00:00,4839,1.15212,1.15284,1.15205,1.15235,1.15226,1.15244,0.00017999999999984695
2026-03-13 01:00:00+00:00,4752,1.15235,1.15298,1.15146,1.15166,1.15158,1.15173,0.00014999999999987246
2026-03-13 02:00:00+00:00,4428,1.15165,1.15222,1.15112,1.15138,1.15129,1.15146,0.00017000000000000348
2026-03-13 03:00:00+00:00,3984,1.15135,1.15158,1.15048,1.15092,1.15085,1.151,0.0001500000000000945
2026-03-13 04:00:00+00:00,3211,1.1509,1.15092,1.15,1.15033,1.15025,1.15041,0.00015999999999993797
2026-03-13 05:00:00+00:00,3127,1.15034,1.15066,1.14999,1.15009,1.15001,1.15017,0.00015999999999993797
2026-03-13 06:00:00+00:00,5725,1.1501,1.15034,1.14824,1.14828,1.1482,1.14837,0.00016999999999978144
2026-03-13 07:00:00+00:00,9209,1.14829,1.14838,1.14542,1.1458,1.14571,1.14588,0.00017000000000000348
2026-03-13 08:00:00+00:00,12136,1.14579,1.14592,1.1433,1.14452,1.14444,1.1446,0.00016000000000016001
2026-03-13 09:00:00+00:00,9420,1.14452,1.14616,1.14452,1.14532,1.14523,1.1454,0.00017000000000000348
2026-03-13 10:00:00+00:00,7710,1.14532,1.14722,1.1452,1.14584,1.14576,1.14591,0.0001500000000000945
2026-03-13 11:00:00+00:00,10426,1.14582,1.14708,1.14554,1.14686,1.14678,1.14694,0.00016000000000016001
2026-03-13 12:00:00+00:00,14805,1.14684,1.14886,1.14611,1.14779,1.1477,1.14788,0.000180000000000069
2026-03-13 13:00:00+00:00,13708,1.1478,1.14902,1.14738,1.14788,1.1478,1.14797,0.00017000000000000348
2026-03-13 14:00:00+00:00,13991,1.1479,1.14848,1.14556,1.14572,1.14565,1.14579,0.000140000000000029
2026-03-13 15:00:00+00:00,14400,1.14572,1.14612,1.14345,1.14431,1.14423,1.14439,0.00015999999999993797
2026-03-13 16:00:00+00:00,11867,1.14432,1.14505,1.14362,1.14422,1.14412,1.14431,0.00018999999999991246
2026-03-13 17:00:00+00:00,8227,1.1442,1.14462,1.14337,1.14424,1.14415,1.14432,0.00017000000000000348
2026-03-13 18:00:00+00:00,5956,1.14424,1.14429,1.14318,1.1436,1.14351,1.14368,0.00017000000000000348
2026-03-13 19:00:00+00:00,5166,1.1436,1.14369,1.142,1.14224,1.14216,1.14232,0.00015999999999993797
2026-03-13 20:00:00+00:00,3724,1.14223,1.14228,1.1411,1.14166,1.14156,1.14177,0.00021000000000004349
2026-03-15 21:00:00+00:00,1080,1.1424,1.14308,1.14232,1.14305,1.14255,1.14355,0.001000000000000112
2026-03-15 22:00:00+00:00,4983,1.14284,1.14337,1.1419,1.14298,1.14289,1.14307,0.000180000000000069
2026-03-15 23:00:00+00:00,4569,1.14298,1.14358,1.14261,1.14355,1.14347,1.14363,0.00015999999999993797
2026-03-16 00:00:00+00:00,6331,1.14356,1.14556,1.1435,1.14549,1.14541,1.14557,0.00015999999999993797
2026-03-16 01:00:00+00:00,6838,1.1455,1.14566,1.14397,1.14494,1.14486,1.14502,0.00015999999999993797
2026-03-16 02:00:00+00:00,4475,1.14494,1.14516,1.1445,1.14481,1.14472,1.1449,0.000180000000000069
2026-03-16 03:00:00+00:00,3079,1.14482,1.1454,1.14458,1.14506,1.14498,1.14515,0.00016999999999978144
2026-03-16 04:00:00+00:00,2336,1.14505,1.14516,1.14416,1.14416,1.14407,1.14424,0.00017000000000000348
2026-03-16 05:00:00+00:00,3188,1.14416,1.14434,1.14332,1.14346,1.14338,1.14354,0.00015999999999993797
2026-03-16 06:00:00+00:00,4604,1.14344,1.14365,1.14242,1.14316,1.14309,1.14323,0.000140000000000029
2026-03-16 07:00:00+00:00,6761,1.14316,1.14348,1.14143,1.1426,1.14252,1.14267,0.0001500000000000945
2026-03-16 08:00:00+00:00,9650,1.14259,1.14454,1.14259,1.14448,1.14441,1.14456,0.0001500000000000945
2026-03-16 09:00:00+00:00,7736,1.1445,1.14527,1.1441,1.14501,1.14493,1.14509,0.00015999999999993797
2026-03-16 10:00:00+00:00,8674,1.145,1.14779,1.14478,1.14753,1.14746,1.1476,0.000140000000000029
2026-03-16 11:00:00+00:00,7198,1.14754,1.14872,1.14709,1.14794,1.14786,1.14802,0.00015999999999993797
2026-03-16 12:00:00+00:00,8675,1.14794,1.1488,1.14722,1.14739,1.14731,1.14747,0.00015999999999993797
2026-03-16 13:00:00+00:00,9446,1.1474,1.15009,1.1474,1.15003,1.14995,1.15011,0.00015999999999993797
2026-03-16 14:00:00+00:00,11979,1.15002,1.15022,1.14804,1.14888,1.1488,1.14896,0.00015999999999993797
2026-03-16 15:00:00+00:00,7844,1.14888,1.15004,1.14804,1.1487,1.14862,1.14877,0.0001500000000000945
2026-03-16 16:00:00+00:00,8910,1.14869,1.14993,1.14776,1.14935,1.14927,1.14943,0.00015999999999993797
2026-03-16 17:00:00+00:00,9023,1.14936,1.15042,1.14906,1.14922,1.14914,1.14929,0.00014999999999987246
2026-03-16 18:00:00+00:00,6975,1.14922,1.15238,1.14922,1.15186,1.15178,1.15195,0.00017000000000000348
2026-03-16 19:00:00+00:00,7225,1.15188,1.1525,1.1506,1.1508,1.15071,1.15088,0.00017000000000000348
2026-03-16 20:00:00+00:00,2552,1.15077,1.15105,1.15032,1.15058,1.15049,1.15066,0.00017000000000000348
2026-03-16 21:00:00+00:00,1035,1.1506,1.15129,1.15056,1.15078,1.15049,1.15106,0.0005699999999999594
2026-03-16 22:00:00+00:00,1809,1.1508,1.1508,1.1498,1.1499,1.1498,1.14999,0.0001900000000001345
2026-03-16 23:00:00+00:00,2032,1.1499,1.15,1.14948,1.14984,1.14975,1.14992,0.00017000000000000348
2026-03-17 00:00:00+00:00,3920,1.14985,1.14986,1.14892,1.14926,1.14917,1.14934,0.00017000000000000348
2026-03-17 01:00:00+00:00,4776,1.14924,1.14957,1.14865,1.1493,1.14922,1.14939,0.00017000000000000348
2026-03-17 02:00:00+00:00,2136,1.14931,1.14987,1.14912,1.14952,1.14944,1.14961,0.00017000000000000348
2026-03-17 03:00:00+00:00,3310,1.14949,1.1503,1.14918,1.14919,1.14911,1.14927,0.00015999999999993797
2026-03-17 04:00:00+00:00,1655,1.14918,1.15,1.14894,1.14972,1.14965,1.14979,0.000140000000000029
2026-03-17 05:00:00+00:00,3461,1.14972,1.14993,1.14782,1.14793,1.14786,1.148,0.00013999999999980695
2026-03-17 06:00:00+00:00,5795,1.14795,1.1482,1.1466,1.1482,1.14812,1.14827,0.00014999999999987246
2026-03-17 07:00:00+00:00,5410,1.14818,1.15003,1.14798,1.1495,1.14941,1.14958,0.00017000000000000348
2026-03-17 08:00:00+00:00,8437,1.14949,1.15182,1.14877,1.15105,1.15097,1.15113,0.00015999999999993797
2026-03-17 09:00:00+00:00,7260,1.15107,1.15248,1.1508,1.15165,1.15156,1.15174,0.000180000000000069
2026-03-17 10:00:00+00:00,6436,1.15164,1.15164,1.1504,1.15062,1.15054,1.15071,0.00017000000000000348
2026-03-17 11:00:00+00:00,5861,1.15063,1.15188,1.15046,1.15074,1.15066,1.15083,0.00017000000000000348
2026-03-17 12:00:00+00:00,7766,1.15075,1.15246,1.15043,1.15242,1.15234,1.15249,0.0001500000000000945
2026-03-17 13:00:00+00:00,12272,1.15244,1.15438,1.15244,1.15305,1.15296,1.15314,0.000180000000000069
2026-03-17 14:00:00+00:00,9152,1.15306,1.15386,1.15207,1.15333,1.15325,1.15341,0.00015999999999993797
2026-03-17 15:00:00+00:00,10986,1.1533,1.1539,1.15206,1.1525,1.15242,1.15258,0.00015999999999993797
2026-03-17 16:00:00+00:00,8354,1.1525,1.1533,1.15182,1.15281,1.15273,1.15289,0.00015999999999993797
2026-03-17 17:00:00+00:00,5400,1.1528,1.15402,1.15265,1.15398,1.15389,1.15406,0.00017000000000000348
2026-03-17 18:00:00+00:00,4600,1.15398,1.15472,1.15386,1.1539,1.15382,1.15399,0.00017000000000000348
2026-03-17 19:00:00+00:00,2614,1.15392,1.15412,1.15339,1.15358,1.15349,1.15366,0.00017000000000000348
2026-03-17 20:00:00+00:00,1415,1.15359,1.15424,1.15351,1.15401,1.15391,1.15411,0.00019999999999997797
2026-03-17 21:00:00+00:00,1273,1.1538,1.15387,1.15359,1.1537,1.15346,1.15393,0.00046999999999997044
2026-03-17 22:00:00+00:00,2396,1.15368,1.15446,1.15368,1.15398,1.15389,1.15407,0.00017999999999984695
2026-03-17 23:00:00+00:00,5865,1.15399,1.15412,1.15374,1.15392,1.15382,1.15401,0.00018999999999991246
2026-03-18 00:00:00+00:00,6316,1.15393,1.15441,1.1532,1.15326,1.15319,1.15334,0.0001500000000000945
2026-03-18 01:00:00+00:00,3672,1.15327,1.15403,1.15322,1.1534,1.15331,1.15348,0.00017000000000000348
2026-03-18 02:00:00+00:00,2431,1.15341,1.15382,1.15322,1.15326,1.15318,1.15335,0.00017000000000000348
2026-03-18 03:00:00+00:00,1531,1.15326,1.15368,1.15322,1.15362,1.15353,1.1537,0.00017000000000000348
2026-03-18 04:00:00+00:00,1823,1.15362,1.15426,1.15362,1.15417,1.1541,1.15424,0.000140000000000029
2026-03-18 05:00:00+00:00,2286,1.15417,1.1547,1.15402,1.15456,1.15448,1.15464,0.00016000000000016001
2026-03-18 06:00:00+00:00,3377,1.15456,1.15494,1.15396,1.15423,1.15415,1.15431,0.00015999999999993797
2026-03-18 07:00:00+00:00,4453,1.15424,1.15458,1.15234,1.15264,1.15256,1.15273,0.00017000000000000348
2026-03-18 08:00:00+00:00,5755,1.15264,1.15343,1.15178,1.15325,1.15317,1.15333,0.00015999999999993797
2026-03-18 09:00:00+00:00,4343,1.15324,1.15396,1.15252,1.15388,1.15378,1.15397,0.00018999999999991246
2026-03-18 10:00:00+00:00,3485,1.15388,1.1544,1.15338,1.15399,1.1539,1.15408,0.000180000000000069
2026-03-18 11:00:00+00:00,8460,1.15398,1.15554,1.153,1.15467,1.15458,1.15476,0.000180000000000069
2026-03-18 12:00:00+00:00,16331,1.15468,1.15481,1.15056,1.15075,1.15066,1.15084,0.000180000000000069
2026-03-18 13:00:00+00:00,15303,1.15074,1.15156,1.14906,1.1515,1.1514,1.1516,0.00019999999999997797
2026-03-18 14:00:00+00:00,13868,1.15149,1.15276,1.15042,1.15166,1.15158,1.15174,0.00015999999999993797
2026-03-18 15:00:00+00:00,11148,1.15162,1.15296,1.15116,1.1513,1.15121,1.15138,0.00017000000000000348
2026-03-18 16:00:00+00:00,7647,1.15129,1.15222,1.15069,1.15108,1.151,1.15116,0.00015999999999993797
2026-03-18 17:00:00+00:00,6856,1.15108,1.15175,1.15026,1.1517,1.15155,1.15185,0.00029999999999996696
2026-03-18 18:00:00+00:00,19029,1.15172,1.15252,1.1477,1.14772,1.14764,1.14779,0.0001500000000000945
2026-03-18 19:00:00+00:00,10024,1.14772,1.14827,1.14685,1.14695,1.14687,1.14703,0.00015999999999993797
2026-03-18 20:00:00+00:00,4434,1.14692,1.14706,1.14499,1.14516,1.14505,1.14528,0.0002300000000001745
2026-03-18 21:00:00+00:00,1197,1.14516,1.14728,1.14516,1.14679,1.14629,1.14729,0.0009999999999998899
2026-03-18 22:00:00+00:00,3296,1.14674,1.14676,1.14512,1.14568,1.14559,1.14576,0.00016999999999978144
2026-03-18 23:00:00+00:00,4219,1.14564,1.14659,1.14554,1.14634,1.14627,1.14642,0.0001500000000000945
2026-03-19 00:00:00+00:00,5500,1.14632,1.14744,1.14622,1.14741,1.14732,1.1475,0.000180000000000069
2026-03-19 01:00:00+00:00,5489,1.14742,1.14837,1.14734,1.14762,1.14755,1.1477,0.00014999999999987246
2026-03-19 02:00:00+00:00,6393,1.14763,1.14914,1.14718,1.1482,1.14813,1.14828,0.00014999999999987246
2026-03-19 03:00:00+00:00,2851,1.14822,1.14834,1.14746,1.14746,1.14738,1.14754,0.00015999999999993797
2026-03-19 04:00:00+00:00,2705,1.14744,1.1475,1.1467,1.1469,1.14682,1.14698,0.00016000000000016001
2026-03-19 05:00:00+00:00,3329,1.14688,1.14712,1.14634,1.14662,1.14653,1.1467,0.00017000000000000348
2026-03-19 06:00:00+00:00,6021,1.14661,1.14768,1.1461,1.14653,1.14645,1.14661,0.00015999999999993797
2026-03-19 07:00:00+00:00,12114,1.14654,1.14753,1.14508,1.14526,1.14518,1.14534,0.00015999999999993797
2026-03-19 08:00:00+00:00,13872,1.14526,1.14594,1.1443,1.1451,1.14501,1.14518,0.00017000000000000348
2026-03-19 09:00:00+00:00,18980,1.14512,1.14882,1.1451,1.14804,1.14794,1.14813,0.0001900000000001345
2026-03-19 10:00:00+00:00,9364,1.14804,1.14804,1.14666,1.1474,1.14732,1.14747,0.0001500000000000945
2026-03-19 11:00:00+00:00,7610,1.14738,1.14814,1.14657,1.14797,1.14789,1.14805,0.00015999999999993797
2026-03-19 12:00:00+00:00,18514,1.14796,1.14899,1.14628,1.14873,1.14865,1.14881,0.00016000000000016001
2026-03-19 13:00:00+00:00,33307,1.14871,1.15274,1.14692,1.1518,1.15173,1.15187,0.000140000000000029
2026-03-19 14:00:00+00:00,27232,1.15181,1.15284,1.15005,1.15164,1.15157,1.15171,0.000140000000000029
2026-03-19 15:00:00+00:00,18612,1.15163,1.1539,1.14986,1.15142,1.15134,1.1515,0.00015999999999993797
2026-03-19 16:00:00+00:00,19426,1.1514,1.1538,1.15119,1.15358,1.1535,1.15367,0.00017000000000000348
2026-03-19 17:00:00+00:00,10761,1.15359,1.15676,1.15358,1.15602,1.15594,1.1561,0.00015999999999993797
2026-03-19 18:00:00+00:00,9872,1.15602,1.15843,1.15509,1.15838,1.1583,1.15847,0.00017000000000000348
2026-03-19 19:00:00+00:00,26248,1.15838,1.16164,1.15772,1.15848,1.15839,1.15856,0.00017000000000000348
2026-03-19 20:00:00+00:00,3503,1.15848,1.15903,1.15806,1.15891,1.15881,1.15901,0.00020000000000020002
2026-03-19 21:00:00+00:00,627,1.15886,1.1589,1.15828,1.15834,1.15811,1.15858,0.00046999999999997044
2026-03-19 22:00:00+00:00,2983,1.15832,1.15952,1.15778,1.15785,1.15776,1.15794,0.000180000000000069
2026-03-19 23:00:00+00:00,2951,1.15786,1.15818,1.15746,1.15766,1.15758,1.15774,0.00015999999999993797
2026-03-20 00:00:00+00:00,3987,1.15766,1.15801,1.1571,1.15739,1.15731,1.15747,0.00015999999999993797
2026-03-20 01:00:00+00:00,5589,1.15738,1.15771,1.15636,1.15651,1.15643,1.15659,0.00015999999999993797
2026-03-20 02:00:00+00:00,3092,1.15653,1.1568,1.15618,1.15637,1.15629,1.15645,0.00015999999999993797
2026-03-20 03:00:00+00:00,2466,1.15638,1.15638,1.15563,1.15568,1.1556,1.15576,0.00015999999999993797
2026-03-20 04:00:00+00:00,1887,1.15568,1.15598,1.1555,1.15556,1.15548,1.15565,0.00017000000000000348
2026-03-20 05:00:00+00:00,2635,1.15556,1.15612,1.15524,1.15526,1.15517,1.15534,0.00017000000000000348
2026-03-20 06:00:00+00:00,3536,1.15526,1.15663,1.15526,1.15592,1.15584,1.15599,0.0001500000000000945
2026-03-20 07:00:00+00:00,8217,1.15591,1.15754,1.15558,1.15733,1.15724,1.15742,0.00017999999999984695
2026-03-20 08:00:00+00:00,8309,1.15734,1.15808,1.15676,1.15678,1.15668,1.15687,0.0001900000000001345
2026-03-20 09:00:00+00:00,9298,1.15678,1.1573,1.15478,1.15488,1.1548,1.15496,0.00015999999999993797
2026-03-20 10:00:00+00:00,9237,1.15486,1.15626,1.15351,1.156,1.15592,1.15608,0.00015999999999993797
2026-03-20 11:00:00+00:00,8006,1.156,1.158,1.15574,1.15716,1.15707,1.15725,0.00017999999999984695
2026-03-20 12:00:00+00:00,13452,1.15716,1.15798,1.15622,1.15644,1.15636,1.15653,0.00017000000000000348
2026-03-20 13:00:00+00:00,14591,1.15646,1.1566,1.154,1.15412,1.15404,1.1542,0.00015999999999993797
2026-03-20 14:00:00+00:00,17775,1.15412,1.1544,1.15246,1.15349,1.15341,1.15357,0.00015999999999993797
2026-03-20 15:00:00+00:00,18739,1.1535,1.15578,1.15349,1.15421,1.15413,1.15429,0.00015999999999993797
2026-03-20 16:00:00+00:00,11141,1.15422,1.15666,1.15414,1.15592,1.15584,1.15601,0.00017000000000000348
2026-03-20 17:00:00+00:00,12751,1.15594,1.15706,1.15498,1.15579,1.15572,1.15586,0.000140000000000029
2026-03-20 18:00:00+00:00,12997,1.15582,1.15716,1.15476,1.15506,1.15498,1.15514,0.00016000000000016001
2026-03-20 19:00:00+00:00,8698,1.15506,1.1562,1.1547,1.15584,1.15575,1.15593,0.00017999999999984695
2026-03-20 20:00:00+00:00,3975,1.15582,1.15722,1.15574,1.15711,1.15697,1.15725,0.00027999999999983594
2026-03-22 21:00:00+00:00,337,1.15378,1.1547,1.15372,1.1542,1.15375,1.15466,0.0009099999999999664
2026-03-22 22:00:00+00:00,3803,1.15422,1.15628,1.15412,1.15583,1.15576,1.1559,0.000140000000000029
2026-03-22 23:00:00+00:00,4523,1.15584,1.15648,1.15574,1.15621,1.15612,1.1563,0.000180000000000069
2026-03-23 00:00:00+00:00,9917,1.15622,1.15644,1.15386,1.15444,1.15437,1.15451,0.000140000000000029
2026-03-23 01:00:00+00:00,10497,1.15443,1.15617,1.15443,1.15544,1.15536,1.15552,0.00016000000000016001
2026-03-23 02:00:00+00:00,6551,1.15546,1.15574,1.1543,1.15467,1.15459,1.15475,0.00015999999999993797
2026-03-23 03:00:00+00:00,4334,1.15468,1.15504,1.15426,1.15472,1.15464,1.1548,0.00015999999999993797
2026-03-23 04:00:00+00:00,3235,1.15474,1.15516,1.15458,1.15506,1.15497,1.15515,0.00017999999999984695
2026-03-23 05:00:00+00:00,5185,1.15504,1.15525,1.15342,1.15342,1.15334,1.15349,0.00014999999999987246
2026-03-23 06:00:00+00:00,8474,1.15342,1.15344,1.15205,1.15306,1.15298,1.15315,0.00017000000000000348
2026-03-23 07:00:00+00:00,10856,1.15306,1.15404,1.15237,1.15272,1.15264,1.1528,0.00015999999999993797
2026-03-23 08:00:00+00:00,13965,1.15274,1.15462,1.1526,1.15297,1.15289,1.15305,0.00015999999999993797
2026-03-23 09:00:00+00:00,11355,1.15301,1.15344,1.14911,1.1495,1.14941,1.14958,0.00017000000000000348
2026-03-23 10:00:00+00:00,10959,1.14948,1.15014,1.14846,1.14858,1.1485,1.14867,0.00017000000000000348
2026-03-23 11:00:00+00:00,70503,1.14862,1.162,1.1486,1.15566,1.15557,1.15575,0.000180000000000069
2026-03-23 12:00:00+00:00,41000,1.15564,1.16144,1.15464,1.16127,1.16118,1.16136,0.00017999999999984695
2026-03-23 13:00:00+00:00,39535,1.1613,1.16156,1.158,1.15997,1.15987,1.16007,0.00019999999999997797
2026-03-23 14:00:00+00:00,35722,1.15998,1.16399,1.1593,1.16153,1.16144,1.16162,0.000180000000000069
2026-03-23 15:00:00+00:00,29214,1.16152,1.16312,1.1582,1.15862,1.15854,1.1587,0.00016000000000016001
2026-03-23 16:00:00+00:00,24029,1.15859,1.16008,1.15764,1.15911,1.15902,1.1592,0.000180000000000069
2026-03-23 17:00:00+00:00,16241,1.15912,1.16098,1.15867,1.16018,1.1601,1.16026,0.00016000000000016001
2026-03-23 18:00:00+00:00,15544,1.16018,1.16374,1.15918,1.1635,1.16342,1.16359,0.00017000000000000348
2026-03-23 19:00:00+00:00,8092,1.16348,1.16354,1.16128,1.16133,1.16125,1.16141,0.00016000000000016001
2026-03-23 20:00:00+00:00,2506,1.16132,1.16153,1.16096,1.16112,1.16101,1.16124,0.00022999999999995246
2026-03-23 21:00:00+00:00,554,1.16138,1.16154,1.16124,1.16148,1.16137,1.16159,0.00021999999999988695
2026-03-23 22:00:00+00:00,2663,1.16148,1.16178,1.16082,1.16148,1.16139,1.16158,0.0001900000000001345
2026-03-23 23:00:00+00:00,3595,1.16148,1.16159,1.1606,1.1608,1.16071,1.16089,0.000180000000000069
2026-03-24 00:00:00+00:00,11762,1.1608,1.16088,1.15812,1.15884,1.15877,1.15892,0.00014999999999987246
2026-03-24 01:00:00+00:00,10719,1.15886,1.1596,1.15786,1.15846,1.15838,1.15855,0.00017000000000000348
2026-03-24 02:00:00+00:00,7963,1.15845,1.15924,1.15828,1.15859,1.15851,1.15867,0.00016000000000016001
2026-03-24 03:00:00+00:00,5029,1.1586,1.15894,1.15814,1.1583,1.15823,1.15837,0.00013999999999980695
2026-03-24 04:00:00+00:00,3997,1.15832,1.15836,1.15758,1.15802,1.15795,1.1581,0.00014999999999987246
2026-03-24 05:00:00+00:00,7163,1.15803,1.15893,1.15758,1.15838,1.15829,1.15846,0.00017000000000000348
2026-03-24 06:00:00+00:00,9355,1.15837,1.15925,1.15792,1.15919,1.15911,1.15927,0.00015999999999993797
2026-03-24 07:00:00+00:00,14017,1.15918,1.1618,1.15892,1.16086,1.16079,1.16094,0.0001500000000000945
2026-03-24 08:00:00+00:00,14969,1.16086,1.16094,1.15816,1.15884,1.15875,1.15892,0.00017000000000000348
2026-03-24 09:00:00+00:00,10355,1.15886,1.1597,1.15788,1.15948,1.1594,1.15956,0.00015999999999993797
2026-03-24 10:00:00+00:00,8046,1.15948,1.15964,1.15833,1.15922,1.15914,1.1593,0.00015999999999993797
2026-03-24 11:00:00+00:00,9953,1.1592,1.16008,1.15789,1.15893,1.15885,1.15901,0.00016000000000016001
2026-03-24 12:00:00+00:00,12017,1.15894,1.15994,1.1581,1.15846,1.15837,1.15854,0.00017000000000000348
2026-03-24 13:00:00+00:00,21533,1.15848,1.15907,1.15672,1.15776,1.15767,1.15786,0.00018999999999991246
2026-03-24 14:00:00+00:00,22985,1.15775,1.1607,1.15773,1.15896,1.15887,1.15906,0.00018999999999991246
2026-03-24 15:00:00+00:00,19178,1.15894,1.15974,1.15759,1.15778,1.1577,1.15787,0.00017000000000000348
2026-03-24 16:00:00+00:00,10218,1.15778,1.15924,1.15741,1.15827,1.15819,1.15835,0.00015999999999993797
2026-03-24 17:00:00+00:00,19843,1.15826,1.15843,1.1557,1.15762,1.15755,1.1577,0.00014999999999987246
2026-03-24 18:00:00+00:00,13455,1.15762,1.15925,1.15678,1.15822,1.15813,1.15831,0.00017999999999984695
2026-03-24 19:00:00+00:00,6983,1.15822,1.15928,1.15822,1.15856,1.15848,1.15864,0.00015999999999993797
2026-03-24 20:00:00+00:00,16612,1.15854,1.16284,1.15829,1.16076,1.16066,1.16085,0.00018999999999991246
2026-03-24 21:00:00+00:00,1782,1.16064,1.16134,1.16018,1.1612,1.16089,1.1615,0.0006099999999999994
2026-03-24 22:00:00+00:00,3913,1.1611,1.16192,1.16045,1.16142,1.16133,1.16152,0.0001900000000001345
2026-03-24 23:00:00+00:00,4053,1.16142,1.16182,1.16084,1.16138,1.1613,1.16146,0.00015999999999993797
2026-03-25 00:00:00+00:00,9562,1.16138,1.16307,1.16126,1.16234,1.16225,1.16242,0.00017000000000000348
2026-03-25 01:00:00+00:00,8568,1.16232,1.16245,1.16118,1.16121,1.16113,1.16129,0.00015999999999993797
2026-03-25 02:00:00+00:00,5090,1.16122,1.16131,1.16012,1.16042,1.16033,1.16051,0.00017999999999984695
2026-03-25 03:00:00+00:00,3387,1.16042,1.16058,1.16008,1.16039,1.16031,1.16047,0.00015999999999993797
2026-03-25 04:00:00+00:00,3058,1.16038,1.16042,1.15975,1.15979,1.15971,1.15987,0.00015999999999993797
2026-03-25 05:00:00+00:00,4191,1.15978,1.15982,1.1589,1.15922,1.15914,1.1593,0.00015999999999993797
2026-03-25 06:00:00+00:00,4964,1.15922,1.15998,1.1587,1.15964,1.15956,1.15973,0.00017000000000000348
2026-03-25 07:00:00+00:00,8344,1.15961,1.16053,1.15884,1.15976,1.15968,1.15984,0.00015999999999993797
2026-03-25 08:00:00+00:00,12623,1.15977,1.16166,1.15906,1.16027,1.16019,1.16035,0.00015999999999993797
2026-03-25 09:00:00+00:00,8442,1.16028,1.16093,1.15914,1.15992,1.15983,1.16,0.00017000000000000348
2026-03-25 10:00:00+00:00,7022,1.15993,1.16057,1.15958,1.16044,1.16036,1.16052,0.00015999999999993797
2026-03-25 11:00:00+00:00,7927,1.16044,1.16114,1.15942,1.16055,1.16046,1.16064,0.00017999999999984695
2026-03-25 12:00:00+00:00,14997,1.16056,1.16138,1.15864,1.15914,1.15906,1.15921,0.0001500000000000945
2026-03-25 13:00:00+00:00,14033,1.15915,1.1599,1.15716,1.15729,1.15721,1.15737,0.00015999999999993797
2026-03-25 14:00:00+00:00,14462,1.1573,1.15878,1.15664,1.15861,1.15852,1.1587,0.000180000000000069
2026-03-25 15:00:00+00:00,14553,1.1586,1.15894,1.1563,1.157,1.15692,1.15707,0.0001500000000000945
2026-03-25 16:00:00+00:00,12471,1.15698,1.15766,1.15554,1.15676,1.15668,1.15683,0.0001500000000000945
2026-03-25 17:00:00+00:00,8849,1.15674,1.15838,1.15648,1.15784,1.15777,1.15791,0.000140000000000029
2026-03-25 18:00:00+00:00,7208,1.15783,1.15812,1.1561,1.15666,1.15657,1.15674,0.00017000000000000348
2026-03-25 19:00:00+00:00,6139,1.15665,1.15666,1.15592,1.15633,1.15626,1.1564,0.000140000000000029
2026-03-25 20:00:00+00:00,2086,1.15632,1.15636,1.1556,1.15593,1.15584,1.15602,0.000180000000000069
2026-03-25 21:00:00+00:00,527,1.1559,1.15622,1.1559,1.15608,1.15594,1.15622,0.000280000000000058
2026-03-25 22:00:00+00:00,1202,1.1561,1.15626,1.1556,1.15604,1.15594,1.15613,0.0001900000000001345
2026-03-25 23:00:00+00:00,1813,1.15605,1.15621,1.15589,1.15614,1.15606,1.15623,0.00017000000000000348
2026-03-26 00:00:00+00:00,4106,1.15614,1.15648,1.1554,1.15583,1.15576,1.1559,0.000140000000000029
2026-03-26 01:00:00+00:00,4158,1.15581,1.1567,1.15581,1.15644,1.15636,1.15651,0.00014999999999987246
2026-03-26 02:00:00+00:00,3424,1.15643,1.15658,1.15548,1.15589,1.15581,1.15597,0.00015999999999993797
2026-03-26 03:00:00+00:00,2921,1.15586,1.15698,1.15579,1.15688,1.15679,1.15697,0.000180000000000069
2026-03-26 04:00:00+00:00,2488,1.15688,1.15724,1.15674,1.15694,1.15686,1.15701,0.0001500000000000945
2026-03-26 05:00:00+00:00,3717,1.15696,1.15699,1.15578,1.15579,1.15571,1.15587,0.00015999999999993797
2026-03-26 06:00:00+00:00,5408,1.15578,1.15671,1.15519,1.15666,1.15658,1.15673,0.0001500000000000945
2026-03-26 07:00:00+00:00,6239,1.15668,1.15668,1.15506,1.15539,1.15531,1.15547,0.00015999999999993797
2026-03-26 08:00:00+00:00,7891,1.15538,1.15611,1.15476,1.15598,1.15589,1.15606,0.00017000000000000348
2026-03-26 09:00:00+00:00,7163,1.15597,1.1565,1.15526,1.15596,1.15588,1.15604,0.00015999999999993797
2026-03-26 10:00:00+00:00,6464,1.15596,1.15652,1.15546,1.15573,1.15565,1.15581,0.00015999999999993797
2026-03-26 11:00:00+00:00,6215,1.15572,1.15588,1.15234,1.15243,1.15234,1.15252,0.000180000000000069
2026-03-26 12:00:00+00:00,8967,1.15244,1.15355,1.15226,1.15351,1.15342,1.1536,0.000180000000000069
2026-03-26 13:00:00+00:00,12071,1.15352,1.15526,1.15351,1.15424,1.15415,1.15432,0.00017000000000000348
2026-03-26 14:00:00+00:00,16739,1.15423,1.1555,1.15369,1.15476,1.15468,1.15484,0.00016000000000016001
2026-03-26 15:00:00+00:00,14300,1.15476,1.15512,1.15314,1.15414,1.15407,1.15422,0.0001500000000000945
2026-03-26 16:00:00+00:00,8377,1.15415,1.15432,1.15309,1.15357,1.15349,1.15365,0.00016000000000016001
2026-03-26 17:00:00+00:00,7018,1.15356,1.15378,1.15255,1.15258,1.1525,1.15266,0.00015999999999993797
2026-03-26 18:00:00+00:00,4484,1.15256,1.1534,1.15252,1.1534,1.15331,1.15348,0.00017000000000000348
2026-03-26 19:00:00+00:00,4510,1.15342,1.15346,1.15216,1.15219,1.15211,1.15227,0.00015999999999993797
2026-03-26 20:00:00+00:00,14329,1.1522,1.15591,1.15196,1.15294,1.1528,1.15307,0.00026999999999999247
2026-03-26 21:00:00+00:00,1730,1.15322,1.1538,1.153,1.15342,1.15324,1.1536,0.00035999999999991594
2026-03-26 22:00:00+00:00,1821,1.15342,1.15406,1.15329,1.15386,1.15376,1.15395,0.0001900000000001345
2026-03-26 23:00:00+00:00,1718,1.15386,1.15399,1.1534,1.15344,1.15337,1.15352,0.0001500000000000945
2026-03-27 00:00:00+00:00,6451,1.15343,1.15381,1.15244,1.15305,1.15297,1.15313,0.00015999999999993797
2026-03-27 01:00:00+00:00,5517,1.15304,1.15409,1.15297,1.15402,1.15395,1.15409,0.000140000000000029
2026-03-27 02:00:00+00:00,3536,1.15404,1.15427,1.15362,1.15384,1.15377,1.15392,0.0001500000000000945
2026-03-27 03:00:00+00:00,2974,1.15385,1.15403,1.15338,1.15392,1.15383,1.154,0.00017000000000000348
2026-03-27 04:00:00+00:00,2502,1.15392,1.15438,1.15371,1.15428,1.1542,1.15437,0.00017000000000000348
2026-03-27 05:00:00+00:00,4394,1.15429,1.15463,1.15372,1.15412,1.15404,1.1542,0.00015999999999993797
2026-03-27 06:00:00+00:00,3681,1.1541,1.15439,1.1534,1.15345,1.15337,1.15353,0.00015999999999993797
2026-03-27 07:00:00+00:00,5973,1.15344,1.1535,1.15168,1.1519,1.15183,1.15197,0.000140000000000029
2026-03-27 08:00:00+00:00,7726,1.15187,1.15254,1.15158,1.15207,1.15199,1.15215,0.00015999999999993797
2026-03-27 09:00:00+00:00,6254,1.15202,1.15262,1.15145,1.15193,1.15185,1.15201,0.00015999999999993797
2026-03-27 10:00:00+00:00,5894,1.15192,1.1526,1.15102,1.15109,1.15102,1.15116,0.000140000000000029
2026-03-27 11:00:00+00:00,5696,1.1511,1.15141,1.15048,1.15077,1.15069,1.15085,0.00015999999999993797
2026-03-27 12:00:00+00:00,7829,1.15076,1.15181,1.15018,1.15151,1.15143,1.15159,0.00015999999999993797
2026-03-27 13:00:00+00:00,11567,1.15152,1.1533,1.15141,1.15242,1.15231,1.15253,0.000220000000000109
2026-03-27 14:00:00+00:00,12165,1.1524,1.15358,1.15232,1.15288,1.15281,1.15296,0.0001500000000000945
2026-03-27 15:00:00+00:00,14946,1.15288,1.1548,1.1518,1.15194,1.15186,1.15202,0.00015999999999993797
2026-03-27 16:00:00+00:00,9215,1.15194,1.15274,1.15148,1.15192,1.15183,1.152,0.00017000000000000348
2026-03-27 17:00:00+00:00,7405,1.1519,1.15292,1.15063,1.15126,1.15119,1.15134,0.0001500000000000945
2026-03-27 18:00:00+00:00,5963,1.15124,1.152,1.1507,1.15136,1.15127,1.15144,0.00017000000000000348
2026-03-27 19:00:00+00:00,4524,1.15135,1.1518,1.15099,1.15172,1.15163,1.1518,0.00017000000000000348
2026-03-27 20:00:00+00:00,5165,1.15172,1.15208,1.15094,1.15114,1.15084,1.15145,0.0006099999999999994
2026-03-29 21:00:00+00:00,382,1.15029,1.15032,1.14996,1.15,1.14981,1.15019,0.00038000000000004697
2026-03-29 22:00:00+00:00,4649,1.15004,1.15026,1.14881,1.14886,1.14877,1.14895,0.00017999999999984695
2026-03-29 23:00:00+00:00,4884,1.14886,1.14947,1.14876,1.14918,1.1491,1.14927,0.00017000000000000348
2026-03-30 00:00:00+00:00,10666,1.1492,1.15128,1.14896,1.15068,1.1506,1.15077,0.00017000000000000348
2026-03-30 01:00:00+00:00,5827,1.15068,1.1511,1.15029,1.15051,1.15042,1.1506,0.000180000000000069
2026-03-30 02:00:00+00:00,4778,1.1505,1.15153,1.15014,1.15114,1.15105,1.15123,0.000180000000000069
2026-03-30 03:00:00+00:00,3432,1.15114,1.15188,1.15103,1.15158,1.1515,1.15166,0.00015999999999993797
2026-03-30 04:00:00+00:00,2368,1.15158,1.15213,1.15136,1.15136,1.15128,1.15144,0.00015999999999993797
2026-03-30 05:00:00+00:00,3596,1.15136,1.15182,1.15097,1.15158,1.15149,1.15167,0.000180000000000069
2026-03-30 06:00:00+00:00,5515,1.15157,1.15202,1.15116,1.15128,1.15119,1.15136,0.00017000000000000348
2026-03-30 07:00:00+00:00,6669,1.15126,1.15128,1.1494,1.14979,1.14971,1.14987,0.00015999999999993797
2026-03-30 08:00:00+00:00,6463,1.14978,1.14988,1.14907,1.14962,1.14953,1.14972,0.0001900000000001345
2026-03-30 09:00:00+00:00,6301,1.14963,1.14984,1.1484,1.14945,1.14936,1.14954,0.000180000000000069
2026-03-30 10:00:00+00:00,5156,1.14946,1.14974,1.1488,1.14892,1.14885,1.149,0.0001500000000000945
2026-03-30 11:00:00+00:00,10313,1.14893,1.15004,1.1484,1.14849,1.1484,1.14858,0.00017999999999984695
2026-03-30 12:00:00+00:00,9832,1.1485,1.1489,1.1473,1.14828,1.14819,1.14836,0.00017000000000000348
2026-03-30 13:00:00+00:00,11726,1.14827,1.1488,1.14622,1.14642,1.14634,1.1465,0.00016000000000016001
2026-03-30 14:00:00+00:00,13922,1.14644,1.14706,1.14548,1.1465,1.14641,1.14658,0.00017000000000000348
2026-03-30 15:00:00+00:00,10340,1.14651,1.14659,1.14432,1.14538,1.14529,1.14546,0.00017000000000000348
2026-03-30 16:00:00+00:00,6451,1.14536,1.14613,1.14475,1.14602,1.14594,1.1461,0.00015999999999993797
2026-03-30 17:00:00+00:00,6158,1.14602,1.14654,1.14557,1.14577,1.1457,1.14584,0.000140000000000029
2026-03-30 18:00:00+00:00,4662,1.14578,1.14662,1.1457,1.14609,1.14601,1.14617,0.00015999999999993797
2026-03-30 19:00:00+00:00,4334,1.1461,1.14624,1.14538,1.14598,1.14589,1.14606,0.00017000000000000348
2026-03-30 20:00:00+00:00,2342,1.14597,1.1463,1.14572,1.14618,1.14608,1.14629,0.00021000000000004349
2026-03-30 21:00:00+00:00,1289,1.14588,1.14678,1.14586,1.14634,1.14615,1.14652,0.00036999999999998145
2026-03-30 22:00:00+00:00,1255,1.14634,1.14657,1.14594,1.14596,1.14587,1.14604,0.00017000000000000348
2026-03-30 23:00:00+00:00,2178,1.14594,1.14594,1.14524,1.14566,1.14558,1.14573,0.00014999999999987246
2026-03-31 00:00:00+00:00,10704,1.14567,1.14763,1.14471,1.14748,1.14738,1.14757,0.00018999999999991246
2026-03-31 01:00:00+00:00,9768,1.14747,1.14908,1.14734,1.1476,1.14752,1.14768,0.00015999999999993797
2026-03-31 02:00:00+00:00,4939,1.14762,1.14796,1.14732,1.14758,1.14751,1.14766,0.00014999999999987246
2026-03-31 03:00:00+00:00,3455,1.14759,1.14763,1.14664,1.14698,1.1469,1.14705,0.00014999999999987246
2026-03-31 04:00:00+00:00,2307,1.14697,1.14728,1.1469,1.14692,1.14684,1.147,0.00015999999999993797
2026-03-31 05:00:00+00:00,4353,1.14692,1.14714,1.14624,1.14646,1.14638,1.14655,0.00017000000000000348
2026-03-31 06:00:00+00:00,6280,1.14646,1.14744,1.14608,1.1472,1.14713,1.14728,0.0001500000000000945
2026-03-31 07:00:00+00:00,7691,1.14718,1.14743,1.1463,1.14724,1.14716,1.14733,0.00017000000000000348
2026-03-31 08:00:00+00:00,7391,1.14724,1.14758,1.14641,1.14672,1.14664,1.1468,0.00015999999999993797
2026-03-31 09:00:00+00:00,6583,1.14672,1.14736,1.14621,1.14681,1.14673,1.14689,0.00015999999999993797
2026-03-31 10:00:00+00:00,4450,1.14682,1.147,1.14582,1.1459,1.14582,1.14598,0.00015999999999993797
2026-03-31 11:00:00+00:00,13002,1.1459,1.14912,1.14576,1.14911,1.14903,1.14919,0.00015999999999993797
2026-03-31 12:00:00+00:00,15077,1.14912,1.15099,1.1487,1.1503,1.15022,1.15039,0.00017000000000000348
2026-03-31 13:00:00+00:00,13016,1.15031,1.15326,1.15006,1.15323,1.15314,1.15332,0.00017999999999984695
2026-03-31 14:00:00+00:00,23751,1.15324,1.15407,1.15111,1.15202,1.15193,1.15211,0.000180000000000069
2026-03-31 15:00:00+00:00,20320,1.15202,1.15331,1.15118,1.15173,1.15165,1.15181,0.00015999999999993797
2026-03-31 16:00:00+00:00,24147,1.15174,1.15598,1.1514,1.15404,1.15396,1.15413,0.00017000000000000348
2026-03-31 17:00:00+00:00,21999,1.15404,1.15566,1.15389,1.154,1.15393,1.15407,0.000140000000000029
2026-03-31 18:00:00+00:00,10243,1.15401,1.1551,1.15384,1.15447,1.15438,1.15456,0.000180000000000069
2026-03-31 19:00:00+00:00,7258,1.15446,1.15599,1.15388,1.15592,1.15584,1.15599,0.0001500000000000945
2026-03-31 20:00:00+00:00,4314,1.15591,1.15634,1.15524,1.15532,1.15523,1.1554,0.00017000000000000348
2026-03-31 21:00:00+00:00,1140,1.1554,1.15572,1.15535,1.15566,1.15539,1.15592,0.0005300000000001415
2026-03-31 22:00:00+00:00,1795,1.15564,1.15602,1.15528,1.15588,1.15579,1.15596,0.00017000000000000348
2026-03-31 23:00:00+00:00,2762,1.15587,1.15746,1.15571,1.1574,1.15732,1.15747,0.0001500000000000945
2026-04-01 00:00:00+00:00,5954,1.1574,1.1579,1.15696,1.15745,1.15737,1.15753,0.00015999999999993797
2026-04-01 01:00:00+00:00,8092,1.15744,1.15756,1.15549,1.15618,1.1561,1.15626,0.00016000000000016001
2026-04-01 02:00:00+00:00,3499,1.15618,1.15711,1.15608,1.15688,1.1568,1.15696,0.00015999999999993797
2026-04-01 03:00:00+00:00,3144,1.15688,1.15688,1.1559,1.15608,1.156,1.15616,0.00016000000000016001
2026-04-01 04:00:00+00:00,2343,1.15606,1.15666,1.15596,1.15654,1.15646,1.15662,0.00015999999999993797
2026-04-01 05:00:00+00:00,4327,1.15654,1.15764,1.15648,1.15678,1.1567,1.15685,0.00014999999999987246
2026-04-01 06:00:00+00:00,13902,1.15678,1.15928,1.1562,1.15913,1.15905,1.15921,0.00016000000000016001
2026-04-01 07:00:00+00:00,15346,1.15914,1.15988,1.15772,1.15821,1.15812,1.1583,0.000180000000000069
2026-04-01 08:00:00+00:00,13121,1.1582,1.16108,1.15774,1.15964,1.15955,1.15972,0.00017000000000000348
2026-04-01 09:00:00+00:00,11283,1.15966,1.16028,1.15809,1.15952,1.15945,1.15959,0.00013999999999980695
2026-04-01 10:00:00+00:00,8194,1.15955,1.16038,1.15933,1.15997,1.1599,1.16004,0.000140000000000029
2026-04-01 11:00:00+00:00,6592,1.15998,1.16101,1.1598,1.16074,1.16067,1.16082,0.00014999999999987246
2026-04-01 12:00:00+00:00,17342,1.16075,1.16238,1.15938,1.16047,1.16039,1.16055,0.00015999999999993797
2026-04-01 13:00:00+00:00,19461,1.16048,1.16238,1.15986,1.16119,1.16106,1.16132,0.00025999999999992696
2026-04-01 14:00:00+00:00,18598,1.16107,1.1627,1.16047,1.16226,1.16218,1.16234,0.00015999999999993797
2026-04-01 15:00:00+00:00,9988,1.16228,1.16272,1.16053,1.16138,1.1613,1.16146,0.00015999999999993797
2026-04-01 16:00:00+00:00,7218,1.16136,1.16192,1.16048,1.1619,1.16182,1.16199,0.00017000000000000348
2026-04-01 17:00:00+00:00,6939,1.16192,1.16234,1.15938,1.1594,1.15931,1.15948,0.00017000000000000348
2026-04-01 18:00:00+00:00,8233,1.15939,1.15944,1.15769,1.1579,1.15781,1.158,0.00018999999999991246
2026-04-01 19:00:00+00:00,5475,1.15791,1.15872,1.15763,1.15838,1.1583,1.15846,0.00015999999999993797
2026-04-01 20:00:00+00:00,2447,1.15838,1.1592,1.15837,1.15908,1.15899,1.15916,0.00017000000000000348
2026-04-01 21:00:00+00:00,2772,1.15888,1.15918,1.15852,1.15906,1.15895,1.15917,0.000220000000000109
2026-04-01 22:00:00+00:00,1513,1.15905,1.15945,1.15898,1.15912,1.15905,1.1592,0.0001500000000000945
2026-04-01 23:00:00+00:00,1850,1.15913,1.15946,1.15891,1.15898,1.1589,1.15905,0.00014999999999987246
2026-04-02 00:00:00+00:00,5985,1.15896,1.1598,1.1587,1.15957,1.15949,1.15965,0.00016000000000016001
2026-04-02 01:00:00+00:00,35355,1.15954,1.16058,1.15457,1.15526,1.15518,1.15534,0.00015999999999993797
2026-04-02 02:00:00+00:00,10419,1.15526,1.15604,1.15442,1.15468,1.15459,1.15478,0.00018999999999991246
2026-04-02 03:00:00+00:00,5526,1.1547,1.1549,1.15378,1.15399,1.15392,1.15406,0.000140000000000029
2026-04-02 04:00:00+00:00,4947,1.15401,1.15421,1.15322,1.1537,1.15362,1.15379,0.00017000000000000348
2026-04-02 05:00:00+00:00,5705,1.15372,1.1539,1.1525,1.15254,1.15246,1.15263,0.00017000000000000348
2026-04-02 06:00:00+00:00,8687,1.15256,1.15356,1.15152,1.15345,1.15337,1.15353,0.00015999999999993797
2026-04-02 07:00:00+00:00,9427,1.15346,1.1538,1.15188,1.15324,1.15317,1.15332,0.00014999999999987246
2026-04-02 08:00:00+00:00,6992,1.15325,1.15358,1.15244,1.15254,1.15247,1.15261,0.00013999999999980695
2026-04-02 09:00:00+00:00,5408,1.15254,1.1532,1.15217,1.15264,1.15256,1.15272,0.00015999999999993797
2026-04-02 10:00:00+00:00,6186,1.15264,1.15269,1.15112,1.15123,1.15116,1.1513,0.000140000000000029
2026-04-02 11:00:00+00:00,6487,1.15124,1.15195,1.15092,1.15176,1.15168,1.15184,0.00015999999999993797
2026-04-02 12:00:00+00:00,9586,1.15176,1.15312,1.15171,1.15248,1.15241,1.15255,0.000140000000000029
2026-04-02 13:00:00+00:00,13543,1.15248,1.15326,1.15204,1.15313,1.15304,1.15322,0.00017999999999984695
2026-04-02 14:00:00+00:00,27116,1.15314,1.15639,1.15266,1.15512,1.15505,1.1552,0.0001500000000000945
2026-04-02 15:00:00+00:00,16661,1.15513,1.15587,1.15416,1.15451,1.15443,1.15459,0.00015999999999993797
2026-04-02 16:00:00+00:00,9675,1.1545,1.15482,1.15392,1.15394,1.15385,1.15402,0.00017000000000000348
2026-04-02 17:00:00+00:00,5815,1.15393,1.15492,1.15364,1.15378,1.1537,1.15385,0.0001500000000000945
2026-04-02 18:00:00+00:00,4891,1.15378,1.154,1.15331,1.15362,1.15353,1.1537,0.00017000000000000348
2026-04-02 19:00:00+00:00,4737,1.15362,1.15438,1.15334,1.15346,1.15338,1.15355,0.00017000000000000348
2026-04-02 20:00:00+00:00,1918,1.15348,1.154,1.15322,1.154,1.15391,1.15408,0.00017000000000000348
2026-04-02 21:00:00+00:00,767,1.15385,1.1543,1.15385,1.1542,1.15397,1.15442,0.00045000000000006146
2026-04-02 22:00:00+00:00,1038,1.1542,1.1544,1.15381,1.154,1.15391,1.1541,0.00018999999999991246
2026-04-02 23:00:00+00:00,1002,1.15401,1.1543,1.15396,1.15416,1.15407,1.15425,0.000180000000000069
2026-04-03 00:00:00+00:00,2276,1.15416,1.15452,1.15382,1.15382,1.15373,1.15391,0.000180000000000069
2026-04-03 01:00:00+00:00,2380,1.15382,1.154,1.15338,1.1535,1.15342,1.15359,0.00017000000000000348
2026-04-03 02:00:00+00:00,2045,1.15351,1.15384,1.15322,1.15362,1.15353,1.1537,0.00017000000000000348
2026-04-03 03:00:00+00:00,840,1.15362,1.15374,1.15342,1.15364,1.15355,1.15372,0.00017000000000000348
2026-04-03 04:00:00+00:00,1639,1.15364,1.15364,1.15338,1.15338,1.15329,1.15347,0.000180000000000069
2026-04-03 05:00:00+00:00,1214,1.15338,1.15383,1.15294,1.1538,1.15373,1.15387,0.000140000000000029
2026-04-03 06:00:00+00:00,1251,1.15379,1.15408,1.15352,1.15398,1.15389,1.15406,0.00017000000000000348
2026-04-03 07:00:00+00:00,1665,1.15397,1.15464,1.15395,1.15429,1.15421,1.15437,0.00015999999999993797
2026-04-03 08:00:00+00:00,1490,1.15428,1.15454,1.15403,1.1543,1.15422,1.15438,0.00015999999999993797
2026-04-03 09:00:00+00:00,1491,1.1543,1.15458,1.15408,1.15432,1.15424,1.15439,0.0001500000000000945
2026-04-03 10:00:00+00:00,1368,1.15432,1.15492,1.1542,1.15449,1.15441,1.15457,0.00016000000000016001
2026-04-03 11:00:00+00:00,1659,1.1545,1.15468,1.15409,1.15443,1.15435,1.15451,0.00015999999999993797
2026-04-03 12:00:00+00:00,7854,1.15444,1.1546,1.15177,1.1531,1.15302,1.15318,0.00016000000000016001
2026-04-03 13:00:00+00:00,3116,1.15308,1.15386,1.1528,1.1535,1.15341,1.15358,0.00017000000000000348
2026-04-03 14:00:00+00:00,2652,1.15352,1.15366,1.15209,1.15212,1.15204,1.15219,0.0001500000000000945
2026-04-03 15:00:00+00:00,4695,1.15213,1.15279,1.15201,1.15222,1.15215,1.15229,0.000140000000000029
2026-04-03 16:00:00+00:00,4067,1.15222,1.15225,1.1519,1.1519,1.1518,1.152,0.00019999999999997797
2026-04-03 17:00:00+00:00,3826,1.1519,1.15219,1.15186,1.15202,1.15193,1.15212,0.0001900000000001345
2026-04-03 18:00:00+00:00,2548,1.15202,1.15213,1.15142,1.15146,1.15135,1.15156,0.00020999999999982144
2026-04-03 19:00:00+00:00,352,1.15145,1.15161,1.15142,1.15146,1.15136,1.15157,0.00021000000000004349
2026-04-03 20:00:00+00:00,1463,1.15147,1.15348,1.15134,1.15222,1.15172,1.15272,0.0009999999999998899
2026-04-05 21:00:00+00:00,413,1.15238,1.1524,1.15202,1.15213,1.15194,1.15232,0.00038000000000004697
2026-04-05 22:00:00+00:00,7293,1.15212,1.15218,1.15053,1.1515,1.15143,1.15158,0.0001500000000000945
2026-04-05 23:00:00+00:00,3550,1.15149,1.15168,1.15086,1.15098,1.1509,1.15106,0.00015999999999993797
2026-04-06 00:00:00+00:00,5272,1.15098,1.15184,1.15094,1.15118,1.1511,1.15126,0.00015999999999993797
2026-04-06 01:00:00+00:00,4029,1.15118,1.15144,1.15064,1.1507,1.15062,1.15077,0.0001500000000000945
2026-04-06 02:00:00+00:00,7402,1.15071,1.15288,1.1507,1.15206,1.15198,1.15215,0.00017000000000000348
2026-04-06 03:00:00+00:00,3842,1.15207,1.15232,1.15173,1.1519,1.15182,1.15199,0.00017000000000000348
2026-04-06 04:00:00+00:00,2305,1.15192,1.15251,1.15186,1.15244,1.15236,1.15252,0.00015999999999993797
2026-04-06 05:00:00+00:00,3289,1.15244,1.15297,1.1523,1.15255,1.15247,1.15263,0.00015999999999993797
2026-04-06 06:00:00+00:00,6457,1.15254,1.15378,1.1522,1.15333,1.15324,1.15342,0.00017999999999984695
2026-04-06 07:00:00+00:00,9547,1.15332,1.15688,1.15253,1.15645,1.15637,1.15653,0.00016000000000016001
2026-04-06 08:00:00+00:00,7341,1.15646,1.15688,1.15538,1.15553,1.15546,1.1556,0.000140000000000029
2026-04-06 09:00:00+00:00,5849,1.15554,1.15606,1.15475,1.15506,1.15499,1.15513,0.000140000000000029
2026-04-06 10:00:00+00:00,7333,1.15506,1.15544,1.15377,1.15481,1.15473,1.15489,0.00015999999999993797
2026-04-06 11:00:00+00:00,5093,1.15482,1.15501,1.15403,1.15458,1.1545,1.15466,0.00015999999999993797
2026-04-06 12:00:00+00:00,5147,1.15458,1.15546,1.15426,1.15534,1.15525,1.15542,0.00016999999999978144
2026-04-06 13:00:00+00:00,7312,1.15536,1.15614,1.15494,1.15597,1.15584,1.1561,0.00025999999999992696
2026-04-06 14:00:00+00:00,17673,1.156,1.15716,1.15426,1.15432,1.15424,1.1544,0.00016000000000016001
2026-04-06 15:00:00+00:00,10081,1.15432,1.15446,1.15356,1.15444,1.15436,1.15451,0.00014999999999987246
2026-04-06 16:00:00+00:00,5346,1.15443,1.15482,1.15424,1.1545,1.15442,1.15459,0.00017000000000000348
2026-04-06 17:00:00+00:00,8986,1.15451,1.15488,1.15342,1.15416,1.15407,1.15425,0.000180000000000069
2026-04-06 18:00:00+00:00,9504,1.15416,1.15528,1.15396,1.15457,1.15449,1.15465,0.00015999999999993797
2026-04-06 19:00:00+00:00,3110,1.15458,1.15469,1.15407,1.15429,1.15421,1.15437,0.00015999999999993797
2026-04-06 20:00:00+00:00,2097,1.1543,1.15445,1.15408,1.15433,1.15425,1.15441,0.00015999999999993797
2026-04-06 21:00:00+00:00,1321,1.15414,1.15448,1.15409,1.15432,1.15419,1.15446,0.00026999999999999247
2026-04-06 22:00:00+00:00,3150,1.15432,1.1548,1.15423,1.15428,1.1542,1.15436,0.00016000000000016001
2026-04-06 23:00:00+00:00,1227,1.15428,1.15436,1.1539,1.15409,1.154,1.15418,0.000180000000000069
2026-04-07 00:00:00+00:00,4795,1.15408,1.15439,1.15366,1.15376,1.15368,1.15384,0.00015999999999993797
2026-04-07 01:00:00+00:00,5418,1.15376,1.15403,1.15272,1.15302,1.15293,1.1531,0.00017000000000000348
2026-04-07 02:00:00+00:00,3149,1.15302,1.1532,1.15242,1.15298,1.15289,1.15307,0.000180000000000069
2026-04-07 03:00:00+00:00,2347,1.15298,1.15349,1.15288,1.15346,1.15338,1.15354,0.00015999999999993797
2026-04-07 04:00:00+00:00,2384,1.15346,1.15389,1.1533,1.15383,1.15375,1.15391,0.00015999999999993797
2026-04-07 05:00:00+00:00,4086,1.15385,1.15398,1.15302,1.15354,1.15346,1.15363,0.00017000000000000348
2026-04-07 06:00:00+00:00,6283,1.15355,1.15456,1.15328,1.15447,1.15439,1.15455,0.00015999999999993797
2026-04-07 07:00:00+00:00,5945,1.15448,1.1546,1.15368,1.15428,1.1542,1.15437,0.00017000000000000348
2026-04-07 08:00:00+00:00,15778,1.15425,1.15756,1.1542,1.15737,1.15729,1.15745,0.00016000000000016001
2026-04-07 09:00:00+00:00,7898,1.15735,1.15756,1.15623,1.15629,1.15621,1.15637,0.00015999999999993797
2026-04-07 10:00:00+00:00,14848,1.15628,1.15638,1.15458,1.15543,1.15536,1.1555,0.000140000000000029
2026-04-07 11:00:00+00:00,7230,1.15543,1.15621,1.15482,1.15602,1.15594,1.15609,0.0001500000000000945
2026-04-07 12:00:00+00:00,10994,1.15602,1.15698,1.1554,1.15606,1.15597,1.15614,0.00017000000000000348
2026-04-07 13:00:00+00:00,11104,1.15604,1.1565,1.1556,1.15638,1.15629,1.15646,0.00017000000000000348
2026-04-07 14:00:00+00:00,14284,1.15637,1.15836,1.15584,1.1572,1.15711,1.15729,0.00017999999999984695
2026-04-07 15:00:00+00:00,12019,1.1572,1.15786,1.1566,1.1571,1.15703,1.15718,0.0001500000000000945
2026-04-07 16:00:00+00:00,11191,1.15713,1.15797,1.15698,1.15716,1.15708,1.15724,0.00015999999999993797
2026-04-07 17:00:00+00:00,7446,1.15716,1.15796,1.15664,1.15776,1.15769,1.15784,0.00014999999999987246
2026-04-07 18:00:00+00:00,5646,1.15777,1.15831,1.15716,1.15748,1.1574,1.15755,0.0001500000000000945
2026-04-07 19:00:00+00:00,17104,1.15747,1.16018,1.15731,1.15952,1.15943,1.1596,0.00017000000000000348
2026-04-07 20:00:00+00:00,7562,1.15952,1.16052,1.15925,1.15975,1.15963,1.15987,0.00024000000000001798
2026-04-07 21:00:00+00:00,1295,1.15962,1.16033,1.15956,1.16,1.15958,1.16043,0.0008500000000000174
2026-04-07 22:00:00+00:00,21472,1.16002,1.16698,1.15889,1.1668,1.1667,1.16691,0.00020999999999982144
2026-04-07 23:00:00+00:00,27861,1.16682,1.16903,1.16614,1.16862,1.16854,1.16871,0.00017000000000000348
2026-04-08 00:00:00+00:00,31207,1.16863,1.1697,1.16661,1.16718,1.16709,1.16727,0.000180000000000069
2026-04-08 01:00:00+00:00,16952,1.16718,1.16884,1.16712,1.16754,1.16747,1.16761,0.000140000000000029
2026-04-08 02:00:00+00:00,8858,1.16754,1.16824,1.16688,1.16737,1.16729,1.16745,0.00016000000000016001
2026-04-08 03:00:00+00:00,6232,1.16739,1.1676,1.16662,1.16707,1.16698,1.16716,0.000180000000000069
2026-04-08 04:00:00+00:00,6782,1.16708,1.1681,1.16708,1.16763,1.16755,1.16771,0.00015999999999993797
2026-04-08 05:00:00+00:00,10421,1.16764,1.17086,1.16721,1.16916,1.16907,1.16924,0.00017000000000000348
2026-04-08 06:00:00+00:00,14432,1.16915,1.17085,1.16846,1.16962,1.16954,1.16971,0.00017000000000000348
2026-04-08 07:00:00+00:00,12765,1.16965,1.17003,1.1679,1.16956,1.16948,1.16964,0.00015999999999993797
2026-04-08 08:00:00+00:00,12678,1.16956,1.16993,1.16689,1.16812,1.16803,1.1682,0.00017000000000000348
2026-04-08 09:00:00+00:00,10009,1.16814,1.16894,1.1678,1.16796,1.16789,1.16804,0.00014999999999987246
2026-04-08 10:00:00+00:00,7642,1.16795,1.16925,1.16776,1.16903,1.16895,1.16911,0.00016000000000016001
2026-04-08 11:00:00+00:00,10247,1.16902,1.17104,1.16854,1.17002,1.16994,1.1701,0.00015999999999993797
2026-04-08 12:00:00+00:00,16112,1.17004,1.17182,1.16881,1.17141,1.17133,1.17149,0.00015999999999993797
2026-04-08 13:00:00+00:00,18328,1.1714,1.17218,1.1687,1.16943,1.16936,1.1695,0.000140000000000029
2026-04-08 14:00:00+00:00,19467,1.16942,1.17034,1.16894,1.16944,1.16937,1.16951,0.000140000000000029
2026-04-08 15:00:00+00:00,11967,1.16946,1.16966,1.16842,1.16862,1.16854,1.16871,0.00017000000000000348
2026-04-08 16:00:00+00:00,9908,1.16863,1.16887,1.1677,1.16818,1.16809,1.16827,0.00017999999999984695
2026-04-08 17:00:00+00:00,8563,1.16817,1.16854,1.1669,1.1675,1.16742,1.16757,0.0001500000000000945
2026-04-08 18:00:00+00:00,12938,1.1675,1.16802,1.165,1.16504,1.16495,1.16512,0.00017000000000000348
2026-04-08 19:00:00+00:00,10077,1.16502,1.16706,1.16434,1.1668,1.16671,1.16688,0.00017000000000000348
2026-04-08 20:00:00+00:00,3512,1.1668,1.16695,1.16606,1.16622,1.16612,1.16632,0.00019999999999997797
2026-04-08 21:00:00+00:00,1319,1.16615,1.16672,1.16601,1.16662,1.16649,1.16674,0.0002500000000000835
2026-04-08 22:00:00+00:00,1982,1.1666,1.16678,1.166,1.16622,1.16615,1.1663,0.00014999999999987246
2026-04-08 23:00:00+00:00,1805,1.16623,1.16634,1.16576,1.16592,1.16584,1.16601,0.00017000000000000348
2026-04-09 00:00:00+00:00,5393,1.16593,1.16611,1.1653,1.16572,1.16564,1.16579,0.0001500000000000945
2026-04-09 01:00:00+00:00,5260,1.16572,1.16636,1.16504,1.16618,1.16611,1.16626,0.0001500000000000945
2026-04-09 02:00:00+00:00,3211,1.16618,1.16674,1.16592,1.16653,1.16645,1.16661,0.00015999999999993797
2026-04-09 03:00:00+00:00,3419,1.16654,1.1667,1.16606,1.16624,1.16616,1.16632,0.00015999999999993797
2026-04-09 04:00:00+00:00,2187,1.16624,1.16712,1.16619,1.16664,1.16657,1.16672,0.00014999999999987246
2026-04-09 05:00:00+00:00,3725,1.16665,1.16678,1.16592,1.1661,1.16601,1.16618,0.00017000000000000348
2026-04-09 06:00:00+00:00,5426,1.1661,1.16644,1.16544,1.16643,1.16635,1.16651,0.00015999999999993797
2026-04-09 07:00:00+00:00,7147,1.16645,1.16692,1.16554,1.1663,1.16622,1.16638,0.00015999999999993797
2026-04-09 08:00:00+00:00,5369,1.1663,1.1675,1.16597,1.1672,1.16712,1.16729,0.00017000000000000348
2026-04-09 09:00:00+00:00,5590,1.16721,1.16793,1.16686,1.16746,1.16738,1.16754,0.00015999999999993797
2026-04-09 10:00:00+00:00,4999,1.16746,1.16796,1.16711,1.16711,1.16702,1.1672,0.000180000000000069
2026-04-09 11:00:00+00:00,5286,1.1671,1.16896,1.16696,1.16884,1.16876,1.16893,0.00017000000000000348
2026-04-09 12:00:00+00:00,7283,1.16885,1.169,1.1679,1.1686,1.16852,1.16869,0.00017000000000000348
2026-04-09 13:00:00+00:00,9516,1.16861,1.16953,1.16812,1.16818,1.16811,1.16826,0.0001500000000000945
2026-04-09 14:00:00+00:00,11006,1.16818,1.16881,1.16742,1.16847,1.16839,1.16855,0.00015999999999993797
2026-04-09 15:00:00+00:00,16717,1.16846,1.17072,1.16776,1.17056,1.17048,1.17064,0.00015999999999993797
2026-04-09 16:00:00+00:00,8788,1.17054,1.17142,1.17024,1.17106,1.17098,1.17115,0.00017000000000000348
2026-04-09 17:00:00+00:00,6844,1.17107,1.17234,1.17101,1.17142,1.17134,1.1715,0.00015999999999993797
2026-04-09 18:00:00+00:00,9125,1.17142,1.17149,1.16975,1.16992,1.16984,1.16999,0.0001500000000000945
2026-04-09 19:00:00+00:00,5353,1.16991,1.17086,1.1698,1.17006,1.16998,1.17015,0.00017000000000000348
2026-04-09 20:00:00+00:00,2286,1.17008,1.17008,1.16954,1.1699,1.16979,1.17,0.00020999999999982144
2026-04-09 21:00:00+00:00,3211,1.17021,1.17022,1.16954,1.17015,1.17001,1.17029,0.000280000000000058
2026-04-09 22:00:00+00:00,1962,1.17015,1.17026,1.16926,1.16941,1.16934,1.16948,0.000140000000000029
2026-04-09 23:00:00+00:00,1333,1.16942,1.16963,1.16904,1.16917,1.16909,1.16925,0.00015999999999993797
2026-04-10 00:00:00+00:00,3415,1.16918,1.16918,1.16854,1.16879,1.16872,1.16886,0.000140000000000029
2026-04-10 01:00:00+00:00,3322,1.1688,1.16948,1.16862,1.16922,1.16914,1.1693,0.00015999999999993797
2026-04-10 02:00:00+00:00,2746,1.16925,1.16943,1.16867,1.1691,1.16902,1.16917,0.0001500000000000945
2026-04-10 03:00:00+00:00,1587,1.16907,1.1697,1.16899,1.16958,1.16949,1.16966,0.00017000000000000348
2026-04-10 04:00:00+00:00,1818,1.16956,1.16966,1.16912,1.1692,1.16912,1.16928,0.00016000000000016001
2026-04-10 05:00:00+00:00,2395,1.16922,1.16928,1.16876,1.169,1.16891,1.16909,0.000180000000000069
2026-04-10 06:00:00+00:00,4389,1.169,1.16936,1.16832,1.16842,1.16834,1.16851,0.00017000000000000348
2026-04-10 07:00:00+00:00,5527,1.16841,1.16896,1.1679,1.16797,1.16789,1.16805,0.00015999999999993797
2026-04-10 08:00:00+00:00,4848,1.16795,1.16898,1.16774,1.16859,1.16851,1.16867,0.00016000000000016001
2026-04-10 09:00:00+00:00,11231,1.16858,1.1711,1.16847,1.17103,1.17095,1.17111,0.00016000000000016001
2026-04-10 10:00:00+00:00,5128,1.17104,1.1716,1.17058,1.1713,1.17122,1.17138,0.00016000000000016001
2026-04-10 11:00:00+00:00,4170,1.17129,1.17189,1.17108,1.17141,1.17133,1.17149,0.00015999999999993797
2026-04-10 12:00:00+00:00,10757,1.17142,1.17258,1.17095,1.17209,1.17201,1.17217,0.00015999999999993797
2026-04-10 13:00:00+00:00,10465,1.17206,1.17348,1.17186,1.17278,1.17268,1.17287,0.0001900000000001345
2026-04-10 14:00:00+00:00,13340,1.17276,1.17384,1.17202,1.17278,1.17269,1.17286,0.00017000000000000348
2026-04-10 15:00:00+00:00,10446,1.17278,1.17396,1.17218,1.17224,1.17216,1.17232,0.00015999999999993797
2026-04-10 16:00:00+00:00,6633,1.17224,1.17254,1.17138,1.17204,1.17196,1.17213,0.00017000000000000348
2026-04-10 17:00:00+00:00,4333,1.17205,1.17262,1.1719,1.17234,1.17226,1.17243,0.00017000000000000348
2026-04-10 18:00:00+00:00,5515,1.17234,1.17354,1.17189,1.17316,1.17308,1.17325,0.00017000000000000348
2026-04-10 19:00:00+00:00,3617,1.17316,1.17326,1.17273,1.17274,1.17265,1.17282,0.00017000000000000348
2026-04-10 20:00:00+00:00,4392,1.17274,1.17311,1.17208,1.1725,1.17222,1.17277,0.0005500000000000504
2026-04-12 21:00:00+00:00,1919,1.16666,1.16818,1.16664,1.16736,1.16714,1.16758,0.00043999999999999595
2026-04-12 22:00:00+00:00,8448,1.16735,1.16796,1.16658,1.16724,1.16716,1.16732,0.00015999999999993797
2026-04-12 23:00:00+00:00,4574,1.16724,1.16756,1.1664,1.1675,1.16741,1.16758,0.00017000000000000348
2026-04-13 00:00:00+00:00,6244,1.16752,1.16876,1.1671,1.16876,1.16869,1.16884,0.0001500000000000945
2026-04-13 01:00:00+00:00,5359,1.16878,1.16898,1.16804,1.16862,1.16854,1.16871,0.00017000000000000348
2026-04-13 02:00:00+00:00,2454,1.16863,1.16902,1.16853,1.16885,1.16877,1.16893,0.00015999999999993797
2026-04-13 03:00:00+00:00,1985,1.16886,1.16894,1.1686,1.16882,1.16874,1.16889,0.0001500000000000945
2026-04-13 04:00:00+00:00,2016,1.16883,1.16902,1.16858,1.16862,1.16854,1.16871,0.00017000000000000348
2026-04-13 05:00:00+00:00,3348,1.16862,1.16891,1.16833,1.16878,1.1687,1.16886,0.00015999999999993797
2026-04-13 06:00:00+00:00,7197,1.1688,1.1695,1.1678,1.16857,1.16849,1.16865,0.00015999999999993797
2026-04-13 07:00:00+00:00,6275,1.16856,1.17002,1.16856,1.16971,1.16962,1.1698,0.00017999999999984695
2026-04-13 08:00:00+00:00,5291,1.16968,1.16971,1.16834,1.1686,1.16852,1.16869,0.00017000000000000348
2026-04-13 09:00:00+00:00,4660,1.16861,1.16928,1.16838,1.16862,1.16854,1.16871,0.00017000000000000348
2026-04-13 10:00:00+00:00,4320,1.16864,1.16951,1.16826,1.16936,1.16928,1.16945,0.00017000000000000348
2026-04-13 11:00:00+00:00,6600,1.16938,1.16998,1.1681,1.16818,1.1681,1.16826,0.00016000000000016001
2026-04-13 12:00:00+00:00,7720,1.16818,1.16992,1.16806,1.16984,1.16976,1.16992,0.00016000000000016001
2026-04-13 13:00:00+00:00,12004,1.16986,1.17124,1.16964,1.17054,1.17046,1.17062,0.00015999999999993797
2026-04-13 14:00:00+00:00,12438,1.17054,1.17209,1.17004,1.17102,1.17094,1.17111,0.00017000000000000348
2026-04-13 15:00:00+00:00,8486,1.17102,1.17126,1.17026,1.17096,1.17089,1.17104,0.0001500000000000945
2026-04-13 16:00:00+00:00,10718,1.17098,1.17314,1.17071,1.1725,1.17243,1.17258,0.00014999999999987246
2026-04-13 17:00:00+00:00,4642,1.1725,1.17379,1.17246,1.17335,1.17328,1.17342,0.00013999999999980695
2026-04-13 18:00:00+00:00,7112,1.17337,1.1766,1.17336,1.17645,1.17637,1.17653,0.00016000000000016001
2026-04-13 19:00:00+00:00,4730,1.17643,1.1765,1.1754,1.17602,1.17594,1.17611,0.00017000000000000348
2026-04-13 20:00:00+00:00,2448,1.17602,1.17632,1.17567,1.17588,1.17576,1.17599,0.0002300000000001745
2026-04-13 21:00:00+00:00,1503,1.17576,1.17598,1.17554,1.17579,1.17548,1.1761,0.0006199999999998429
2026-04-13 22:00:00+00:00,1681,1.17581,1.17651,1.17576,1.17616,1.17607,1.17624,0.00017000000000000348
2026-04-13 23:00:00+00:00,1953,1.17616,1.1767,1.1761,1.17669,1.17661,1.17677,0.00016000000000016001
2026-04-14 00:00:00+00:00,4015,1.1767,1.17681,1.17612,1.17664,1.17657,1.17672,0.0001500000000000945
2026-04-14 01:00:00+00:00,3272,1.17664,1.17678,1.17595,1.17602,1.17593,1.1761,0.00017000000000000348
2026-04-14 02:00:00+00:00,2128,1.17602,1.17622,1.17563,1.17608,1.176,1.17615,0.0001500000000000945
2026-04-14 03:00:00+00:00,1925,1.17607,1.17684,1.1759,1.1767,1.17662,1.17678,0.00015999999999993797
2026-04-14 04:00:00+00:00,1253,1.17668,1.177,1.17646,1.17669,1.17661,1.17677,0.00016000000000016001
2026-04-14 05:00:00+00:00,2769,1.17668,1.17696,1.17595,1.17642,1.17634,1.17651,0.00017000000000000348
2026-04-14 06:00:00+00:00,5752,1.17642,1.17784,1.17582,1.17781,1.17773,1.17789,0.00016000000000016001
2026-04-14 07:00:00+00:00,9995,1.17782,1.17966,1.17774,1.178,1.17792,1.17809,0.00017000000000000348
2026-04-14 08:00:00+00:00,6876,1.178,1.17846,1.17752,1.17827,1.17819,1.17835,0.00015999999999993797
2026-04-14 09:00:00+00:00,4737,1.17828,1.17926,1.17819,1.17888,1.17881,1.17896,0.0001500000000000945
2026-04-14 10:00:00+00:00,5169,1.17889,1.17988,1.17883,1.17966,1.17958,1.17973,0.00014999999999987246
2026-04-14 11:00:00+00:00,6133,1.17966,1.18064,1.17954,1.17996,1.17988,1.18005,0.00017000000000000348
2026-04-14 12:00:00+00:00,10672,1.17996,1.1806,1.17928,1.18046,1.18038,1.18055,0.00017000000000000348
2026-04-14 13:00:00+00:00,9967,1.18046,1.18078,1.17936,1.17994,1.17986,1.18001,0.0001500000000000945
2026-04-14 14:00:00+00:00,10783,1.17992,1.18112,1.17934,1.18088,1.1808,1.18096,0.00015999999999993797
2026-04-14 15:00:00+00:00,11899,1.18086,1.18086,1.17875,1.17905,1.17898,1.17912,0.000140000000000029
2026-04-14 16:00:00+00:00,5540,1.17905,1.17971,1.17882,1.17942,1.17934,1.1795,0.00015999999999993797
2026-04-14 17:00:00+00:00,3638,1.17942,1.17996,1.17918,1.17958,1.17949,1.17966,0.00017000000000000348
2026-04-14 18:00:00+00:00,5364,1.1796,1.17969,1.17905,1.1793,1.17922,1.17937,0.0001500000000000945
2026-04-14 19:00:00+00:00,2730,1.1793,1.17955,1.17906,1.17919,1.17911,1.17927,0.00015999999999993797
2026-04-14 20:00:00+00:00,1701,1.1792,1.17962,1.17914,1.1796,1.17948,1.17973,0.00024999999999986144
2026-04-14 21:00:00+00:00,849,1.17966,1.17966,1.17904,1.17922,1.17894,1.17949,0.0005499999999998284
2026-04-14 22:00:00+00:00,1884,1.1792,1.17996,1.17918,1.17953,1.17944,1.17962,0.00017999999999984695
2026-04-14 23:00:00+00:00,2931,1.1795,1.1802,1.17945,1.17984,1.17976,1.17993,0.00017000000000000348
2026-04-15 00:00:00+00:00,4605,1.17983,1.17987,1.17894,1.17941,1.17933,1.17949,0.00015999999999993797
2026-04-15 01:00:00+00:00,4260,1.17938,1.17969,1.17898,1.17908,1.17899,1.17916,0.00017000000000000348
2026-04-15 02:00:00+00:00,2905,1.17908,1.17908,1.1779,1.17835,1.17828,1.17842,0.000140000000000029
2026-04-15 03:00:00+00:00,1998,1.17836,1.17892,1.17804,1.17872,1.17864,1.1788,0.00016000000000016001
2026-04-15 04:00:00+00:00,1518,1.1787,1.17896,1.17864,1.17886,1.17878,1.17895,0.00017000000000000348
2026-04-15 05:00:00+00:00,4338,1.17886,1.17983,1.17884,1.1792,1.17913,1.17928,0.0001500000000000945
2026-04-15 06:00:00+00:00,5441,1.1792,1.17993,1.17838,1.17843,1.17835,1.17851,0.00015999999999993797
2026-04-15 07:00:00+00:00,6608,1.17842,1.17906,1.17828,1.17858,1.1785,1.17865,0.00014999999999987246
2026-04-15 08:00:00+00:00,5267,1.17857,1.17954,1.17854,1.17894,1.17887,1.17902,0.00014999999999987246
2026-04-15 09:00:00+00:00,9482,1.17895,1.17916,1.17754,1.17816,1.17808,1.17824,0.00015999999999993797
2026-04-15 10:00:00+00:00,9506,1.17816,1.17866,1.1772,1.1777,1.17762,1.17778,0.00016000000000016001
2026-04-15 11:00:00+00:00,7568,1.1777,1.17846,1.17732,1.1783,1.17822,1.17838,0.00015999999999993797
2026-04-15 12:00:00+00:00,7446,1.1783,1.1793,1.17772,1.17882,1.17873,1.1789,0.00017000000000000348
2026-04-15 13:00:00+00:00,9053,1.17881,1.17975,1.17842,1.1788,1.17872,1.17887,0.0001500000000000945
2026-04-15 14:00:00+00:00,10163,1.17881,1.18003,1.17844,1.17967,1.17959,1.17975,0.00016000000000016001
2026-04-15 15:00:00+00:00,9274,1.17966,1.1808,1.17946,1.17982,1.17974,1.1799,0.00015999999999993797
2026-04-15 16:00:00+00:00,6545,1.1798,1.18028,1.17976,1.1801,1.18002,1.18018,0.00015999999999993797
2026-04-15 17:00:00+00:00,4345,1.1801,1.1802,1.17927,1.17948,1.17941,1.17956,0.00014999999999987246
2026-04-15 18:00:00+00:00,6019,1.17949,1.1802,1.17938,1.18004,1.17996,1.18013,0.00017000000000000348
2026-04-15 19:00:00+00:00,3184,1.18002,1.18048,1.17986,1.17998,1.1799,1.18007,0.00017000000000000348
2026-04-15 20:00:00+00:00,2255,1.17999,1.18012,1.17954,1.17994,1.17986,1.18001,0.0001500000000000945
2026-04-15 21:00:00+00:00,1532,1.18002,1.18033,1.17978,1.17986,1.17972,1.18001,0.00028999999999990145
2026-04-15 22:00:00+00:00,1373,1.17983,1.18034,1.17978,1.18026,1.18017,1.18034,0.00017000000000000348
2026-04-15 23:00:00+00:00,1430,1.18028,1.1808,1.18026,1.18068,1.1806,1.18075,0.00014999999999987246
2026-04-16 00:00:00+00:00,3014,1.18068,1.18086,1.18028,1.18074,1.18065,1.18082,0.00017000000000000348
2026-04-16 01:00:00+00:00,3863,1.18072,1.18092,1.1797,1.18027,1.18018,1.18036,0.000180000000000069
2026-04-16 02:00:00+00:00,3854,1.18026,1.18176,1.1802,1.1817,1.18162,1.18178,0.00016000000000016001
2026-04-16 03:00:00+00:00,3301,1.18172,1.18239,1.18122,1.1813,1.18122,1.18139,0.00017000000000000348
2026-04-16 04:00:00+00:00,1613,1.18128,1.1813,1.18082,1.18094,1.18086,1.18102,0.00015999999999993797
2026-04-16 05:00:00+00:00,2967,1.18094,1.18101,1.1803,1.18043,1.18035,1.18051,0.00015999999999993797
2026-04-16 06:00:00+00:00,5443,1.18044,1.18069,1.17935,1.18034,1.18025,1.18043,0.000180000000000069
2026-04-16 07:00:00+00:00,7145,1.18034,1.18048,1.1791,1.17915,1.17906,1.17924,0.000180000000000069
2026-04-16 08:00:00+00:00,7105,1.17916,1.1794,1.17766,1.17864,1.17856,1.17871,0.00014999999999987246
2026-04-16 09:00:00+00:00,5069,1.17863,1.17877,1.17769,1.17796,1.17788,1.17804,0.00015999999999993797
2026-04-16 10:00:00+00:00,3640,1.17796,1.17804,1.17726,1.178,1.17792,1.17808,0.00015999999999993797
2026-04-16 11:00:00+00:00,5306,1.178,1.17887,1.178,1.1784,1.17831,1.17848,0.00017000000000000348
2026-04-16 12:00:00+00:00,6889,1.1784,1.17847,1.1776,1.17816,1.17807,1.17824,0.00017000000000000348
2026-04-16 13:00:00+00:00,8682,1.17817,1.17836,1.17669,1.17724,1.17716,1.17731,0.0001500000000000945
2026-04-16 14:00:00+00:00,11998,1.17726,1.17822,1.1769,1.17718,1.1771,1.17725,0.00014999999999987246
2026-04-16 15:00:00+00:00,9574,1.17716,1.1782,1.177,1.1782,1.17812,1.17829,0.00017000000000000348
2026-04-16 16:00:00+00:00,7634,1.17822,1.17872,1.17688,1.1775,1.17741,1.17758,0.00017000000000000348
2026-04-16 17:00:00+00:00,4960,1.1775,1.17756,1.17682,1.17738,1.17729,1.17746,0.00017000000000000348
2026-04-16 18:00:00+00:00,6076,1.17738,1.17811,1.17734,1.17798,1.1779,1.17806,0.00016000000000016001
2026-04-16 19:00:00+00:00,3635,1.17798,1.17858,1.17798,1.17812,1.17804,1.17819,0.0001500000000000945
2026-04-16 20:00:00+00:00,1585,1.17813,1.17834,1.17786,1.17826,1.17815,1.17837,0.00021999999999988695
2026-04-16 21:00:00+00:00,378,1.17793,1.17831,1.17793,1.1782,1.17789,1.17852,0.0006299999999999084
2026-04-16 22:00:00+00:00,1083,1.1782,1.17872,1.17806,1.17854,1.17845,1.17862,0.00017000000000000348
2026-04-16 23:00:00+00:00,1416,1.17852,1.17864,1.17808,1.17811,1.17804,1.17818,0.000140000000000029
2026-04-17 00:00:00+00:00,3536,1.1781,1.17833,1.17771,1.1779,1.17782,1.17798,0.00015999999999993797
2026-04-17 01:00:00+00:00,3553,1.1779,1.17798,1.17746,1.1776,1.17751,1.17769,0.00017999999999984695
2026-04-17 02:00:00+00:00,2087,1.17761,1.17778,1.17731,1.17772,1.17763,1.1778,0.00017000000000000348
2026-04-17 03:00:00+00:00,1955,1.17772,1.17854,1.17754,1.17833,1.17825,1.17841,0.00015999999999993797
2026-04-17 04:00:00+00:00,1828,1.17834,1.17844,1.17816,1.17827,1.17819,1.17835,0.00015999999999993797
2026-04-17 05:00:00+00:00,2999,1.17826,1.17844,1.17799,1.17808,1.178,1.17815,0.0001500000000000945
2026-04-17 06:00:00+00:00,4908,1.17808,1.17831,1.17724,1.1775,1.17741,1.17758,0.00017000000000000348
2026-04-17 07:00:00+00:00,6075,1.17752,1.17832,1.1775,1.17824,1.17816,1.17832,0.00015999999999993797
2026-04-17 08:00:00+00:00,4989,1.17824,1.17957,1.17808,1.17939,1.1793,1.17948,0.000180000000000069
2026-04-17 09:00:00+00:00,4923,1.1794,1.17994,1.1791,1.17934,1.17927,1.17942,0.00014999999999987246
2026-04-17 10:00:00+00:00,3818,1.17933,1.1796,1.17913,1.17946,1.17937,1.17954,0.00017000000000000348
2026-04-17 11:00:00+00:00,3999,1.17945,1.17994,1.1792,1.17937,1.17929,1.17945,0.00016000000000016001
2026-04-17 12:00:00+00:00,17450,1.17939,1.18374,1.17934,1.18354,1.18345,1.18362,0.00017000000000000348
2026-04-17 13:00:00+00:00,25705,1.18355,1.18492,1.18242,1.18338,1.18331,1.18345,0.00013999999999980695
2026-04-17 14:00:00+00:00,17086,1.18337,1.1836,1.18134,1.18137,1.18129,1.18145,0.00015999999999993797
2026-04-17 15:00:00+00:00,14914,1.18138,1.18166,1.17998,1.18006,1.17998,1.18014,0.00015999999999993797
2026-04-17 16:00:00+00:00,7083,1.18006,1.18048,1.17919,1.17988,1.1798,1.17996,0.00015999999999993797
2026-04-17 17:00:00+00:00,9426,1.17986,1.17986,1.17849,1.17954,1.17946,1.17963,0.00017000000000000348
2026-04-17 18:00:00+00:00,7636,1.17955,1.17977,1.17744,1.178,1.17793,1.17808,0.0001500000000000945
2026-04-17 19:00:00+00:00,5236,1.17799,1.1784,1.17671,1.1769,1.17681,1.17699,0.000180000000000069
2026-04-17 20:00:00+00:00,3863,1.1769,1.17721,1.17606,1.17638,1.1763,1.17647,0.00017000000000000348
2026-04-19 21:00:00+00:00,1325,1.17408,1.17434,1.17304,1.17322,1.17303,1.1734,0.00036999999999998145
2026-04-19 22:00:00+00:00,5704,1.17322,1.17402,1.17286,1.174,1.17391,1.17408,0.00017000000000000348
2026-04-19 23:00:00+00:00,3871,1.174,1.17456,1.17364,1.1739,1.17381,1.17398,0.00017000000000000348
2026-04-20 00:00:00+00:00,6545,1.1739,1.17572,1.17371,1.17545,1.17537,1.17553,0.00015999999999993797
2026-04-20 01:00:00+00:00,4824,1.17544,1.176,1.17506,1.17568,1.1756,1.17577,0.00017000000000000348
2026-04-20 02:00:00+00:00,2805,1.17569,1.17617,1.17546,1.1757,1.17562,1.17577,0.00014999999999987246
2026-04-20 03:00:00+00:00,2395,1.17568,1.17626,1.17548,1.17602,1.17594,1.17609,0.0001500000000000945
2026-04-20 04:00:00+00:00,2231,1.17603,1.17622,1.17564,1.17592,1.17583,1.176,0.00017000000000000348
2026-04-20 05:00:00+00:00,4300,1.1759,1.17608,1.1747,1.17532,1.17525,1.17539,0.000140000000000029
2026-04-20 06:00:00+00:00,8500,1.1753,1.17657,1.17476,1.17652,1.17644,1.17659,0.0001500000000000945
2026-04-20 07:00:00+00:00,9628,1.17651,1.1772,1.17536,1.17594,1.17586,1.17601,0.0001500000000000945
2026-04-20 08:00:00+00:00,7137,1.17593,1.17649,1.17568,1.17612,1.17604,1.1762,0.00015999999999993797
2026-04-20 09:00:00+00:00,5717,1.17612,1.17658,1.17552,1.17654,1.17646,1.17663,0.00017000000000000348
2026-04-20 10:00:00+00:00,4657,1.17656,1.17716,1.17624,1.17706,1.17698,1.17715,0.00017000000000000348
2026-04-20 11:00:00+00:00,4985,1.17707,1.17755,1.17654,1.1767,1.17662,1.17679,0.00017000000000000348
2026-04-20 12:00:00+00:00,6702,1.1767,1.17684,1.1756,1.1765,1.17642,1.17659,0.00017000000000000348
2026-04-20 13:00:00+00:00,11994,1.17651,1.17817,1.17613,1.17752,1.17744,1.17759,0.00014999999999987246
2026-04-20 14:00:00+00:00,13660,1.17751,1.17782,1.17624,1.1772,1.17713,1.17728,0.0001500000000000945
2026-04-20 15:00:00+00:00,11926,1.1772,1.17896,1.17684,1.17841,1.17832,1.1785,0.000180000000000069
2026-04-20 16:00:00+00:00,6028,1.17842,1.17881,1.17819,1.17858,1.17851,1.17865,0.000140000000000029
2026-04-20 17:00:00+00:00,4639,1.17859,1.17904,1.17815,1.17837,1.17829,1.17845,0.00015999999999993797
2026-04-20 18:00:00+00:00,5786,1.17838,1.17898,1.17788,1.17802,1.17794,1.1781,0.00015999999999993797
2026-04-20 19:00:00+00:00,3341,1.178,1.17888,1.17798,1.1786,1.17853,1.17868,0.00014999999999987246
2026-04-20 20:00:00+00:00,1997,1.17862,1.17888,1.17836,1.17872,1.17863,1.1788,0.00017000000000000348
2026-04-20 21:00:00+00:00,939,1.17876,1.17887,1.17854,1.17876,1.17851,1.179,0.0004900000000001015
2026-04-20 22:00:00+00:00,1813,1.17872,1.17905,1.17856,1.17905,1.17897,1.17913,0.00015999999999993797
2026-04-20 23:00:00+00:00,1293,1.17908,1.17911,1.17832,1.17842,1.17834,1.17851,0.00017000000000000348
2026-04-21 00:00:00+00:00,4757,1.17843,1.17857,1.17808,1.17829,1.17821,1.17837,0.00015999999999993797
2026-04-21 01:00:00+00:00,3328,1.1783,1.17862,1.17796,1.17804,1.17796,1.17813,0.00017000000000000348
2026-04-21 02:00:00+00:00,2569,1.17805,1.17823,1.1777,1.17794,1.17785,1.17802,0.00017000000000000348
2026-04-21 03:00:00+00:00,2069,1.17795,1.17796,1.17732,1.17756,1.17747,1.17764,0.00017000000000000348
2026-04-21 04:00:00+00:00,1841,1.17756,1.17766,1.17742,1.17756,1.17748,1.17764,0.00015999999999993797
2026-04-21 05:00:00+00:00,4397,1.17758,1.17823,1.17754,1.17784,1.17775,1.17792,0.00017000000000000348
2026-04-21 06:00:00+00:00,5707,1.17783,1.17802,1.1772,1.17747,1.17739,1.17755,0.00016000000000016001
2026-04-21 07:00:00+00:00,6863,1.17745,1.1777,1.17634,1.17642,1.17634,1.1765,0.00016000000000016001
2026-04-21 08:00:00+00:00,7404,1.17642,1.1767,1.1757,1.17653,1.17644,1.17662,0.000180000000000069
2026-04-21 09:00:00+00:00,5038,1.1765,1.1765,1.17565,1.17594,1.17587,1.17602,0.0001500000000000945
2026-04-21 10:00:00+00:00,3967,1.17594,1.17615,1.17566,1.17612,1.17603,1.1762,0.00017000000000000348
2026-04-21 11:00:00+00:00,5909,1.17613,1.17684,1.17561,1.17671,1.17663,1.17679,0.00015999999999993797
2026-04-21 12:00:00+00:00,8881,1.17672,1.17683,1.17542,1.17594,1.17586,1.17603,0.00017000000000000348
2026-04-21 13:00:00+00:00,8295,1.17594,1.17717,1.1758,1.17657,1.17648,1.17666,0.000180000000000069
2026-04-21 14:00:00+00:00,11769,1.17656,1.1776,1.1752,1.17524,1.17516,1.17533,0.00017000000000000348
2026-04-21 15:00:00+00:00,12123,1.17524,1.17598,1.17412,1.17514,1.17506,1.17522,0.00015999999999993797
2026-04-21 16:00:00+00:00,6801,1.17516,1.17558,1.17404,1.17416,1.17408,1.17423,0.0001500000000000945
2026-04-21 17:00:00+00:00,15868,1.17416,1.17638,1.172,1.17429,1.17421,1.17437,0.00015999999999993797
2026-04-21 18:00:00+00:00,11033,1.17428,1.17472,1.17294,1.17407,1.17399,1.17415,0.00015999999999993797
2026-04-21 19:00:00+00:00,17918,1.17409,1.17523,1.17188,1.17256,1.17248,1.17265,0.00017000000000000348
2026-04-21 20:00:00+00:00,12323,1.17256,1.17535,1.17234,1.17438,1.17428,1.17447,0.00018999999999991246
2026-04-21 21:00:00+00:00,1564,1.17476,1.17476,1.1735,1.17405,1.17391,1.17419,0.000280000000000058
2026-04-21 22:00:00+00:00,1654,1.17405,1.17439,1.17388,1.1739,1.17381,1.17398,0.00017000000000000348
2026-04-21 23:00:00+00:00,1744,1.17389,1.17442,1.17375,1.1744,1.17431,1.17449,0.000180000000000069
2026-04-22 00:00:00+00:00,4494,1.17439,1.17514,1.17431,1.17439,1.17431,1.17447,0.00015999999999993797
2026-04-22 01:00:00+00:00,4036,1.17438,1.1747,1.17386,1.17447,1.17439,1.17455,0.00015999999999993797
2026-04-22 02:00:00+00:00,2539,1.17448,1.17484,1.17398,1.17406,1.17399,1.17413,0.00013999999999980695
2026-04-22 03:00:00+00:00,2323,1.17406,1.17426,1.17377,1.17386,1.17377,1.17394,0.00017000000000000348
2026-04-22 04:00:00+00:00,1765,1.17385,1.17424,1.17384,1.17396,1.17388,1.17404,0.00015999999999993797
2026-04-22 05:00:00+00:00,7236,1.17396,1.17627,1.17391,1.17506,1.17499,1.17514,0.0001500000000000945
2026-04-22 06:00:00+00:00,5307,1.17506,1.17552,1.17448,1.17494,1.17486,1.17501,0.0001500000000000945
2026-04-22 07:00:00+00:00,5497,1.17493,1.17564,1.1746,1.17554,1.17546,1.17562,0.00016000000000016001
2026-04-22 08:00:00+00:00,6132,1.17556,1.17592,1.17474,1.17538,1.17529,1.17546,0.00017000000000000348
2026-04-22 09:00:00+00:00,5356,1.17535,1.17574,1.17466,1.17476,1.17468,1.17485,0.00017000000000000348
2026-04-22 10:00:00+00:00,4604,1.17477,1.17532,1.17438,1.17518,1.17509,1.17526,0.00017000000000000348
2026-04-22 11:00:00+00:00,6483,1.17516,1.17516,1.1732,1.17346,1.17339,1.17354,0.0001500000000000945
2026-04-22 12:00:00+00:00,7442,1.17347,1.17378,1.17248,1.17277,1.17269,1.17285,0.00015999999999993797
2026-04-22 13:00:00+00:00,11498,1.17276,1.17432,1.1724,1.17408,1.17401,1.17416,0.0001500000000000945
2026-04-22 14:00:00+00:00,9866,1.1741,1.17432,1.17184,1.17186,1.17178,1.17193,0.00014999999999987246
2026-04-22 15:00:00+00:00,8831,1.17186,1.1724,1.17124,1.17132,1.17124,1.17141,0.00017000000000000348
2026-04-22 16:00:00+00:00,5572,1.17132,1.17158,1.171,1.17126,1.17118,1.17134,0.00015999999999993797
2026-04-22 17:00:00+00:00,4640,1.17128,1.1717,1.17101,1.17104,1.17096,1.17111,0.0001500000000000945
2026-04-22 18:00:00+00:00,3353,1.17104,1.1713,1.17076,1.17088,1.17081,1.17096,0.0001500000000000945
2026-04-22 19:00:00+00:00,3362,1.17089,1.17112,1.1705,1.17056,1.17049,1.17064,0.00014999999999987246
2026-04-22 20:00:00+00:00,2187,1.17058,1.17078,1.17032,1.17066,1.17054,1.17079,0.0002500000000000835
2026-04-22 21:00:00+00:00,535,1.17058,1.17092,1.17048,1.17084,1.17073,1.17096,0.00022999999999995246
2026-04-22 22:00:00+00:00,1024,1.17086,1.17092,1.17052,1.17063,1.17054,1.17072,0.000180000000000069
2026-04-22 23:00:00+00:00,917,1.17064,1.17072,1.17047,1.17057,1.17048,1.17066,0.000180000000000069
2026-04-23 00:00:00+00:00,12360,1.17058,1.17137,1.16924,1.17118,1.1711,1.17126,0.00015999999999993797
2026-04-23 01:00:00+00:00,5195,1.17118,1.1713,1.17078,1.17092,1.17084,1.171,0.00015999999999993797
2026-04-23 02:00:00+00:00,4878,1.17092,1.17105,1.1696,1.16974,1.16965,1.16982,0.00017000000000000348
2026-04-23 03:00:00+00:00,4599,1.16975,1.17018,1.16949,1.16956,1.16948,1.16965,0.00017000000000000348
2026-04-23 04:00:00+00:00,2507,1.16956,1.17007,1.16952,1.17002,1.16995,1.1701,0.00014999999999987246
2026-04-23 05:00:00+00:00,3227,1.17003,1.17072,1.16996,1.17072,1.17064,1.17079,0.0001500000000000945
2026-04-23 06:00:00+00:00,4568,1.1707,1.17091,1.1702,1.17036,1.17028,1.17044,0.00015999999999993797
2026-04-23 07:00:00+00:00,8334,1.17036,1.1712,1.16954,1.17026,1.17017,1.17035,0.000180000000000069
2026-04-23 08:00:00+00:00,6305,1.17026,1.17054,1.16966,1.17016,1.17008,1.17024,0.00015999999999993797
2026-04-23 09:00:00+00:00,6420,1.17016,1.17024,1.16904,1.16937,1.16929,1.16945,0.00016000000000016001
2026-04-23 10:00:00+00:00,5903,1.16935,1.16962,1.16797,1.16824,1.16816,1.16831,0.00014999999999987246
2026-04-23 11:00:00+00:00,7695,1.16825,1.16978,1.1679,1.16908,1.16899,1.16916,0.00017000000000000348
2026-04-23 12:00:00+00:00,11824,1.16907,1.16982,1.16862,1.1692,1.16913,1.16928,0.0001500000000000945
2026-04-23 13:00:00+00:00,10172,1.16922,1.16968,1.16834,1.16912,1.16904,1.16919,0.00014999999999987246
2026-04-23 14:00:00+00:00,10009,1.16914,1.17166,1.16874,1.17108,1.171,1.17116,0.00015999999999993797
2026-04-23 15:00:00+00:00,8787,1.17108,1.17155,1.17008,1.17034,1.17025,1.17043,0.000180000000000069
2026-04-23 16:00:00+00:00,5496,1.17036,1.17056,1.16984,1.17022,1.17014,1.1703,0.00015999999999993797
2026-04-23 17:00:00+00:00,24095,1.17022,1.17028,1.16692,1.16929,1.16921,1.16937,0.00015999999999993797
2026-04-23 18:00:00+00:00,13258,1.1693,1.17,1.1688,1.16892,1.16883,1.169,0.00017000000000000348
2026-04-23 19:00:00+00:00,6887,1.1689,1.16904,1.16803,1.16866,1.16857,1.16875,0.00017999999999984695
2026-04-23 20:00:00+00:00,3099,1.16866,1.16868,1.16806,1.16827,1.1682,1.16834,0.000140000000000029
2026-04-23 21:00:00+00:00,3995,1.16836,1.169,1.168,1.16855,1.16843,1.16867,0.00024000000000001798
2026-04-23 22:00:00+00:00,973,1.16863,1.16869,1.16852,1.16862,1.16853,1.1687,0.00017000000000000348
2026-04-23 23:00:00+00:00,1150,1.1686,1.16862,1.16821,1.16836,1.16827,1.16844,0.00017000000000000348
2026-04-24 00:00:00+00:00,4456,1.16836,1.16886,1.16819,1.16854,1.16846,1.16862,0.00015999999999993797
2026-04-24 01:00:00+00:00,4085,1.16854,1.16888,1.16822,1.16887,1.16879,1.16895,0.00015999999999993797
2026-04-24 02:00:00+00:00,2970,1.16889,1.16894,1.16782,1.1679,1.16783,1.16798,0.0001500000000000945
2026-04-24 03:00:00+00:00,2792,1.16791,1.16802,1.16729,1.1678,1.16772,1.16789,0.00017000000000000348
2026-04-24 04:00:00+00:00,2344,1.1678,1.16817,1.16766,1.16792,1.16784,1.16799,0.0001500000000000945
2026-04-24 05:00:00+00:00,2681,1.16792,1.16832,1.16766,1.16821,1.16813,1.16829,0.00016000000000016001
2026-04-24 06:00:00+00:00,4350,1.16824,1.16838,1.16775,1.16786,1.16778,1.16793,0.00014999999999987246
2026-04-24 07:00:00+00:00,5142,1.16785,1.16939,1.16762,1.16909,1.16899,1.16919,0.00019999999999997797
2026-04-24 08:00:00+00:00,7225,1.16908,1.1696,1.16839,1.16898,1.1689,1.16906,0.00015999999999993797
2026-04-24 09:00:00+00:00,4442,1.169,1.16908,1.16842,1.16865,1.16857,1.16873,0.00015999999999993797
2026-04-24 10:00:00+00:00,4361,1.16864,1.17036,1.16856,1.17033,1.17024,1.17042,0.000180000000000069
2026-04-24 11:00:00+00:00,13649,1.17034,1.17186,1.17028,1.17146,1.17139,1.17154,0.0001500000000000945
2026-04-24 12:00:00+00:00,8432,1.17148,1.17176,1.17028,1.17088,1.1708,1.17097,0.00017000000000000348
2026-04-24 13:00:00+00:00,9307,1.1709,1.17127,1.16986,1.17068,1.17059,1.17077,0.000180000000000069
2026-04-24 14:00:00+00:00,13442,1.17068,1.17171,1.17002,1.17064,1.17056,1.17071,0.00014999999999987246
2026-04-24 15:00:00+00:00,11269,1.17064,1.17198,1.17006,1.17175,1.17167,1.17183,0.00015999999999993797
2026-04-24 16:00:00+00:00,6460,1.17176,1.17198,1.1713,1.17191,1.17184,1.17198,0.000140000000000029
2026-04-24 17:00:00+00:00,5578,1.17192,1.17213,1.17121,1.17136,1.17127,1.17144,0.00017000000000000348
2026-04-24 18:00:00+00:00,3912,1.17136,1.17198,1.17112,1.17178,1.1717,1.17186,0.00015999999999993797
2026-04-24 19:00:00+00:00,4111,1.1718,1.1721,1.17155,1.17188,1.1718,1.17195,0.0001500000000000945
2026-04-24 20:00:00+00:00,3007,1.17186,1.17236,1.17167,1.17187,1.1717,1.17204,0.00034000000000000696
2026-04-26 21:00:00+00:00,799,1.16999,1.17104,1.16994,1.17082,1.17043,1.17122,0.0007899999999998464
2026-04-26 22:00:00+00:00,1917,1.17086,1.17134,1.17043,1.17081,1.17072,1.1709,0.000180000000000069
2026-04-26 23:00:00+00:00,1215,1.17082,1.17096,1.17053,1.17056,1.17048,1.17063,0.0001500000000000945
2026-04-27 00:00:00+00:00,4401,1.17056,1.17172,1.17056,1.17162,1.17153,1.1717,0.00017000000000000348
2026-04-27 01:00:00+00:00,6726,1.17162,1.1727,1.17162,1.17244,1.17236,1.17253,0.00017000000000000348
2026-04-27 02:00:00+00:00,2832,1.17246,1.17283,1.17196,1.17266,1.17258,1.17274,0.00015999999999993797
2026-04-27 03:00:00+00:00,2419,1.17264,1.17327,1.17264,1.17294,1.17287,1.17302,0.00014999999999987246
2026-04-27 04:00:00+00:00,2235,1.17292,1.17316,1.17252,1.17267,1.17259,1.17275,0.00015999999999993797
2026-04-27 05:00:00+00:00,3170,1.17266,1.1728,1.17222,1.17224,1.17217,1.17232,0.0001500000000000945
2026-04-27 06:00:00+00:00,4757,1.17225,1.17298,1.17168,1.17298,1.1729,1.17306,0.00015999999999993797
2026-04-27 07:00:00+00:00,5549,1.17298,1.17454,1.17293,1.1744,1.17433,1.17448,0.00014999999999987246
2026-04-27 08:00:00+00:00,6217,1.17437,1.17509,1.17392,1.17485,1.17478,1.17492,0.000140000000000029
2026-04-27 09:00:00+00:00,4165,1.17486,1.17509,1.1741,1.17422,1.17415,1.1743,0.00014999999999987246
2026-04-27 10:00:00+00:00,3448,1.17422,1.17479,1.1739,1.1746,1.17453,1.17468,0.00014999999999987246
2026-04-27 11:00:00+00:00,3926,1.17461,1.17471,1.17379,1.17412,1.17404,1.1742,0.00015999999999993797
2026-04-27 12:00:00+00:00,6434,1.17412,1.1755,1.17408,1.17444,1.17437,1.17452,0.0001500000000000945
2026-04-27 13:00:00+00:00,8351,1.17445,1.17542,1.17358,1.174,1.17392,1.17408,0.00015999999999993797
2026-04-27 14:00:00+00:00,8490,1.174,1.17482,1.17332,1.17361,1.17353,1.17369,0.00015999999999993797
2026-04-27 15:00:00+00:00,5863,1.17362,1.17369,1.17293,1.17308,1.173,1.17315,0.00014999999999987246
2026-04-27 16:00:00+00:00,3676,1.17308,1.17339,1.17252,1.1726,1.17252,1.17269,0.00017000000000000348
2026-04-27 17:00:00+00:00,4641,1.1726,1.17301,1.17202,1.17231,1.17223,1.17239,0.00015999999999993797
2026-04-27 18:00:00+00:00,2637,1.17232,1.17248,1.17189,1.17201,1.17193,1.17209,0.00016000000000016001
2026-04-27 19:00:00+00:00,2961,1.172,1.1726,1.17192,1.17207,1.17199,1.17215,0.00015999999999993797
2026-04-27 20:00:00+00:00,1177,1.17208,1.17232,1.17198,1.17208,1.17191,1.17224,0.00032999999999994145
2026-04-27 21:00:00+00:00,985,1.17218,1.17225,1.17199,1.1722,1.17193,1.17247,0.0005399999999999849
2026-04-27 22:00:00+00:00,1343,1.1722,1.17232,1.17192,1.17223,1.17215,1.17231,0.00015999999999993797
2026-04-27 23:00:00+00:00,1088,1.17224,1.17232,1.17214,1.17231,1.17223,1.17239,0.00015999999999993797
2026-04-28 00:00:00+00:00,3774,1.17232,1.1727,1.17172,1.17188,1.17181,1.17196,0.00014999999999987246
2026-04-28 01:00:00+00:00,3890,1.17186,1.17188,1.17124,1.17128,1.1712,1.17137,0.00017000000000000348
2026-04-28 02:00:00+00:00,2630,1.17127,1.17136,1.1708,1.17084,1.17077,1.17092,0.00014999999999987246
2026-04-28 03:00:00+00:00,3846,1.17085,1.1718,1.17082,1.17132,1.17124,1.17141,0.00017000000000000348
2026-04-28 04:00:00+00:00,2106,1.17134,1.17164,1.17118,1.17126,1.17117,1.17134,0.00017000000000000348
2026-04-28 05:00:00+00:00,3403,1.17126,1.17134,1.17053,1.17061,1.17053,1.17069,0.00015999999999993797
2026-04-28 06:00:00+00:00,6617,1.1706,1.17081,1.16872,1.16876,1.16868,1.16884,0.00016000000000016001
2026-04-28 07:00:00+00:00,7228,1.16876,1.1701,1.1686,1.16966,1.16959,1.16973,0.000140000000000029
2026-04-28 08:00:00+00:00,7337,1.16967,1.17078,1.16949,1.17023,1.17015,1.17031,0.00015999999999993797
2026-04-28 09:00:00+00:00,6279,1.1702,1.17022,1.16864,1.16922,1.16914,1.16931,0.00017000000000000348
2026-04-28 10:00:00+00:00,5917,1.16924,1.16958,1.16905,1.16934,1.16925,1.16942,0.00017000000000000348
2026-04-28 11:00:00+00:00,8084,1.16931,1.16994,1.16822,1.16829,1.16821,1.16837,0.00015999999999993797
2026-04-28 12:00:00+00:00,10668,1.1683,1.17,1.16775,1.16969,1.16961,1.16977,0.00015999999999993797
2026-04-28 13:00:00+00:00,11095,1.1697,1.17038,1.16884,1.16975,1.16966,1.16984,0.000180000000000069
2026-04-28 14:00:00+00:00,12369,1.16974,1.17034,1.16906,1.17009,1.17001,1.17017,0.00015999999999993797
2026-04-28 15:00:00+00:00,9087,1.1701,1.17158,1.17009,1.17137,1.17129,1.17145,0.00016000000000016001
2026-04-28 16:00:00+00:00,5325,1.17138,1.1717,1.17054,1.17105,1.17097,1.17113,0.00015999999999993797
2026-04-28 17:00:00+00:00,4641,1.17104,1.17177,1.17066,1.17136,1.17129,1.17144,0.0001500000000000945
2026-04-28 18:00:00+00:00,3741,1.17138,1.17162,1.17112,1.17118,1.1711,1.17125,0.00014999999999987246
2026-04-28 19:00:00+00:00,2837,1.17117,1.17152,1.1707,1.171,1.17091,1.17108,0.00017000000000000348
2026-04-28 20:00:00+00:00,1863,1.17097,1.17153,1.17094,1.17127,1.17117,1.17137,0.00019999999999997797
2026-04-28 21:00:00+00:00,305,1.1713,1.17161,1.17129,1.17142,1.17118,1.17165,0.00046999999999997044
2026-04-28 22:00:00+00:00,2201,1.17143,1.17184,1.17142,1.17158,1.17149,1.17166,0.00017000000000000348
2026-04-28 23:00:00+00:00,838,1.17158,1.17178,1.17154,1.17177,1.17169,1.17185,0.00016000000000016001
2026-04-29 00:00:00+00:00,2290,1.17177,1.17208,1.17146,1.17156,1.17148,1.17165,0.00017000000000000348
2026-04-29 01:00:00+00:00,5658,1.17158,1.17162,1.1707,1.17121,1.17113,1.17129,0.00015999999999993797
2026-04-29 02:00:00+00:00,3368,1.17124,1.17168,1.17072,1.17076,1.17068,1.17084,0.00016000000000016001
2026-04-29 03:00:00+00:00,2010,1.17076,1.17108,1.17051,1.1706,1.17051,1.17068,0.00017000000000000348
2026-04-29 04:00:00+00:00,1217,1.1706,1.17078,1.17044,1.17056,1.17048,1.17065,0.00017000000000000348
2026-04-29 05:00:00+00:00,3094,1.17057,1.17058,1.16982,1.17007,1.16999,1.17015,0.00015999999999993797
2026-04-29 06:00:00+00:00,4585,1.17008,1.17042,1.16965,1.16999,1.16991,1.17007,0.00015999999999993797
2026-04-29 07:00:00+00:00,6172,1.16991,1.17083,1.16982,1.17054,1.17046,1.17061,0.00014999999999987246
2026-04-29 08:00:00+00:00,6799,1.17053,1.17058,1.16936,1.17002,1.16994,1.17009,0.0001500000000000945
2026-04-29 09:00:00+00:00,5191,1.17003,1.17045,1.1696,1.16976,1.16968,1.16984,0.00015999999999993797
2026-04-29 10:00:00+00:00,4120,1.16976,1.17094,1.16964,1.17092,1.17083,1.17102,0.00018999999999991246
2026-04-29 11:00:00+00:00,5268,1.17094,1.17098,1.16998,1.17011,1.17003,1.17019,0.00016000000000016001
2026-04-29 12:00:00+00:00,8764,1.17011,1.17082,1.16935,1.1699,1.16982,1.16998,0.00015999999999993797
2026-04-29 13:00:00+00:00,12188,1.1699,1.17034,1.16826,1.16888,1.1688,1.16896,0.00015999999999993797
2026-04-29 14:00:00+00:00,10677,1.16886,1.17032,1.16838,1.1701,1.17002,1.17018,0.00015999999999993797
2026-04-29 15:00:00+00:00,12007,1.1701,1.17042,1.16874,1.16948,1.1694,1.16956,0.00015999999999993797
2026-04-29 16:00:00+00:00,7563,1.16948,1.16988,1.16836,1.16847,1.16839,1.16855,0.00015999999999993797
2026-04-29 17:00:00+00:00,7075,1.16846,1.1689,1.16798,1.16875,1.16862,1.16888,0.00025999999999992696
2026-04-29 18:00:00+00:00,20218,1.1687,1.1691,1.16612,1.16722,1.16715,1.1673,0.0001500000000000945
2026-04-29 19:00:00+00:00,8603,1.16721,1.16806,1.16672,1.16763,1.16755,1.16771,0.00015999999999993797
2026-04-29 20:00:00+00:00,4316,1.16762,1.16776,1.16708,1.16758,1.16747,1.16769,0.00021999999999988695
2026-04-29 21:00:00+00:00,2890,1.16789,1.16803,1.16741,1.1675,1.16717,1.16782,0.0006500000000000394
2026-04-29 22:00:00+00:00,1986,1.16752,1.16788,1.16711,1.16778,1.1677,1.16787,0.00017000000000000348
2026-04-29 23:00:00+00:00,1575,1.1678,1.16865,1.1676,1.16846,1.16838,1.16854,0.00015999999999993797
2026-04-30 00:00:00+00:00,5498,1.16846,1.16896,1.16792,1.16793,1.16785,1.16801,0.00015999999999993797
2026-04-30 01:00:00+00:00,4780,1.16792,1.16818,1.16733,1.16745,1.16738,1.16752,0.00013999999999980695
2026-04-30 02:00:00+00:00,5444,1.16744,1.16766,1.16626,1.1667,1.16662,1.16677,0.0001500000000000945
2026-04-30 03:00:00+00:00,4241,1.1667,1.16712,1.16648,1.1666,1.16652,1.16667,0.0001500000000000945
2026-04-30 04:00:00+00:00,4729,1.16659,1.16662,1.16551,1.16601,1.16593,1.16609,0.00016000000000016001
2026-04-30 05:00:00+00:00,4190,1.16602,1.16647,1.16589,1.16594,1.16586,1.16601,0.0001500000000000945
2026-04-30 06:00:00+00:00,6466,1.16592,1.16706,1.1658,1.16703,1.16696,1.1671,0.000140000000000029
2026-04-30 07:00:00+00:00,7828,1.16702,1.1684,1.167,1.16796,1.16788,1.16805,0.00017000000000000348
2026-04-30 08:00:00+00:00,11749,1.16797,1.16976,1.16742,1.168,1.1679,1.16811,0.00021000000000004349
2026-04-30 09:00:00+00:00,10816,1.16802,1.16974,1.16732,1.16945,1.16938,1.16952,0.00013999999999980695
2026-04-30 10:00:00+00:00,22536,1.16946,1.17154,1.1689,1.1715,1.17142,1.17159,0.00017000000000000348
2026-04-30 11:00:00+00:00,21550,1.17149,1.17197,1.17032,1.1705,1.17042,1.17057,0.0001500000000000945
2026-04-30 12:00:00+00:00,17279,1.17048,1.17058,1.16894,1.16926,1.16918,1.16933,0.00014999999999987246
2026-04-30 13:00:00+00:00,20400,1.16926,1.17011,1.16819,1.16902,1.16893,1.1691,0.00017000000000000348
2026-04-30 14:00:00+00:00,20995,1.16901,1.17334,1.16877,1.17278,1.17271,1.17285,0.000140000000000029
2026-04-30 15:00:00+00:00,13984,1.17278,1.17358,1.17229,1.17284,1.17277,1.17292,0.00014999999999987246
2026-04-30 16:00:00+00:00,6989,1.17285,1.17356,1.1723,1.17256,1.17248,1.17263,0.0001500000000000945
2026-04-30 17:00:00+00:00,6400,1.17255,1.17325,1.1722,1.1725,1.17243,1.17258,0.00014999999999987246
2026-04-30 18:00:00+00:00,5432,1.17251,1.17402,1.17251,1.17364,1.17356,1.17372,0.00016000000000016001
2026-04-30 19:00:00+00:00,6310,1.17362,1.17418,1.17324,1.17335,1.17327,1.17343,0.00015999999999993797
2026-04-30 20:00:00+00:00,4466,1.17336,1.17365,1.17296,1.17308,1.17285,1.17331,0.000460000000000127
2026-04-30 21:00:00+00:00,1371,1.17306,1.17356,1.17304,1.17331,1.17299,1.17363,0.0006399999999999739
2026-04-30 22:00:00+00:00,1393,1.17345,1.17363,1.17294,1.17314,1.17305,1.17323,0.000180000000000069
2026-04-30 23:00:00+00:00,2402,1.17314,1.17332,1.17283,1.17288,1.1728,1.17296,0.00015999999999993797
2026-05-01 00:00:00+00:00,5068,1.17289,1.17299,1.17243,1.17276,1.17269,1.17284,0.0001500000000000945
2026-05-01 01:00:00+00:00,3206,1.17277,1.17332,1.17252,1.17312,1.17303,1.1732,0.00017000000000000348
2026-05-01 02:00:00+00:00,2570,1.17311,1.17342,1.17296,1.17338,1.17329,1.17346,0.00017000000000000348
2026-05-01 03:00:00+00:00,2530,1.17338,1.17364,1.17306,1.17311,1.17303,1.17319,0.00015999999999993797
2026-05-01 04:00:00+00:00,2361,1.17312,1.17322,1.1726,1.17268,1.17259,1.17276,0.00017000000000000348
2026-05-01 05:00:00+00:00,2413,1.17268,1.17271,1.17218,1.17226,1.17217,1.17234,0.00017000000000000348
2026-05-01 06:00:00+00:00,9023,1.17226,1.17452,1.17188,1.17355,1.17346,1.17364,0.000180000000000069
2026-05-01 07:00:00+00:00,10402,1.17354,1.1742,1.17315,1.17346,1.17339,1.17354,0.0001500000000000945
2026-05-01 08:00:00+00:00,6290,1.17345,1.17482,1.17319,1.17436,1.17428,1.17443,0.0001500000000000945
2026-05-01 09:00:00+00:00,5199,1.17436,1.17438,1.17308,1.17314,1.17305,1.17323,0.000180000000000069
2026-05-01 10:00:00+00:00,4549,1.17314,1.17459,1.1731,1.17448,1.17441,1.17455,0.000140000000000029
2026-05-01 11:00:00+00:00,5564,1.17448,1.17583,1.1744,1.17514,1.17506,1.17522,0.00015999999999993797
2026-05-01 12:00:00+00:00,9648,1.17514,1.17688,1.17482,1.17576,1.17567,1.17584,0.00017000000000000348
2026-05-01 13:00:00+00:00,11946,1.17575,1.17638,1.1744,1.17622,1.17609,1.17634,0.00024999999999986144
2026-05-01 14:00:00+00:00,15740,1.1762,1.17852,1.17608,1.17674,1.17667,1.17682,0.00014999999999987246
2026-05-01 15:00:00+00:00,11728,1.17675,1.17708,1.17532,1.1755,1.17543,1.17558,0.0001500000000000945
2026-05-01 16:00:00+00:00,8895,1.1755,1.17572,1.17378,1.17382,1.17374,1.1739,0.00015999999999993797
2026-05-01 17:00:00+00:00,5727,1.17382,1.17404,1.17293,1.17331,1.17322,1.1734,0.000180000000000069
2026-05-01 18:00:00+00:00,7115,1.17332,1.17342,1.17197,1.17274,1.17265,1.17282,0.00017000000000000348
2026-05-01 19:00:00+00:00,3400,1.17274,1.17285,1.17178,1.17197,1.17189,1.17205,0.00015999999999993797
2026-05-01 20:00:00+00:00,3074,1.17196,1.17228,1.17156,1.17212,1.17198,1.17227,0.00028999999999990145
2026-05-03 21:00:00+00:00,956,1.17478,1.17502,1.17389,1.17414,1.17378,1.17451,0.0007299999999998974
2026-05-03 22:00:00+00:00,2938,1.17407,1.17422,1.17271,1.17333,1.17324,1.17342,0.00017999999999984695
2026-05-03 23:00:00+00:00,2250,1.17332,1.17334,1.17252,1.1726,1.17252,1.17268,0.00015999999999993797
2026-05-04 00:00:00+00:00,5303,1.17258,1.17288,1.17216,1.17271,1.17263,1.17279,0.00015999999999993797
2026-05-04 01:00:00+00:00,5671,1.1727,1.17294,1.17202,1.17251,1.17242,1.1726,0.000180000000000069
2026-05-04 02:00:00+00:00,3748,1.17252,1.17288,1.17226,1.17276,1.17268,1.17284,0.00016000000000016001
2026-05-04 03:00:00+00:00,8388,1.17274,1.1739,1.17246,1.17375,1.17367,1.17383,0.00015999999999993797
2026-05-04 04:00:00+00:00,3654,1.17376,1.17384,1.17276,1.17292,1.17284,1.17299,0.00014999999999987246
2026-05-04 05:00:00+00:00,4312,1.17292,1.17324,1.17258,1.17306,1.17298,1.17315,0.00017000000000000348
2026-05-04 06:00:00+00:00,6370,1.17307,1.17372,1.17216,1.17288,1.1728,1.17297,0.00017000000000000348
2026-05-04 07:00:00+00:00,6751,1.17288,1.17292,1.17153,1.17178,1.1717,1.17186,0.00015999999999993797
2026-05-04 08:00:00+00:00,6083,1.17178,1.17231,1.17114,1.17192,1.17184,1.17201,0.00017000000000000348
2026-05-04 09:00:00+00:00,4790,1.17194,1.1724,1.17159,1.17174,1.17166,1.17182,0.00016000000000016001
2026-05-04 10:00:00+00:00,18020,1.17172,1.17174,1.16888,1.1705,1.17042,1.17059,0.00017000000000000348
2026-05-04 11:00:00+00:00,8394,1.17052,1.17086,1.16929,1.16932,1.16924,1.16941,0.00017000000000000348
2026-05-04 12:00:00+00:00,8230,1.16932,1.17124,1.16921,1.17092,1.17084,1.171,0.00015999999999993797
2026-05-04 13:00:00+00:00,12115,1.17092,1.17179,1.17021,1.17151,1.17144,1.17158,0.000140000000000029
2026-05-04 14:00:00+00:00,9981,1.17152,1.17164,1.17044,1.17072,1.17063,1.17082,0.00018999999999991246
2026-05-04 15:00:00+00:00,16693,1.17072,1.17158,1.16942,1.16974,1.16966,1.16983,0.00017000000000000348
2026-05-04 16:00:00+00:00,13626,1.16975,1.1701,1.1681,1.16823,1.16815,1.16831,0.00015999999999993797
2026-05-04 17:00:00+00:00,7679,1.16824,1.16972,1.16816,1.16936,1.16927,1.16945,0.000180000000000069
2026-05-04 18:00:00+00:00,5554,1.16936,1.1698,1.16884,1.16974,1.16966,1.16981,0.0001500000000000945
2026-05-04 19:00:00+00:00,6507,1.16973,1.17024,1.16936,1.16951,1.16943,1.16959,0.00015999999999993797
2026-05-04 20:00:00+00:00,2516,1.1695,1.1695,1.16872,1.16918,1.1691,1.16926,0.00015999999999993797
2026-05-04 21:00:00+00:00,484,1.16912,1.16931,1.16897,1.16906,1.16894,1.16918,0.00024000000000001798
2026-05-04 22:00:00+00:00,1020,1.1691,1.16924,1.1689,1.16901,1.16892,1.1691,0.000180000000000069
2026-05-04 23:00:00+00:00,823,1.169,1.1693,1.16898,1.16917,1.16909,1.16925,0.00015999999999993797
2026-05-05 00:00:00+00:00,3340,1.16918,1.1694,1.16851,1.16864,1.16856,1.16872,0.00015999999999993797
2026-05-05 01:00:00+00:00,3681,1.16864,1.16882,1.16798,1.16868,1.16861,1.16876,0.0001500000000000945
2026-05-05 02:00:00+00:00,2456,1.16869,1.16916,1.16862,1.16876,1.16868,1.16884,0.00016000000000016001
2026-05-05 03:00:00+00:00,1637,1.16874,1.16882,1.16836,1.1684,1.16833,1.16848,0.00014999999999987246
2026-05-05 04:00:00+00:00,2681,1.16839,1.16876,1.1677,1.16778,1.1677,1.16786,0.00015999999999993797
2026-05-05 05:00:00+00:00,3946,1.16776,1.16844,1.16766,1.16832,1.16824,1.16841,0.00017000000000000348
2026-05-05 06:00:00+00:00,6237,1.16831,1.16897,1.16796,1.1686,1.16852,1.16868,0.00015999999999993797
2026-05-05 07:00:00+00:00,7181,1.16862,1.16966,1.16858,1.16892,1.16884,1.16899,0.00014999999999987246
2026-05-05 08:00:00+00:00,6122,1.1689,1.16968,1.1685,1.16888,1.16879,1.16897,0.000180000000000069
2026-05-05 09:00:00+00:00,7439,1.16888,1.1693,1.16812,1.16903,1.16896,1.1691,0.000140000000000029
2026-05-05 10:00:00+00:00,4437,1.16902,1.16978,1.1687,1.16896,1.16887,1.16904,0.00017000000000000348
2026-05-05 11:00:00+00:00,6300,1.16895,1.16948,1.16834,1.16892,1.16883,1.169,0.00017000000000000348
2026-05-05 12:00:00+00:00,8609,1.1689,1.1698,1.16853,1.16924,1.16916,1.16933,0.00017000000000000348
2026-05-05 13:00:00+00:00,8240,1.16925,1.17048,1.16922,1.16976,1.16968,1.16984,0.00015999999999993797
2026-05-05 14:00:00+00:00,13847,1.16979,1.17059,1.16916,1.17058,1.1705,1.17065,0.00014999999999987246
2026-05-05 15:00:00+00:00,8406,1.17057,1.17136,1.17011,1.17065,1.17057,1.17073,0.00015999999999993797
2026-05-05 16:00:00+00:00,4502,1.17065,1.17089,1.16981,1.16994,1.16986,1.17003,0.00017000000000000348
2026-05-05 17:00:00+00:00,4563,1.16996,1.17042,1.16962,1.16988,1.1698,1.16997,0.00017000000000000348
2026-05-05 18:00:00+00:00,2638,1.16987,1.1701,1.16972,1.17,1.16992,1.17007,0.00014999999999987246
2026-05-05 19:00:00+00:00,2862,1.17001,1.17012,1.16942,1.16954,1.16946,1.16962,0.00016000000000016001
2026-05-05 20:00:00+00:00,1787,1.16952,1.16971,1.16923,1.1693,1.1692,1.1694,0.00019999999999997797
2026-05-05 21:00:00+00:00,367,1.16924,1.16942,1.16924,1.16931,1.16921,1.16941,0.00019999999999997797
2026-05-05 22:00:00+00:00,3204,1.1693,1.17095,1.16917,1.17058,1.17049,1.17066,0.00017000000000000348
2026-05-05 23:00:00+00:00,4962,1.17058,1.17256,1.17052,1.17148,1.17139,1.17156,0.00017000000000000348
2026-05-06 00:00:00+00:00,6478,1.17148,1.17216,1.17112,1.17204,1.17196,1.17211,0.0001500000000000945
2026-05-06 01:00:00+00:00,5292,1.17201,1.17262,1.17177,1.17214,1.17206,1.17222,0.00015999999999993797
2026-05-06 02:00:00+00:00,3315,1.17214,1.17248,1.17156,1.17174,1.17166,1.17181,0.0001500000000000945
2026-05-06 03:00:00+00:00,3112,1.17173,1.17232,1.17164,1.17178,1.1717,1.17186,0.00015999999999993797
2026-05-06 04:00:00+00:00,12970,1.17177,1.1743,1.17162,1.1737,1.17361,1.17378,0.00017000000000000348
2026-05-06 05:00:00+00:00,6178,1.1737,1.17382,1.17301,1.1733,1.17323,1.17338,0.0001500000000000945
2026-05-06 06:00:00+00:00,6464,1.17332,1.17358,1.17282,1.17334,1.17327,1.17342,0.00014999999999987246
2026-05-06 07:00:00+00:00,8427,1.17336,1.17384,1.17244,1.17376,1.17367,1.17384,0.00017000000000000348
2026-05-06 08:00:00+00:00,14179,1.17375,1.17708,1.17328,1.17625,1.17616,1.17634,0.00017999999999984695
2026-05-06 09:00:00+00:00,10720,1.17623,1.17774,1.17562,1.17752,1.17745,1.1776,0.00014999999999987246
2026-05-06 10:00:00+00:00,11893,1.1775,1.17967,1.17666,1.17892,1.17884,1.17899,0.00014999999999987246
2026-05-06 11:00:00+00:00,12320,1.1789,1.17917,1.17683,1.177,1.17692,1.17708,0.00015999999999993797
2026-05-06 12:00:00+00:00,13845,1.177,1.17702,1.17518,1.17537,1.1753,1.17544,0.000140000000000029
2026-05-06 13:00:00+00:00,13610,1.17536,1.17592,1.17464,1.17518,1.1751,1.17525,0.00014999999999987246
2026-05-06 14:00:00+00:00,12698,1.17515,1.1763,1.1745,1.17552,1.17545,1.17559,0.00013999999999980695
2026-05-06 15:00:00+00:00,8167,1.17551,1.17588,1.17487,1.17528,1.1752,1.17535,0.00014999999999987246
2026-05-06 16:00:00+00:00,6117,1.17527,1.17534,1.17418,1.17444,1.17436,1.17453,0.00017000000000000348
2026-05-06 17:00:00+00:00,5281,1.17444,1.17556,1.17429,1.17482,1.17473,1.1749,0.00017000000000000348
2026-05-06 18:00:00+00:00,4196,1.17483,1.17516,1.17448,1.17494,1.17486,1.17502,0.00015999999999993797
2026-05-06 19:00:00+00:00,4618,1.17493,1.17556,1.17475,1.17477,1.17469,1.17485,0.00015999999999993797
2026-05-06 20:00:00+00:00,2444,1.17478,1.17506,1.17449,1.17484,1.17476,1.17493,0.00017000000000000348
2026-05-06 21:00:00+00:00,916,1.17463,1.17504,1.17454,1.17503,1.17486,1.1752,0.00034000000000000696
2026-05-06 22:00:00+00:00,999,1.17504,1.17516,1.17494,1.17507,1.17499,1.17515,0.00015999999999993797
2026-05-06 23:00:00+00:00,1088,1.17507,1.17522,1.17465,1.1748,1.17472,1.17488,0.00015999999999993797
2026-05-07 00:00:00+00:00,6383,1.17478,1.17542,1.17468,1.17486,1.17478,1.17495,0.00017000000000000348
2026-05-07 01:00:00+00:00,6462,1.17487,1.17634,1.17466,1.17592,1.17583,1.176,0.00017000000000000348
2026-05-07 02:00:00+00:00,3321,1.1759,1.1761,1.17547,1.17566,1.17557,1.17574,0.00017000000000000348
2026-05-07 03:00:00+00:00,2799,1.17565,1.17566,1.17488,1.17488,1.17481,1.17496,0.0001500000000000945
2026-05-07 04:00:00+00:00,2283,1.17489,1.17536,1.17478,1.17508,1.17501,1.17516,0.00014999999999987246
2026-05-07 05:00:00+00:00,2975,1.17509,1.17538,1.175,1.17519,1.17511,1.17527,0.00015999999999993797
2026-05-07 06:00:00+00:00,6946,1.17518,1.17569,1.1745,1.17481,1.17473,1.17489,0.00015999999999993797
2026-05-07 07:00:00+00:00,11713,1.1748,1.17686,1.1748,1.17668,1.1766,1.17675,0.00014999999999987246
2026-05-07 08:00:00+00:00,7613,1.17669,1.17742,1.17631,1.17718,1.17709,1.17726,0.00017000000000000348
2026-05-07 09:00:00+00:00,6307,1.17718,1.17784,1.17658,1.17704,1.17696,1.17712,0.00015999999999993797
2026-05-07 10:00:00+00:00,6588,1.17704,1.17762,1.1765,1.17671,1.17664,1.17678,0.000140000000000029
2026-05-07 11:00:00+00:00,5674,1.17673,1.17704,1.17624,1.177,1.17692,1.17708,0.00015999999999993797
2026-05-07 12:00:00+00:00,7217,1.177,1.1778,1.17672,1.1773,1.17723,1.17737,0.000140000000000029
2026-05-07 13:00:00+00:00,10221,1.17729,1.17772,1.17666,1.17686,1.17677,1.17695,0.00017999999999984695
2026-05-07 14:00:00+00:00,9732,1.17685,1.17774,1.1764,1.17758,1.17751,1.17766,0.00014999999999987246
2026-05-07 15:00:00+00:00,10114,1.17759,1.1778,1.17631,1.17637,1.17629,1.17645,0.00015999999999993797
2026-05-07 16:00:00+00:00,8625,1.1764,1.1766,1.17565,1.17604,1.17597,1.17612,0.0001500000000000945
2026-05-07 17:00:00+00:00,12251,1.17607,1.1761,1.17358,1.1749,1.17481,1.17498,0.00017000000000000348
2026-05-07 18:00:00+00:00,10558,1.1749,1.17521,1.17398,1.17502,1.17493,1.1751,0.00017000000000000348
2026-05-07 19:00:00+00:00,10803,1.17502,1.17544,1.17335,1.17337,1.17328,1.17346,0.00017999999999984695
2026-05-07 20:00:00+00:00,6197,1.17337,1.17449,1.17224,1.17237,1.17229,1.17245,0.00015999999999993797
2026-05-07 21:00:00+00:00,952,1.17282,1.1731,1.17249,1.17272,1.17259,1.17286,0.00026999999999999247
2026-05-07 22:00:00+00:00,3254,1.17274,1.1732,1.17232,1.17253,1.17244,1.17262,0.000180000000000069
2026-05-07 23:00:00+00:00,1520,1.17252,1.17317,1.17246,1.17307,1.17299,1.17315,0.00015999999999993797
2026-05-08 00:00:00+00:00,5585,1.17308,1.17348,1.17266,1.1727,1.17261,1.17278,0.00017000000000000348
2026-05-08 01:00:00+00:00,4383,1.17271,1.17337,1.17271,1.17326,1.17318,1.17334,0.00016000000000016001
2026-05-08 02:00:00+00:00,3821,1.17326,1.17326,1.17246,1.17276,1.17268,1.17284,0.00016000000000016001
2026-05-08 03:00:00+00:00,2784,1.17278,1.17338,1.1727,1.17284,1.17276,1.17293,0.00017000000000000348
2026-05-08 04:00:00+00:00,3024,1.17285,1.1736,1.1727,1.17354,1.17345,1.17362,0.00017000000000000348
2026-05-08 05:00:00+00:00,3491,1.17355,1.17388,1.1733,1.17372,1.17364,1.17381,0.00017000000000000348
2026-05-08 06:00:00+00:00,6001,1.17373,1.17484,1.17372,1.17444,1.17436,1.17452,0.00015999999999993797
2026-05-08 07:00:00+00:00,6176,1.17444,1.17481,1.17418,1.17432,1.17423,1.1744,0.00017000000000000348
2026-05-08 08:00:00+00:00,6706,1.17431,1.17659,1.1742,1.1764,1.17632,1.17647,0.00014999999999987246
2026-05-08 09:00:00+00:00,5640,1.1764,1.17736,1.17634,1.1769,1.17681,1.17698,0.00017000000000000348
2026-05-08 10:00:00+00:00,4752,1.1769,1.17726,1.17614,1.1764,1.17632,1.17648,0.00015999999999993797
2026-05-08 11:00:00+00:00,4690,1.17641,1.1769,1.1762,1.17652,1.17645,1.1766,0.0001500000000000945
2026-05-08 12:00:00+00:00,12867,1.17655,1.17788,1.17576,1.17741,1.17733,1.17749,0.00015999999999993797
2026-05-08 13:00:00+00:00,11482,1.1774,1.17872,1.17664,1.17789,1.1778,1.17798,0.000180000000000069
2026-05-08 14:00:00+00:00,10318,1.17791,1.17797,1.17673,1.17744,1.17737,1.17752,0.00014999999999987246
2026-05-08 15:00:00+00:00,8553,1.17745,1.17786,1.1767,1.17728,1.1772,1.17737,0.00017000000000000348
2026-05-08 16:00:00+00:00,4692,1.17728,1.17786,1.17708,1.17712,1.17705,1.17719,0.000140000000000029
2026-05-08 17:00:00+00:00,3132,1.17712,1.17763,1.17706,1.17724,1.17717,1.17731,0.000140000000000029
2026-05-08 18:00:00+00:00,5062,1.17723,1.17818,1.17708,1.17786,1.17778,1.17795,0.00017000000000000348
2026-05-08 19:00:00+00:00,3764,1.17786,1.17832,1.1777,1.17802,1.17795,1.1781,0.00014999999999987246
2026-05-08 20:00:00+00:00,2514,1.17803,1.17881,1.1779,1.17852,1.17838,1.17865,0.00026999999999999247
2026-05-10 21:00:00+00:00,1582,1.17524,1.17711,1.17483,1.1763,1.1758,1.1768,0.001000000000000112
2026-05-10 22:00:00+00:00,2946,1.17606,1.17664,1.17578,1.1764,1.17632,1.17649,0.00017000000000000348
2026-05-10 23:00:00+00:00,1791,1.1764,1.17701,1.17638,1.17674,1.17666,1.17682,0.00015999999999993797
2026-05-11 00:00:00+00:00,4540,1.17674,1.17721,1.17657,1.177,1.17692,1.17708,0.00015999999999993797
2026-05-11 01:00:00+00:00,4555,1.177,1.17712,1.17618,1.17628,1.17621,1.17636,0.0001500000000000945
2026-05-11 02:00:00+00:00,2701,1.1763,1.17663,1.1759,1.17594,1.17586,1.17601,0.0001500000000000945
2026-05-11 03:00:00+00:00,2170,1.17592,1.17593,1.17562,1.17567,1.17559,1.17575,0.00016000000000016001
2026-05-11 04:00:00+00:00,1673,1.17566,1.17574,1.17502,1.17506,1.17498,1.17515,0.00017000000000000348
2026-05-11 05:00:00+00:00,2334,1.17504,1.17548,1.17488,1.175,1.17492,1.17509,0.00017000000000000348
2026-05-11 06:00:00+00:00,4716,1.175,1.17682,1.175,1.17676,1.17668,1.17683,0.0001500000000000945
2026-05-11 07:00:00+00:00,5443,1.17676,1.17748,1.17647,1.1772,1.17712,1.17728,0.00016000000000016001
2026-05-11 08:00:00+00:00,5355,1.17722,1.17823,1.17714,1.17714,1.17706,1.17723,0.00017000000000000348
2026-05-11 09:00:00+00:00,3511,1.17714,1.17746,1.17674,1.17675,1.17666,1.17684,0.000180000000000069
2026-05-11 10:00:00+00:00,4203,1.17674,1.17742,1.17648,1.17691,1.17683,1.17699,0.00015999999999993797
2026-05-11 11:00:00+00:00,4888,1.17692,1.17747,1.17635,1.17684,1.17676,1.17693,0.00017000000000000348
2026-05-11 12:00:00+00:00,6568,1.17685,1.17747,1.17644,1.17745,1.17737,1.17753,0.00015999999999993797
2026-05-11 13:00:00+00:00,7912,1.17747,1.17878,1.17744,1.17852,1.17844,1.1786,0.00016000000000016001
2026-05-11 14:00:00+00:00,8747,1.17852,1.17878,1.1779,1.17794,1.17787,1.17802,0.0001500000000000945
2026-05-11 15:00:00+00:00,7093,1.17793,1.17854,1.17768,1.178,1.17793,1.17808,0.0001500000000000945
2026-05-11 16:00:00+00:00,4347,1.17801,1.17806,1.17724,1.17733,1.17726,1.1774,0.000140000000000029
2026-05-11 17:00:00+00:00,3632,1.17734,1.17786,1.1771,1.1778,1.17773,1.17788,0.0001500000000000945
2026-05-11 18:00:00+00:00,2935,1.17781,1.17805,1.17745,1.1775,1.17742,1.17759,0.00017000000000000348
2026-05-11 19:00:00+00:00,2765,1.1775,1.1778,1.17745,1.17774,1.17767,1.17782,0.0001500000000000945
2026-05-11 20:00:00+00:00,2077,1.17775,1.1783,1.1774,1.17824,1.17815,1.17832,0.00017000000000000348
2026-05-11 21:00:00+00:00,1007,1.17814,1.17848,1.17804,1.17846,1.17836,1.17857,0.00020999999999982144
2026-05-11 22:00:00+00:00,897,1.17848,1.17878,1.17843,1.17853,1.17845,1.17861,0.00015999999999993797
2026-05-11 23:00:00+00:00,1194,1.17854,1.17855,1.17773,1.17785,1.17777,1.17793,0.00015999999999993797
2026-05-12 00:00:00+00:00,3912,1.17784,1.17784,1.17663,1.17672,1.17664,1.17679,0.0001500000000000945
2026-05-12 01:00:00+00:00,6043,1.17672,1.17691,1.17577,1.17616,1.17608,1.17624,0.00015999999999993797
2026-05-12 02:00:00+00:00,3072,1.17616,1.17647,1.17595,1.17626,1.17618,1.17634,0.00015999999999993797
2026-05-12 03:00:00+00:00,2291,1.17624,1.1763,1.17547,1.17564,1.17555,1.17572,0.00017000000000000348
2026-05-12 04:00:00+00:00,2530,1.17564,1.17598,1.17556,1.17571,1.17563,1.17579,0.00015999999999993797
2026-05-12 05:00:00+00:00,4445,1.17572,1.17682,1.17523,1.17624,1.17616,1.17632,0.00015999999999993797
2026-05-12 06:00:00+00:00,6994,1.17626,1.17663,1.17497,1.17504,1.17495,1.17512,0.00017000000000000348
2026-05-12 07:00:00+00:00,7537,1.17504,1.17534,1.17434,1.17478,1.17471,1.17485,0.000140000000000029
2026-05-12 08:00:00+00:00,7481,1.17479,1.17505,1.17394,1.17446,1.17436,1.17455,0.00018999999999991246
2026-05-12 09:00:00+00:00,6090,1.17445,1.17516,1.17438,1.17476,1.17468,1.17484,0.00016000000000016001
2026-05-12 10:00:00+00:00,4202,1.17474,1.17492,1.17405,1.17407,1.17399,1.17415,0.00015999999999993797
2026-05-12 11:00:00+00:00,6325,1.17406,1.17484,1.17349,1.17438,1.1743,1.17447,0.00017000000000000348
2026-05-12 12:00:00+00:00,9123,1.1744,1.17499,1.1736,1.17478,1.17471,1.17486,0.0001500000000000945
2026-05-12 13:00:00+00:00,10565,1.17476,1.175,1.17271,1.173,1.17292,1.17309,0.00017000000000000348
2026-05-12 14:00:00+00:00,10542,1.17301,1.17361,1.1728,1.1736,1.17352,1.17367,0.0001500000000000945
2026-05-12 15:00:00+00:00,9362,1.1736,1.17366,1.17218,1.17327,1.17319,1.17335,0.00015999999999993797
2026-05-12 16:00:00+00:00,5523,1.17328,1.17386,1.17278,1.17283,1.17276,1.1729,0.000140000000000029
2026-05-12 17:00:00+00:00,4806,1.17284,1.17338,1.17274,1.17334,1.17325,1.17342,0.00017000000000000348
2026-05-12 18:00:00+00:00,4751,1.17334,1.1741,1.17289,1.17406,1.17398,1.17414,0.00015999999999993797
2026-05-12 19:00:00+00:00,3775,1.17406,1.17468,1.17399,1.17403,1.17395,1.17411,0.00015999999999993797
2026-05-12 20:00:00+00:00,1440,1.17404,1.1741,1.17378,1.17403,1.17394,1.17412,0.000180000000000069
2026-05-12 21:00:00+00:00,1179,1.17366,1.17408,1.17358,1.17382,1.17363,1.17401,0.00038000000000004697
2026-05-12 22:00:00+00:00,839,1.17388,1.17402,1.17376,1.17397,1.1739,1.17404,0.000140000000000029
2026-05-12 23:00:00+00:00,955,1.17398,1.17414,1.17347,1.17352,1.17343,1.1736,0.00017000000000000348
2026-05-13 00:00:00+00:00,3800,1.17351,1.17387,1.1733,1.17382,1.17375,1.1739,0.00014999999999987246
2026-05-13 01:00:00+00:00,3709,1.17382,1.17418,1.1732,1.17388,1.1738,1.17396,0.00015999999999993797
2026-05-13 02:00:00+00:00,2273,1.17388,1.17417,1.17363,1.17372,1.17364,1.1738,0.00015999999999993797
2026-05-13 03:00:00+00:00,2544,1.17372,1.17378,1.17326,1.17346,1.17337,1.17354,0.00017000000000000348
2026-05-13 04:00:00+00:00,1680,1.17346,1.17353,1.17322,1.17346,1.17338,1.17354,0.00015999999999993797
2026-05-13 05:00:00+00:00,2307,1.17346,1.1737,1.17324,1.17341,1.17334,1.17348,0.000140000000000029
2026-05-13 06:00:00+00:00,4495,1.1734,1.17344,1.17181,1.172,1.17192,1.17208,0.00015999999999993797
2026-05-13 07:00:00+00:00,5322,1.172,1.17234,1.1707,1.17072,1.17064,1.17079,0.0001500000000000945
2026-05-13 08:00:00+00:00,5192,1.1707,1.17117,1.17004,1.17032,1.17022,1.17042,0.00019999999999997797
2026-05-13 09:00:00+00:00,5376,1.17032,1.17068,1.16954,1.17062,1.17054,1.17069,0.0001500000000000945
2026-05-13 10:00:00+00:00,5716,1.17062,1.17146,1.1702,1.17126,1.17118,1.17135,0.00016999999999978144
2026-05-13 11:00:00+00:00,4123,1.17128,1.17172,1.17112,1.17121,1.17114,1.17128,0.000140000000000029
2026-05-13 12:00:00+00:00,8777,1.17121,1.17161,1.16973,1.17018,1.17011,1.17025,0.000140000000000029
2026-05-13 13:00:00+00:00,8339,1.17019,1.17124,1.17011,1.17102,1.17094,1.1711,0.00015999999999993797
2026-05-13 14:00:00+00:00,7992,1.17102,1.17126,1.1703,1.17078,1.1707,1.17085,0.00014999999999987246
2026-05-13 15:00:00+00:00,6264,1.17077,1.17164,1.17074,1.1711,1.17103,1.17117,0.000140000000000029
2026-05-13 16:00:00+00:00,5576,1.1711,1.1718,1.1708,1.17088,1.1708,1.17095,0.00014999999999987246
2026-05-13 17:00:00+00:00,3046,1.17086,1.17109,1.17042,1.17042,1.17035,1.1705,0.0001500000000000945
2026-05-13 18:00:00+00:00,4206,1.17044,1.17106,1.17042,1.17078,1.1707,1.17085,0.00014999999999987246
2026-05-13 19:00:00+00:00,3679,1.17078,1.17132,1.17076,1.17097,1.17089,1.17105,0.00015999999999993797
2026-05-13 20:00:00+00:00,1715,1.17097,1.1714,1.1709,1.17136,1.17128,1.17145,0.00017000000000000348
2026-05-13 21:00:00+00:00,587,1.17102,1.17172,1.17102,1.17155,1.1714,1.1717,0.00029999999999996696
2026-05-13 22:00:00+00:00,994,1.17158,1.17186,1.1715,1.17177,1.17169,1.17185,0.00016000000000016001
2026-05-13 23:00:00+00:00,1092,1.17177,1.17184,1.17154,1.17159,1.17151,1.17167,0.00015999999999993797
2026-05-14 00:00:00+00:00,3357,1.17159,1.17186,1.17142,1.17172,1.17163,1.1718,0.00017000000000000348
2026-05-14 01:00:00+00:00,3657,1.1717,1.17178,1.17126,1.17138,1.1713,1.17147,0.00017000000000000348
2026-05-14 02:00:00+00:00,2837,1.17138,1.17154,1.17116,1.17124,1.17116,1.17131,0.0001500000000000945
2026-05-14 03:00:00+00:00,2779,1.17124,1.17152,1.17097,1.17124,1.17115,1.17132,0.00017000000000000348
2026-05-14 04:00:00+00:00,2736,1.17124,1.17174,1.17116,1.17144,1.17136,1.17153,0.00017000000000000348
2026-05-14 05:00:00+00:00,3665,1.17146,1.17162,1.17102,1.17102,1.17094,1.17111,0.00017000000000000348
2026-05-14 06:00:00+00:00,5183,1.17102,1.17216,1.1707,1.17184,1.17175,1.17192,0.00017000000000000348
2026-05-14 07:00:00+00:00,5794,1.17181,1.17185,1.1706,1.17076,1.17069,1.17084,0.0001500000000000945
2026-05-14 08:00:00+00:00,5344,1.17076,1.1714,1.1705,1.17111,1.17103,1.17119,0.00015999999999993797
2026-05-14 09:00:00+00:00,4707,1.17112,1.17134,1.17058,1.17074,1.17067,1.17082,0.00014999999999987246
2026-05-14 10:00:00+00:00,5150,1.17074,1.17129,1.17048,1.17087,1.17079,1.17095,0.00015999999999993797
2026-05-14 11:00:00+00:00,4615,1.17088,1.17089,1.16996,1.16997,1.16988,1.17006,0.000180000000000069
2026-05-14 12:00:00+00:00,6487,1.16996,1.17056,1.16964,1.16971,1.16964,1.16978,0.000140000000000029
2026-05-14 13:00:00+00:00,10560,1.16972,1.16998,1.16856,1.16898,1.1689,1.16906,0.00015999999999993797
2026-05-14 14:00:00+00:00,10223,1.16896,1.17002,1.16787,1.16788,1.16779,1.16796,0.00017000000000000348
2026-05-14 15:00:00+00:00,7996,1.16787,1.1681,1.16715,1.16775,1.16767,1.16783,0.00015999999999993797
2026-05-14 16:00:00+00:00,6635,1.16774,1.16816,1.16708,1.16764,1.16756,1.16772,0.00016000000000016001
2026-05-14 17:00:00+00:00,4876,1.16764,1.16808,1.16759,1.1678,1.16772,1.16787,0.00014999999999987246
2026-05-14 18:00:00+00:00,3987,1.1678,1.16785,1.16739,1.16775,1.16766,1.16784,0.000180000000000069
2026-05-14 19:00:00+00:00,3731,1.16776,1.1679,1.16686,1.16709,1.16701,1.16717,0.00015999999999993797
2026-05-14 20:00:00+00:00,2014,1.16712,1.16721,1.16657,1.16698,1.16688,1.16708,0.00019999999999997797
2026-05-14 21:00:00+00:00,1030,1.16702,1.1674,1.1668,1.16699,1.16688,1.1671,0.000220000000000109
2026-05-14 22:00:00+00:00,1395,1.16703,1.16712,1.1669,1.16697,1.16687,1.16707,0.00019999999999997797
2026-05-14 23:00:00+00:00,1943,1.16697,1.16698,1.16614,1.1662,1.1661,1.1663,0.00019999999999997797
2026-05-15 00:00:00+00:00,4610,1.16621,1.16636,1.16523,1.16554,1.16547,1.16561,0.000140000000000029
2026-05-15 01:00:00+00:00,5790,1.16553,1.16566,1.1646,1.1647,1.16462,1.16477,0.0001500000000000945
2026-05-15 02:00:00+00:00,3753,1.16469,1.16576,1.16458,1.16536,1.16527,1.16544,0.00017000000000000348
2026-05-15 03:00:00+00:00,3130,1.16536,1.16551,1.165,1.16522,1.16514,1.16529,0.00014999999999987246
2026-05-15 04:00:00+00:00,2402,1.16521,1.16528,1.16465,1.16474,1.16467,1.16482,0.00014999999999987246
2026-05-15 05:00:00+00:00,6167,1.16475,1.1648,1.16326,1.16328,1.16319,1.16336,0.00017000000000000348
2026-05-15 06:00:00+00:00,8523,1.16326,1.16436,1.16325,1.1635,1.16343,1.16357,0.000140000000000029
2026-05-15 07:00:00+00:00,7652,1.16348,1.1649,1.16319,1.16365,1.16357,1.16373,0.00015999999999993797
2026-05-15 08:00:00+00:00,7214,1.16366,1.16383,1.16306,1.1633,1.16321,1.16338,0.00017000000000000348
2026-05-15 09:00:00+00:00,9201,1.1633,1.16336,1.16172,1.1628,1.16272,1.16289,0.00017000000000000348
2026-05-15 10:00:00+00:00,9789,1.16281,1.16555,1.16274,1.16494,1.16485,1.16502,0.00017000000000000348
2026-05-15 11:00:00+00:00,7418,1.16492,1.16501,1.16294,1.16318,1.1631,1.16325,0.00014999999999987246
2026-05-15 12:00:00+00:00,7695,1.16316,1.16322,1.1619,1.16264,1.16255,1.16272,0.00017000000000000348
2026-05-15 13:00:00+00:00,11668,1.16264,1.16324,1.1619,1.16236,1.16229,1.16243,0.000140000000000029
2026-05-15 14:00:00+00:00,11608,1.16234,1.16379,1.16216,1.16294,1.16287,1.16302,0.00014999999999987246
2026-05-15 15:00:00+00:00,8551,1.16296,1.16311,1.16206,1.16265,1.16256,1.16274,0.000180000000000069
2026-05-15 16:00:00+00:00,5561,1.16266,1.16314,1.16232,1.16299,1.16291,1.16307,0.00015999999999993797
2026-05-15 17:00:00+00:00,4627,1.163,1.16356,1.16267,1.16268,1.16261,1.16276,0.0001500000000000945
2026-05-15 18:00:00+00:00,4694,1.16269,1.16273,1.1617,1.1622,1.16212,1.16227,0.00014999999999987246
2026-05-15 19:00:00+00:00,3406,1.16219,1.16232,1.16192,1.16214,1.16206,1.16223,0.00017000000000000348
2026-05-15 20:00:00+00:00,2292,1.16214,1.16257,1.16194,1.16252,1.16244,1.16261,0.00017000000000000348
2026-05-17 21:00:00+00:00,752,1.16196,1.1625,1.16188,1.16248,1.162,1.16297,0.0009700000000001374
2026-05-17 22:00:00+00:00,2131,1.16248,1.16248,1.16205,1.1623,1.16221,1.16239,0.000180000000000069
2026-05-17 23:00:00+00:00,3279,1.1623,1.16236,1.1612,1.16138,1.1613,1.16146,0.00015999999999993797
2026-05-18 00:00:00+00:00,7453,1.1614,1.16212,1.16082,1.16116,1.16109,1.16124,0.0001500000000000945
2026-05-18 01:00:00+00:00,7057,1.16116,1.16188,1.16085,1.16174,1.16165,1.16182,0.00017000000000000348
2026-05-18 02:00:00+00:00,3816,1.16175,1.16197,1.16132,1.16156,1.16147,1.16164,0.00017000000000000348
2026-05-18 03:00:00+00:00,3365,1.16156,1.16226,1.16154,1.16218,1.16211,1.16226,0.0001500000000000945
2026-05-18 04:00:00+00:00,3544,1.16218,1.16262,1.16192,1.16208,1.162,1.16216,0.00016000000000016001
2026-05-18 05:00:00+00:00,4309,1.16208,1.16234,1.16169,1.16232,1.16224,1.16241,0.00017000000000000348
2026-05-18 06:00:00+00:00,6135,1.16231,1.16366,1.1622,1.16358,1.1635,1.16365,0.0001500000000000945
2026-05-18 07:00:00+00:00,6797,1.16359,1.16403,1.16315,1.1632,1.16312,1.16328,0.00016000000000016001
2026-05-18 08:00:00+00:00,6395,1.1632,1.16453,1.16291,1.16416,1.16408,1.16423,0.0001500000000000945
2026-05-18 09:00:00+00:00,4435,1.16415,1.16428,1.16351,1.16351,1.16343,1.16359,0.00015999999999993797
2026-05-18 10:00:00+00:00,4148,1.1635,1.16368,1.16265,1.1627,1.16263,1.16277,0.000140000000000029
2026-05-18 11:00:00+00:00,10097,1.1627,1.16498,1.16266,1.16418,1.16409,1.16426,0.00017000000000000348
2026-05-18 12:00:00+00:00,11258,1.16419,1.16574,1.1641,1.16514,1.16506,1.16521,0.0001500000000000945
2026-05-18 13:00:00+00:00,11735,1.16513,1.16562,1.1644,1.16512,1.16503,1.1652,0.00017000000000000348
2026-05-18 14:00:00+00:00,11684,1.16512,1.16534,1.16414,1.1642,1.16412,1.16428,0.00015999999999993797
2026-05-18 15:00:00+00:00,10059,1.1642,1.16531,1.16334,1.16484,1.16476,1.16493,0.00017000000000000348
2026-05-18 16:00:00+00:00,8064,1.16485,1.16563,1.1644,1.16516,1.16509,1.16523,0.000140000000000029
2026-05-18 17:00:00+00:00,4175,1.16514,1.16535,1.16482,1.16482,1.16474,1.16489,0.00014999999999987246
2026-05-18 18:00:00+00:00,5803,1.16482,1.16488,1.16288,1.16292,1.16284,1.16301,0.00017000000000000348
2026-05-18 19:00:00+00:00,13154,1.16294,1.16564,1.16292,1.1651,1.16502,1.16519,0.00017000000000000348
2026-05-18 20:00:00+00:00,2603,1.16511,1.16611,1.16511,1.16563,1.16554,1.16572,0.000180000000000069
2026-05-18 21:00:00+00:00,1081,1.16558,1.16608,1.16528,1.16597,1.16585,1.16609,0.00024000000000001798
2026-05-18 22:00:00+00:00,1218,1.16594,1.16618,1.16578,1.16578,1.16571,1.16586,0.00014999999999987246
2026-05-18 23:00:00+00:00,1541,1.16578,1.16586,1.16548,1.16548,1.1654,1.16556,0.00015999999999993797
2026-05-19 00:00:00+00:00,5464,1.16548,1.1656,1.16438,1.16444,1.16436,1.16453,0.00017000000000000348
2026-05-19 01:00:00+00:00,5169,1.16446,1.16528,1.16432,1.16464,1.16456,1.16471,0.00014999999999987246
2026-05-19 02:00:00+00:00,4329,1.16463,1.16471,1.16409,1.16433,1.16425,1.16441,0.00015999999999993797
2026-05-19 03:00:00+00:00,3033,1.16432,1.16458,1.16406,1.16412,1.16403,1.1642,0.00017000000000000348
2026-05-19 04:00:00+00:00,2844,1.16414,1.16432,1.16354,1.16366,1.16358,1.16374,0.00015999999999993797
2026-05-19 05:00:00+00:00,3985,1.16368,1.16432,1.16336,1.1642,1.16412,1.16429,0.00017000000000000348
2026-05-19 06:00:00+00:00,5324,1.16421,1.16458,1.1636,1.16366,1.16358,1.16374,0.00015999999999993797
2026-05-19 07:00:00+00:00,6796,1.16366,1.16376,1.16301,1.16349,1.16341,1.16357,0.00015999999999993797
2026-05-19 08:00:00+00:00,6503,1.1635,1.1636,1.16223,1.16234,1.16226,1.16241,0.00014999999999987246
2026-05-19 09:00:00+00:00,6227,1.16232,1.16232,1.1615,1.16194,1.16186,1.16202,0.00016000000000016001
2026-05-19 10:00:00+00:00,6910,1.16194,1.16266,1.1611,1.16222,1.16214,1.16229,0.0001500000000000945
2026-05-19 11:00:00+00:00,5589,1.16222,1.16226,1.16164,1.16166,1.16159,1.16174,0.0001500000000000945
2026-05-19 12:00:00+00:00,8415,1.16166,1.1624,1.16152,1.16165,1.16157,1.16173,0.00015999999999993797
2026-05-19 13:00:00+00:00,13488,1.16165,1.1618,1.16016,1.16137,1.16129,1.16145,0.00016000000000016001
2026-05-19 14:00:00+00:00,15160,1.16137,1.16169,1.1595,1.15956,1.15948,1.15963,0.00014999999999987246
2026-05-19 15:00:00+00:00,7888,1.15956,1.1603,1.15922,1.1602,1.16012,1.16028,0.00015999999999993797
2026-05-19 16:00:00+00:00,6826,1.1602,1.16096,1.15958,1.16072,1.16064,1.1608,0.00016000000000016001
2026-05-19 17:00:00+00:00,3949,1.1607,1.16122,1.16066,1.16106,1.16099,1.16114,0.0001500000000000945
2026-05-19 18:00:00+00:00,4947,1.16107,1.16149,1.16027,1.16033,1.16025,1.16041,0.00015999999999993797
2026-05-19 19:00:00+00:00,4261,1.16031,1.16081,1.16026,1.16064,1.16057,1.16071,0.00013999999999980695
2026-05-19 20:00:00+00:00,1647,1.16065,1.16069,1.16035,1.16066,1.16057,1.16075,0.00017999999999984695
2026-05-19 21:00:00+00:00,903,1.16055,1.16091,1.16032,1.16083,1.16069,1.16097,0.000280000000000058
2026-05-19 22:00:00+00:00,882,1.16082,1.16088,1.16062,1.16088,1.1608,1.16095,0.00014999999999987246
2026-05-19 23:00:00+00:00,1368,1.16087,1.1613,1.16062,1.16067,1.16058,1.16076,0.000180000000000069
2026-05-20 00:00:00+00:00,6077,1.16068,1.16106,1.16009,1.16014,1.16007,1.16022,0.0001500000000000945
2026-05-20 01:00:00+00:00,6929,1.16013,1.1603,1.15936,1.15972,1.15964,1.15981,0.00017000000000000348
2026-05-20 02:00:00+00:00,5135,1.15973,1.1603,1.15944,1.15978,1.1597,1.15987,0.00017000000000000348
2026-05-20 03:00:00+00:00,3733,1.15979,1.16054,1.15954,1.16023,1.16015,1.16031,0.00015999999999993797
2026-05-20 04:00:00+00:00,3601,1.16022,1.16068,1.1597,1.15973,1.15965,1.15981,0.00015999999999993797
2026-05-20 05:00:00+00:00,4076,1.15972,1.16016,1.15918,1.15954,1.15947,1.15962,0.0001500000000000945
2026-05-20 06:00:00+00:00,6019,1.15954,1.1606,1.15932,1.15966,1.15958,1.15974,0.00015999999999993797
2026-05-20 07:00:00+00:00,5578,1.15966,1.16016,1.1592,1.15932,1.15924,1.15939,0.00014999999999987246
2026-05-20 08:00:00+00:00,6436,1.15932,1.15952,1.15834,1.15904,1.15896,1.15912,0.00015999999999993797
2026-05-20 09:00:00+00:00,3823,1.15904,1.15946,1.15881,1.15882,1.15873,1.1589,0.00017000000000000348
2026-05-20 10:00:00+00:00,4208,1.1588,1.16029,1.15874,1.16011,1.16003,1.16019,0.00016000000000016001
2026-05-20 11:00:00+00:00,5042,1.1601,1.16056,1.15964,1.16009,1.16001,1.16017,0.00015999999999993797
2026-05-20 12:00:00+00:00,6045,1.1601,1.16044,1.15938,1.15954,1.15945,1.15962,0.00017000000000000348
2026-05-20 13:00:00+00:00,7816,1.15953,1.15971,1.15892,1.1591,1.15902,1.15918,0.00016000000000016001
2026-05-20 14:00:00+00:00,22051,1.15912,1.16242,1.15828,1.16181,1.16174,1.16188,0.000140000000000029
2026-05-20 15:00:00+00:00,19366,1.16182,1.16452,1.1613,1.16192,1.16184,1.16199,0.0001500000000000945
2026-05-20 16:00:00+00:00,9955,1.16191,1.16308,1.16188,1.16256,1.16247,1.16264,0.00017000000000000348
2026-05-20 17:00:00+00:00,7738,1.16256,1.1627,1.16184,1.16192,1.16185,1.16199,0.000140000000000029
2026-05-20 18:00:00+00:00,6560,1.16186,1.16358,1.1616,1.16309,1.16301,1.16317,0.00015999999999993797
2026-05-20 19:00:00+00:00,4542,1.16309,1.16352,1.16276,1.16279,1.16271,1.16287,0.00016000000000016001
2026-05-20 20:00:00+00:00,2772,1.16278,1.16285,1.16233,1.16255,1.16247,1.16263,0.00016000000000016001
2026-05-20 21:00:00+00:00,1724,1.16242,1.16276,1.16234,1.16259,1.16236,1.16282,0.00045999999999990493
2026-05-20 22:00:00+00:00,1113,1.1626,1.16282,1.16244,1.16264,1.16257,1.16272,0.00014999999999987246
2026-05-20 23:00:00+00:00,1144,1.16264,1.16276,1.16231,1.16248,1.16239,1.16256,0.00017000000000000348
2026-05-21 00:00:00+00:00,4469,1.16249,1.1629,1.1622,1.16286,1.16277,1.16294,0.00017000000000000348
2026-05-21 01:00:00+00:00,5144,1.16287,1.16353,1.16228,1.1626,1.16253,1.16268,0.00014999999999987246
2026-05-21 02:00:00+00:00,3981,1.16261,1.16286,1.16156,1.16176,1.16168,1.16185,0.00017000000000000348
2026-05-21 03:00:00+00:00,2422,1.16178,1.16227,1.16176,1.16192,1.16183,1.162,0.00017000000000000348
2026-05-21 04:00:00+00:00,1805,1.1619,1.16236,1.16184,1.16222,1.16213,1.1623,0.00017000000000000348
2026-05-21 05:00:00+00:00,3218,1.16222,1.16236,1.1618,1.16218,1.16211,1.16226,0.0001500000000000945
2026-05-21 06:00:00+00:00,5378,1.16218,1.16268,1.16158,1.16204,1.16196,1.16211,0.00014999999999987246
2026-05-21 07:00:00+00:00,14430,1.16204,1.1621,1.15942,1.16076,1.16068,1.16084,0.00016000000000016001
2026-05-21 08:00:00+00:00,11261,1.16074,1.16357,1.16062,1.16237,1.16229,1.16245,0.00015999999999993797
2026-05-21 09:00:00+00:00,6331,1.16238,1.16334,1.16208,1.16274,1.16265,1.16283,0.000180000000000069
2026-05-21 10:00:00+00:00,11459,1.16274,1.16302,1.16001,1.16074,1.16066,1.16082,0.00015999999999993797
2026-05-21 11:00:00+00:00,6775,1.16074,1.16161,1.1596,1.1599,1.15982,1.15998,0.00015999999999993797
2026-05-21 12:00:00+00:00,9990,1.1599,1.16092,1.15934,1.15972,1.15964,1.15981,0.00017000000000000348
2026-05-21 13:00:00+00:00,14609,1.15972,1.16012,1.15763,1.15947,1.15938,1.15956,0.00017999999999984695
2026-05-21 14:00:00+00:00,13267,1.15948,1.15966,1.15842,1.15929,1.15922,1.15936,0.000140000000000029
2026-05-21 15:00:00+00:00,10630,1.1593,1.1594,1.15822,1.15884,1.15876,1.15892,0.00015999999999993797
2026-05-21 16:00:00+00:00,6645,1.15885,1.15964,1.15847,1.15954,1.15946,1.15961,0.0001500000000000945
2026-05-21 17:00:00+00:00,16566,1.15956,1.16302,1.15928,1.16249,1.16241,1.16257,0.00016000000000016001
2026-05-21 18:00:00+00:00,12206,1.16248,1.16301,1.16071,1.16114,1.16105,1.16122,0.00017000000000000348
2026-05-21 19:00:00+00:00,7313,1.16112,1.16244,1.16096,1.16213,1.16206,1.1622,0.00013999999999980695
2026-05-21 20:00:00+00:00,2389,1.16214,1.16228,1.1616,1.16175,1.16164,1.16186,0.00021999999999988695
2026-05-21 21:00:00+00:00,1297,1.16194,1.16232,1.16174,1.16188,1.16172,1.16204,0.00031999999999987594
2026-05-21 22:00:00+00:00,981,1.16188,1.16197,1.16152,1.16176,1.16167,1.16184,0.00017000000000000348
2026-05-21 23:00:00+00:00,938,1.16176,1.1619,1.16162,1.1618,1.16172,1.16187,0.00014999999999987246
2026-05-22 00:00:00+00:00,3100,1.16179,1.1618,1.16124,1.16144,1.16136,1.16153,0.00017000000000000348
2026-05-22 01:00:00+00:00,3060,1.16142,1.16158,1.16099,1.16099,1.16091,1.16107,0.00015999999999993797
2026-05-22 02:00:00+00:00,2183,1.16098,1.16144,1.16096,1.16118,1.16111,1.16126,0.00014999999999987246
2026-05-22 03:00:00+00:00,1707,1.16117,1.1613,1.16087,1.1612,1.16113,1.16128,0.0001500000000000945
2026-05-22 04:00:00+00:00,1323,1.1612,1.16156,1.16114,1.16152,1.16143,1.1616,0.00017000000000000348
2026-05-22 05:00:00+00:00,2642,1.16151,1.1617,1.16072,1.16094,1.16084,1.16103,0.00018999999999991246
2026-05-22 06:00:00+00:00,5288,1.16093,1.16146,1.16054,1.16099,1.16091,1.16107,0.00015999999999993797
2026-05-22 07:00:00+00:00,4725,1.16098,1.16098,1.16013,1.16084,1.16075,1.16092,0.00017000000000000348
2026-05-22 08:00:00+00:00,6433,1.16084,1.16158,1.16034,1.16078,1.1607,1.16086,0.00015999999999993797
2026-05-22 09:00:00+00:00,4755,1.16078,1.16081,1.15962,1.16043,1.16035,1.16051,0.00015999999999993797
2026-05-22 10:00:00+00:00,4019,1.16044,1.16078,1.15952,1.15974,1.15965,1.15983,0.00017999999999984695
2026-05-22 11:00:00+00:00,4468,1.15974,1.16022,1.15934,1.15966,1.15958,1.15974,0.00015999999999993797
2026-05-22 12:00:00+00:00,8214,1.15966,1.16072,1.15945,1.16044,1.16036,1.16051,0.00014999999999987246
2026-05-22 13:00:00+00:00,10735,1.16044,1.16185,1.15995,1.16038,1.16028,1.16047,0.00018999999999991246
2026-05-22 14:00:00+00:00,10569,1.16036,1.16039,1.15883,1.15976,1.15969,1.15984,0.00014999999999987246
2026-05-22 15:00:00+00:00,7463,1.15978,1.16055,1.15958,1.16029,1.16021,1.16037,0.00015999999999993797
2026-05-22 16:00:00+00:00,5079,1.1603,1.16112,1.15996,1.16112,1.16104,1.1612,0.00015999999999993797
2026-05-22 17:00:00+00:00,8446,1.16114,1.16192,1.16086,1.16134,1.16126,1.16142,0.00015999999999993797
2026-05-22 18:00:00+00:00,4257,1.16132,1.16156,1.16094,1.16119,1.16111,1.16127,0.00015999999999993797
2026-05-22 19:00:00+00:00,3326,1.16118,1.1614,1.16053,1.16059,1.16051,1.16067,0.00016000000000016001
2026-05-22 20:00:00+00:00,2293,1.1606,1.16067,1.15982,1.16023,1.16009,1.16037,0.00027999999999983594
2026-05-24 21:00:00+00:00,1308,1.16394,1.16426,1.16306,1.16334,1.16305,1.16363,0.0005800000000000249
2026-05-24 22:00:00+00:00,2948,1.16331,1.16448,1.1632,1.1643,1.16422,1.16439,0.00017000000000000348
2026-05-24 23:00:00+00:00,1902,1.16431,1.16463,1.16414,1.1642,1.16412,1.16427,0.00014999999999987246
2026-05-25 00:00:00+00:00,4459,1.16418,1.1649,1.16354,1.16366,1.16359,1.16374,0.0001500000000000945
2026-05-25 01:00:00+00:00,4679,1.16367,1.16471,1.16356,1.1639,1.16382,1.16399,0.00017000000000000348
2026-05-25 02:00:00+00:00,2394,1.16392,1.16426,1.16368,1.16377,1.16369,1.16385,0.00016000000000016001
2026-05-25 03:00:00+00:00,2808,1.16379,1.16398,1.1636,1.16374,1.16366,1.16381,0.0001500000000000945
2026-05-25 04:00:00+00:00,2176,1.16374,1.16438,1.16357,1.1642,1.16412,1.16429,0.00017000000000000348
2026-05-25 05:00:00+00:00,2423,1.16421,1.16452,1.16381,1.16392,1.16384,1.164,0.00015999999999993797
2026-05-25 06:00:00+00:00,3773,1.16392,1.16447,1.16374,1.16409,1.16402,1.16416,0.000140000000000029
2026-05-25 07:00:00+00:00,5874,1.1641,1.1642,1.16296,1.16374,1.16367,1.16381,0.000140000000000029
2026-05-25 08:00:00+00:00,3749,1.16375,1.16444,1.1633,1.16437,1.16429,1.16445,0.00015999999999993797
2026-05-25 09:00:00+00:00,2286,1.16436,1.16454,1.16404,1.16416,1.16408,1.16424,0.00015999999999993797
2026-05-25 10:00:00+00:00,1959,1.16416,1.16444,1.16414,1.16429,1.16421,1.16437,0.00015999999999993797
2026-05-25 11:00:00+00:00,3147,1.1643,1.16508,1.16404,1.1644,1.16431,1.16448,0.00017000000000000348
2026-05-25 12:00:00+00:00,4308,1.1644,1.16528,1.16427,1.16482,1.16474,1.1649,0.00015999999999993797
2026-05-25 13:00:00+00:00,3778,1.16482,1.16498,1.16388,1.16388,1.1638,1.16396,0.00016000000000016001
2026-05-25 14:00:00+00:00,3174,1.1639,1.16464,1.16384,1.1642,1.16413,1.16428,0.00014999999999987246
2026-05-25 15:00:00+00:00,4206,1.1642,1.16488,1.16396,1.16422,1.16414,1.1643,0.00015999999999993797
2026-05-25 16:00:00+00:00,2267,1.16422,1.16427,1.16368,1.16412,1.16404,1.16419,0.0001500000000000945
2026-05-25 17:00:00+00:00,1258,1.16412,1.16441,1.16404,1.16434,1.16426,1.16442,0.00015999999999993797
2026-05-25 18:00:00+00:00,1114,1.16434,1.1644,1.16416,1.16436,1.16427,1.16444,0.00017000000000000348
2026-05-25 19:00:00+00:00,754,1.16434,1.16437,1.16418,1.16422,1.16414,1.1643,0.00015999999999993797
2026-05-25 20:00:00+00:00,902,1.16422,1.16437,1.16416,1.16433,1.16423,1.16443,0.00019999999999997797
2026-05-25 21:00:00+00:00,1411,1.16404,1.16443,1.16366,1.16396,1.16382,1.16411,0.00028999999999990145
2026-05-25 22:00:00+00:00,1540,1.16398,1.16426,1.1639,1.1641,1.16401,1.16418,0.00017000000000000348
2026-05-25 23:00:00+00:00,1370,1.16409,1.16434,1.16358,1.16359,1.16351,1.16367,0.00015999999999993797
2026-05-26 00:00:00+00:00,4203,1.1636,1.16399,1.1634,1.16387,1.16379,1.16395,0.00015999999999993797
2026-05-26 01:00:00+00:00,4133,1.16388,1.16398,1.16304,1.16339,1.16331,1.16347,0.00015999999999993797
2026-05-26 02:00:00+00:00,2246,1.16338,1.16352,1.16312,1.1634,1.16332,1.16347,0.0001500000000000945
2026-05-26 03:00:00+00:00,1656,1.1634,1.16374,1.16338,1.1636,1.16352,1.16368,0.00015999999999993797
2026-05-26 04:00:00+00:00,1380,1.16358,1.1636,1.16294,1.16298,1.1629,1.16305,0.00014999999999987246
2026-05-26 05:00:00+00:00,2536,1.16297,1.16308,1.16274,1.1628,1.16273,1.16288,0.00014999999999987246
2026-05-26 06:00:00+00:00,4374,1.16281,1.16376,1.16273,1.16352,1.16344,1.1636,0.00015999999999993797
2026-05-26 07:00:00+00:00,5805,1.16354,1.16404,1.1624,1.16371,1.16363,1.16379,0.00016000000000016001
2026-05-26 08:00:00+00:00,4440,1.16372,1.16422,1.16344,1.16365,1.16357,1.16373,0.00015999999999993797
2026-05-26 09:00:00+00:00,4025,1.16366,1.16441,1.16325,1.16428,1.1642,1.16436,0.00016000000000016001
2026-05-26 10:00:00+00:00,4331,1.16428,1.16452,1.16377,1.16415,1.16407,1.16423,0.00016000000000016001
2026-05-26 11:00:00+00:00,4458,1.16416,1.16449,1.16333,1.16348,1.1634,1.16355,0.0001500000000000945
2026-05-26 12:00:00+00:00,4810,1.16346,1.16366,1.16312,1.1632,1.16311,1.16329,0.00017999999999984695
2026-05-26 13:00:00+00:00,7922,1.16318,1.16331,1.16172,1.16258,1.16248,1.16267,0.0001900000000001345
2026-05-26 14:00:00+00:00,7890,1.16258,1.16299,1.16214,1.16251,1.16243,1.16259,0.00015999999999993797
2026-05-26 15:00:00+00:00,6761,1.1625,1.16258,1.16164,1.16194,1.16185,1.16202,0.00017000000000000348
2026-05-26 16:00:00+00:00,4032,1.16196,1.16296,1.16196,1.1624,1.16232,1.16247,0.00014999999999987246
2026-05-26 17:00:00+00:00,3252,1.1624,1.16278,1.16214,1.1624,1.16233,1.16248,0.00014999999999987246
2026-05-26 18:00:00+00:00,2745,1.1624,1.1631,1.16234,1.16296,1.16288,1.16303,0.0001500000000000945
2026-05-26 19:00:00+00:00,2260,1.16292,1.16326,1.16274,1.1632,1.16311,1.16329,0.00017999999999984695
2026-05-26 20:00:00+00:00,1188,1.1632,1.1633,1.16304,1.16317,1.16308,1.16326,0.000180000000000069
2026-05-26 21:00:00+00:00,3699,1.16286,1.16324,1.16276,1.16308,1.16288,1.16328,0.000400000000000178
2026-05-26 22:00:00+00:00,1120,1.1631,1.16338,1.1631,1.16335,1.16327,1.16343,0.00015999999999993797
2026-05-26 23:00:00+00:00,769,1.16334,1.16399,1.16334,1.16366,1.16357,1.16374,0.00017000000000000348
2026-05-27 00:00:00+00:00,3228,1.16365,1.16406,1.1636,1.16381,1.16373,1.16389,0.00016000000000016001
2026-05-27 01:00:00+00:00,3430,1.1638,1.16394,1.16327,1.1634,1.16332,1.16348,0.00016000000000016001
2026-05-27 02:00:00+00:00,2957,1.1634,1.16386,1.1634,1.16384,1.16376,1.16393,0.00017000000000000348
2026-05-27 03:00:00+00:00,1983,1.16385,1.16426,1.16369,1.16388,1.16381,1.16396,0.0001500000000000945
2026-05-27 04:00:00+00:00,1588,1.16388,1.16424,1.16384,1.16413,1.16405,1.16421,0.00015999999999993797
2026-05-27 05:00:00+00:00,2663,1.16412,1.16446,1.16388,1.16395,1.16387,1.16403,0.00015999999999993797
2026-05-27 06:00:00+00:00,4849,1.16396,1.16494,1.16374,1.16456,1.16447,1.16464,0.00017000000000000348
2026-05-27 07:00:00+00:00,4851,1.16458,1.1649,1.16402,1.16405,1.16397,1.16413,0.00016000000000016001
2026-05-27 08:00:00+00:00,4372,1.16406,1.16472,1.16384,1.1645,1.16442,1.16457,0.0001500000000000945
2026-05-27 09:00:00+00:00,3655,1.16448,1.16486,1.16426,1.16446,1.16438,1.16454,0.00015999999999993797
2026-05-27 10:00:00+00:00,4224,1.16446,1.16448,1.16361,1.16392,1.16384,1.164,0.00015999999999993797
2026-05-27 11:00:00+00:00,5544,1.16394,1.16419,1.1633,1.16376,1.16369,1.16384,0.0001500000000000945
2026-05-27 12:00:00+00:00,16478,1.16377,1.16615,1.16346,1.1644,1.16431,1.16448,0.00017000000000000348
2026-05-27 13:00:00+00:00,12029,1.16439,1.16482,1.16377,1.16414,1.16407,1.16421,0.000140000000000029
2026-05-27 14:00:00+00:00,14316,1.16414,1.16523,1.16249,1.16256,1.16248,1.16263,0.0001500000000000945
2026-05-27 15:00:00+00:00,9417,1.16255,1.16364,1.16225,1.16302,1.16294,1.16311,0.00017000000000000348
2026-05-27 16:00:00+00:00,4878,1.16305,1.16328,1.16242,1.16324,1.16315,1.16332,0.00017000000000000348
2026-05-27 17:00:00+00:00,4547,1.16324,1.1633,1.16222,1.16272,1.16265,1.1628,0.0001500000000000945
2026-05-27 18:00:00+00:00,2960,1.16272,1.16304,1.16226,1.16294,1.16287,1.16302,0.00014999999999987246
2026-05-27 19:00:00+00:00,2375,1.16294,1.1632,1.16268,1.16288,1.1628,1.16296,0.00015999999999993797
2026-05-27 20:00:00+00:00,1370,1.16286,1.16305,1.16256,1.16258,1.16249,1.16267,0.000180000000000069
2026-05-27 21:00:00+00:00,1741,1.1628,1.16312,1.16266,1.16291,1.16277,1.16305,0.00027999999999983594
2026-05-27 22:00:00+00:00,1117,1.16286,1.16305,1.1626,1.16262,1.16253,1.1627,0.00017000000000000348
2026-05-27 23:00:00+00:00,2057,1.1626,1.16288,1.16162,1.16176,1.16168,1.16184,0.00015999999999993797
2026-05-28 00:00:00+00:00,4204,1.16176,1.16235,1.16166,1.16206,1.16199,1.16214,0.00014999999999987246
2026-05-28 01:00:00+00:00,3619,1.16206,1.16212,1.16094,1.161,1.16092,1.16108,0.00015999999999993797
2026-05-28 02:00:00+00:00,2769,1.161,1.16152,1.16096,1.16126,1.16119,1.16134,0.0001500000000000945
2026-05-28 03:00:00+00:00,5686,1.16126,1.16138,1.15872,1.15872,1.15864,1.15879,0.0001500000000000945
2026-05-28 04:00:00+00:00,4150,1.15872,1.15928,1.15864,1.15918,1.15911,1.15926,0.00014999999999987246
2026-05-28 05:00:00+00:00,4094,1.15918,1.16021,1.15891,1.15994,1.15987,1.16001,0.000140000000000029
2026-05-28 06:00:00+00:00,4639,1.15993,1.16122,1.15987,1.16102,1.16094,1.16111,0.00017000000000000348
2026-05-28 07:00:00+00:00,5677,1.16104,1.16178,1.161,1.16118,1.16111,1.16125,0.00013999999999980695
2026-05-28 08:00:00+00:00,4714,1.16118,1.16169,1.16066,1.16156,1.16148,1.16164,0.00015999999999993797
2026-05-28 09:00:00+00:00,4152,1.16157,1.16192,1.1613,1.16132,1.16124,1.16139,0.00014999999999987246
2026-05-28 10:00:00+00:00,4908,1.1613,1.16156,1.16037,1.16037,1.16029,1.16045,0.00015999999999993797
2026-05-28 11:00:00+00:00,4995,1.16036,1.16228,1.16034,1.1617,1.16162,1.16179,0.00017000000000000348
2026-05-28 12:00:00+00:00,8408,1.16168,1.16384,1.16157,1.16366,1.16357,1.16374,0.00017000000000000348
2026-05-28 13:00:00+00:00,8258,1.16367,1.16432,1.16291,1.16306,1.16297,1.16315,0.00017999999999984695
2026-05-28 14:00:00+00:00,19776,1.16304,1.1658,1.1627,1.16478,1.16471,1.16485,0.000140000000000029
2026-05-28 15:00:00+00:00,8034,1.16478,1.1657,1.16477,1.16481,1.16472,1.1649,0.000180000000000069
2026-05-28 16:00:00+00:00,7316,1.1648,1.16614,1.16454,1.16569,1.16561,1.16577,0.00015999999999993797
2026-05-28 17:00:00+00:00,3775,1.1657,1.16574,1.16508,1.16534,1.16526,1.16542,0.00015999999999993797
2026-05-28 18:00:00+00:00,5238,1.16532,1.16554,1.16466,1.1648,1.16472,1.16488,0.00015999999999993797
2026-05-28 19:00:00+00:00,3573,1.16477,1.16516,1.16464,1.16477,1.16469,1.16485,0.00015999999999993797
2026-05-28 20:00:00+00:00,1380,1.16476,1.16498,1.1645,1.16497,1.16489,1.16505,0.00015999999999993797
2026-05-28 21:00:00+00:00,1312,1.16522,1.16536,1.16512,1.1652,1.16512,1.16527,0.0001500000000000945
2026-05-28 22:00:00+00:00,691,1.16519,1.16522,1.165,1.16504,1.16495,1.16512,0.00017000000000000348
2026-05-28 23:00:00+00:00,1009,1.16504,1.16532,1.16504,1.16526,1.16518,1.16533,0.00014999999999987246
2026-05-29 00:00:00+00:00,3637,1.16525,1.16556,1.16475,1.16488,1.16481,1.16496,0.0001500000000000945
2026-05-29 01:00:00+00:00,4350,1.16489,1.16566,1.16434,1.16446,1.16438,1.16454,0.00015999999999993797
2026-05-29 02:00:00+00:00,2605,1.16446,1.16492,1.16436,1.1645,1.16441,1.16458,0.00017000000000000348
2026-05-29 03:00:00+00:00,2585,1.1645,1.1645,1.1636,1.16373,1.16365,1.16381,0.00015999999999993797
2026-05-29 04:00:00+00:00,2177,1.16372,1.16394,1.16343,1.16391,1.16384,1.16398,0.000140000000000029
2026-05-29 05:00:00+00:00,2127,1.16392,1.16436,1.16382,1.16421,1.16413,1.16429,0.00015999999999993797
2026-05-29 06:00:00+00:00,4460,1.16422,1.16544,1.16422,1.16535,1.16526,1.16544,0.000180000000000069
2026-05-29 07:00:00+00:00,5684,1.16534,1.16534,1.16378,1.16422,1.16413,1.1643,0.00016999999999978144
2026-05-29 08:00:00+00:00,5920,1.16418,1.16418,1.1625,1.16283,1.16275,1.16291,0.00016000000000016001
2026-05-29 09:00:00+00:00,5549,1.16282,1.16428,1.16266,1.16415,1.16407,1.16423,0.00016000000000016001
2026-05-29 10:00:00+00:00,3955,1.16416,1.16452,1.1638,1.16431,1.16423,1.16439,0.00015999999999993797
2026-05-29 11:00:00+00:00,4793,1.1643,1.16483,1.16399,1.16478,1.16467,1.16488,0.00020999999999982144
2026-05-29 12:00:00+00:00,5604,1.16477,1.16491,1.16416,1.1649,1.16482,1.16498,0.00015999999999993797
2026-05-29 13:00:00+00:00,6999,1.16492,1.16532,1.1645,1.16474,1.16465,1.16482,0.00017000000000000348
2026-05-29 14:00:00+00:00,13964,1.16473,1.16746,1.16406,1.16687,1.16679,1.16695,0.00015999999999993797
2026-05-29 15:00:00+00:00,12409,1.16686,1.16859,1.16673,1.16781,1.16773,1.16789,0.00016000000000016001
2026-05-29 16:00:00+00:00,6709,1.1678,1.16792,1.16666,1.16723,1.16714,1.16732,0.00017999999999984695
2026-05-29 17:00:00+00:00,4715,1.16722,1.16734,1.16622,1.16624,1.16616,1.16631,0.00014999999999987246
2026-05-29 18:00:00+00:00,5159,1.16624,1.16686,1.16605,1.16642,1.16633,1.1665,0.00017000000000000348
2026-05-29 19:00:00+00:00,4405,1.16641,1.16695,1.16638,1.16646,1.16638,1.16655,0.00017000000000000348
2026-05-29 20:00:00+00:00,2773,1.16648,1.1665,1.16587,1.16621,1.16598,1.16644,0.00045999999999990493
2026-05-31 21:00:00+00:00,642,1.16543,1.16618,1.16543,1.166,1.16578,1.16622,0.00043999999999999595
2026-05-31 22:00:00+00:00,4265,1.16602,1.16611,1.16517,1.16544,1.16536,1.16552,0.00015999999999993797
2026-05-31 23:00:00+00:00,5765,1.16544,1.16558,1.16484,1.16486,1.16478,1.16494,0.00016000000000016001
2026-06-01 00:00:00+00:00,6358,1.16486,1.16538,1.1645,1.16477,1.1647,1.16484,0.000140000000000029
2026-06-01 01:00:00+00:00,3360,1.16478,1.16482,1.1642,1.16449,1.16441,1.16457,0.00016000000000016001
2026-06-01 02:00:00+00:00,1951,1.16448,1.16472,1.16437,1.16466,1.16458,1.16474,0.00016000000000016001
2026-06-01 03:00:00+00:00,2329,1.16468,1.16491,1.16416,1.16439,1.16431,1.16447,0.00015999999999993797
2026-06-01 04:00:00+00:00,1444,1.16438,1.16486,1.16435,1.16482,1.16473,1.1649,0.00017000000000000348
2026-06-01 05:00:00+00:00,2378,1.16482,1.16534,1.16479,1.16514,1.16507,1.16522,0.00014999999999987246
2026-06-01 06:00:00+00:00,5808,1.16514,1.16648,1.16502,1.16647,1.16639,1.16655,0.00015999999999993797
2026-06-01 07:00:00+00:00,5120,1.16644,1.16648,1.16518,1.16566,1.16558,1.16575,0.00017000000000000348
2026-06-01 08:00:00+00:00,3989,1.16568,1.16602,1.16535,1.16578,1.16571,1.16585,0.000140000000000029
2026-06-01 09:00:00+00:00,4734,1.16577,1.16606,1.16483,1.16508,1.16501,1.16516,0.00014999999999987246
2026-06-01 10:00:00+00:00,3698,1.1651,1.16511,1.1646,1.16476,1.16468,1.16484,0.00016000000000016001
2026-06-01 11:00:00+00:00,3812,1.16474,1.16482,1.16416,1.16463,1.16455,1.16471,0.00015999999999993797
2026-06-01 12:00:00+00:00,5817,1.16464,1.16506,1.16452,1.16474,1.16466,1.16482,0.00015999999999993797
2026-06-01 13:00:00+00:00,17884,1.16474,1.16482,1.16101,1.16101,1.16092,1.1611,0.000180000000000069
2026-06-01 14:00:00+00:00,12747,1.16096,1.16184,1.16068,1.16175,1.16168,1.16182,0.000140000000000029
2026-06-01 15:00:00+00:00,9787,1.16178,1.16288,1.16153,1.1623,1.16223,1.16238,0.00014999999999987246
2026-06-01 16:00:00+00:00,6982,1.16232,1.16306,1.16164,1.16298,1.1629,1.16305,0.00014999999999987246
2026-06-01 17:00:00+00:00,7492,1.163,1.1638,1.16252,1.16348,1.1634,1.16356,0.00015999999999993797
2026-06-01 18:00:00+00:00,2447,1.16347,1.16353,1.16308,1.16308,1.163,1.16316,0.00015999999999993797
2026-06-01 19:00:00+00:00,3346,1.16308,1.16338,1.16267,1.16318,1.1631,1.16327,0.00017000000000000348
2026-06-01 20:00:00+00:00,1517,1.16318,1.16339,1.16306,1.16321,1.16313,1.16329,0.00015999999999993797
2026-06-01 21:00:00+00:00,1289,1.163,1.1637,1.16299,1.16341,1.16314,1.16368,0.0005399999999999849
2026-06-01 22:00:00+00:00,832,1.16342,1.16352,1.16326,1.16339,1.16331,1.16347,0.00015999999999993797
2026-06-01 23:00:00+00:00,1087,1.16342,1.16361,1.16328,1.16354,1.16346,1.16362,0.00016000000000016001
2026-06-02 00:00:00+00:00,3139,1.16354,1.16355,1.16294,1.16315,1.16306,1.16324,0.000180000000000069
2026-06-02 01:00:00+00:00,3714,1.16316,1.1637,1.16284,1.16307,1.16299,1.16315,0.00015999999999993797
2026-06-02 02:00:00+00:00,2203,1.16308,1.16346,1.16302,1.16308,1.163,1.16317,0.00017000000000000348
2026-06-02 03:00:00+00:00,2058,1.16309,1.16352,1.16309,1.16342,1.16334,1.1635,0.00015999999999993797
2026-06-02 04:00:00+00:00,1547,1.16342,1.16388,1.16342,1.16379,1.16371,1.16387,0.00015999999999993797
2026-06-02 05:00:00+00:00,1689,1.1638,1.16398,1.16362,1.16371,1.16363,1.16379,0.00016000000000016001
2026-06-02 06:00:00+00:00,5714,1.16372,1.16522,1.16372,1.16506,1.16498,1.16513,0.0001500000000000945
2026-06-02 07:00:00+00:00,4566,1.16504,1.16508,1.1645,1.16486,1.16478,1.16494,0.00016000000000016001
2026-06-02 08:00:00+00:00,4030,1.16486,1.16526,1.16422,1.16436,1.16428,1.16444,0.00015999999999993797
2026-06-02 09:00:00+00:00,4063,1.16437,1.1645,1.16402,1.16433,1.16425,1.16441,0.00015999999999993797
2026-06-02 10:00:00+00:00,3347,1.16434,1.16461,1.16384,1.16437,1.1643,1.16444,0.000140000000000029
2026-06-02 11:00:00+00:00,3633,1.16438,1.16528,1.16437,1.16496,1.16488,1.16503,0.0001500000000000945
2026-06-02 12:00:00+00:00,5471,1.16497,1.16558,1.16474,1.16505,1.16497,1.16513,0.00015999999999993797
2026-06-02 13:00:00+00:00,7424,1.16505,1.16524,1.16396,1.16434,1.16424,1.16444,0.00019999999999997797
2026-06-02 14:00:00+00:00,8144,1.16434,1.165,1.16361,1.16436,1.16428,1.16444,0.00015999999999993797
2026-06-02 15:00:00+00:00,6375,1.16436,1.16452,1.16356,1.16406,1.16398,1.16413,0.0001500000000000945
2026-06-02 16:00:00+00:00,3623,1.16407,1.16412,1.16268,1.16284,1.16277,1.16291,0.000140000000000029
2026-06-02 17:00:00+00:00,2855,1.16283,1.16298,1.16202,1.16216,1.16207,1.16224,0.00017000000000000348
2026-06-02 18:00:00+00:00,3543,1.16216,1.163,1.16135,1.16285,1.16278,1.16292,0.000140000000000029
2026-06-02 19:00:00+00:00,2160,1.16286,1.16332,1.16286,1.16323,1.16316,1.1633,0.000140000000000029
2026-06-02 20:00:00+00:00,1498,1.16324,1.16349,1.163,1.1631,1.163,1.16319,0.00018999999999991246
2026-06-02 21:00:00+00:00,889,1.16299,1.16332,1.16292,1.163,1.16286,1.16313,0.00026999999999999247
2026-06-02 22:00:00+00:00,1165,1.16299,1.16302,1.16264,1.16267,1.1626,1.16274,0.000140000000000029
2026-06-02 23:00:00+00:00,2361,1.16268,1.16275,1.16198,1.16213,1.16205,1.16221,0.00015999999999993797
2026-06-03 00:00:00+00:00,3234,1.16212,1.16308,1.16204,1.16289,1.16282,1.16296,0.000140000000000029
2026-06-03 01:00:00+00:00,3568,1.1629,1.16336,1.16264,1.16296,1.16287,1.16304,0.00017000000000000348
2026-06-03 02:00:00+00:00,2086,1.16296,1.1632,1.1625,1.1628,1.16273,1.16288,0.00014999999999987246
2026-06-03 03:00:00+00:00,1975,1.16281,1.16295,1.16264,1.16277,1.16269,1.16285,0.00015999999999993797
2026-06-03 04:00:00+00:00,1417,1.16276,1.16282,1.16244,1.16256,1.16248,1.16265,0.00017000000000000348
2026-06-03 05:00:00+00:00,2566,1.16256,1.16271,1.16187,1.16188,1.1618,1.16195,0.0001500000000000945
2026-06-03 06:00:00+00:00,5783,1.16188,1.16224,1.16124,1.16164,1.16156,1.16171,0.0001500000000000945
2026-06-03 07:00:00+00:00,6586,1.16164,1.16244,1.16129,1.16162,1.16154,1.16171,0.00017000000000000348
2026-06-03 08:00:00+00:00,6007,1.16162,1.16168,1.16051,1.16082,1.16073,1.1609,0.00017000000000000348
2026-06-03 09:00:00+00:00,4676,1.16082,1.1616,1.1608,1.16136,1.16127,1.16144,0.00017000000000000348
2026-06-03 10:00:00+00:00,6644,1.16136,1.1623,1.16128,1.16161,1.16154,1.16168,0.000140000000000029
2026-06-03 11:00:00+00:00,3975,1.16162,1.16226,1.16154,1.16179,1.16172,1.16186,0.00013999999999980695
2026-06-03 12:00:00+00:00,6633,1.1618,1.16187,1.15968,1.16005,1.15997,1.16013,0.00016000000000016001
2026-06-03 13:00:00+00:00,8387,1.16006,1.16064,1.15974,1.1603,1.16022,1.16038,0.00015999999999993797
2026-06-03 14:00:00+00:00,12680,1.1603,1.16124,1.15949,1.16124,1.16115,1.16132,0.00017000000000000348
2026-06-03 15:00:00+00:00,9118,1.16124,1.1613,1.16026,1.16048,1.1604,1.16056,0.00015999999999993797
2026-06-03 16:00:00+00:00,6088,1.1605,1.1605,1.15952,1.16002,1.15995,1.16009,0.000140000000000029
2026-06-03 17:00:00+00:00,3029,1.16004,1.16036,1.15969,1.15984,1.15976,1.15993,0.00017000000000000348
2026-06-03 18:00:00+00:00,2844,1.15985,1.16,1.15954,1.15984,1.15976,1.15991,0.0001500000000000945
2026-06-03 19:00:00+00:00,2408,1.15982,1.16011,1.15972,1.15981,1.15973,1.15989,0.00016000000000016001
2026-06-03 20:00:00+00:00,1680,1.15982,1.16006,1.1597,1.15986,1.15978,1.15994,0.00015999999999993797
2026-06-03 21:00:00+00:00,1041,1.15998,1.16013,1.15976,1.15989,1.15973,1.16005,0.000320000000000098
2026-06-03 22:00:00+00:00,1944,1.15993,1.16124,1.15946,1.1606,1.16052,1.16067,0.0001500000000000945
2026-06-03 23:00:00+00:00,2051,1.16061,1.16108,1.16016,1.1609,1.16083,1.16098,0.00014999999999987246
2026-06-04 00:00:00+00:00,4014,1.1609,1.16126,1.16055,1.16068,1.16059,1.16076,0.00017000000000000348
2026-06-04 01:00:00+00:00,3609,1.16068,1.16102,1.16039,1.16096,1.16089,1.16104,0.0001500000000000945
2026-06-04 02:00:00+00:00,2188,1.16098,1.16113,1.16064,1.16101,1.16094,1.16108,0.00013999999999980695
2026-06-04 03:00:00+00:00,1739,1.161,1.16101,1.16026,1.1606,1.16053,1.16068,0.00014999999999987246
2026-06-04 04:00:00+00:00,2281,1.16061,1.16132,1.1604,1.16098,1.1609,1.16106,0.00015999999999993797
2026-06-04 05:00:00+00:00,2611,1.16098,1.16106,1.16052,1.16098,1.16091,1.16105,0.00013999999999980695
2026-06-04 06:00:00+00:00,4362,1.16098,1.1615,1.16072,1.16108,1.16101,1.16115,0.00013999999999980695
2026-06-04 07:00:00+00:00,5143,1.16106,1.16128,1.15986,1.1604,1.16033,1.16048,0.00014999999999987246
2026-06-04 08:00:00+00:00,5632,1.1604,1.16142,1.16037,1.16133,1.16126,1.1614,0.000140000000000029
2026-06-04 09:00:00+00:00,5828,1.16132,1.16284,1.16132,1.16258,1.16251,1.16265,0.000140000000000029
2026-06-04 10:00:00+00:00,4677,1.16258,1.16342,1.16253,1.16305,1.16297,1.16313,0.00015999999999993797
2026-06-04 11:00:00+00:00,7081,1.16306,1.16455,1.16304,1.16418,1.16411,1.16426,0.0001500000000000945
2026-06-04 12:00:00+00:00,7378,1.16418,1.16452,1.16345,1.1637,1.16361,1.16378,0.00017000000000000348
2026-06-04 13:00:00+00:00,7125,1.1637,1.164,1.1634,1.16361,1.16353,1.16369,0.00015999999999993797
2026-06-04 14:00:00+00:00,5402,1.1636,1.164,1.16292,1.16306,1.16297,1.16314,0.00017000000000000348
2026-06-04 15:00:00+00:00,5649,1.16305,1.16316,1.16224,1.16284,1.16276,1.16291,0.0001500000000000945
2026-06-04 16:00:00+00:00,3111,1.16283,1.16298,1.16232,1.16234,1.16227,1.16242,0.0001500000000000945
2026-06-04 17:00:00+00:00,2007,1.16233,1.1624,1.16195,1.16208,1.162,1.16215,0.0001500000000000945
2026-06-04 18:00:00+00:00,2083,1.16208,1.16226,1.16134,1.1615,1.16143,1.16158,0.0001500000000000945
2026-06-04 19:00:00+00:00,2091,1.1615,1.16162,1.16106,1.16124,1.16116,1.16133,0.00017000000000000348
2026-06-04 20:00:00+00:00,1144,1.16125,1.16137,1.16082,1.1611,1.16102,1.16119,0.00017000000000000348
2026-06-04 21:00:00+00:00,1252,1.16154,1.16162,1.16116,1.1614,1.16117,1.16162,0.00045000000000006146
2026-06-04 22:00:00+00:00,794,1.16144,1.16145,1.1611,1.16122,1.16114,1.16129,0.00014999999999987246
2026-06-04 23:00:00+00:00,813,1.16122,1.16138,1.1612,1.16124,1.16116,1.16133,0.00017000000000000348
2026-06-05 00:00:00+00:00,2942,1.16124,1.16142,1.1611,1.16128,1.1612,1.16135,0.0001500000000000945
2026-06-05 01:00:00+00:00,4481,1.16128,1.1615,1.161,1.16137,1.16128,1.16146,0.00017999999999984695
2026-06-05 02:00:00+00:00,2425,1.1614,1.16166,1.16125,1.1614,1.16132,1.16148,0.00016000000000016001
2026-06-05 03:00:00+00:00,1968,1.16141,1.16156,1.16136,1.16148,1.16139,1.16156,0.00017000000000000348
2026-06-05 04:00:00+00:00,1816,1.1615,1.1617,1.16138,1.16162,1.16153,1.1617,0.00017000000000000348
2026-06-05 05:00:00+00:00,2008,1.16162,1.16194,1.1615,1.16156,1.16149,1.16164,0.0001500000000000945
2026-06-05 06:00:00+00:00,3817,1.16155,1.16229,1.1613,1.16224,1.16215,1.16232,0.00017000000000000348
2026-06-05 07:00:00+00:00,4531,1.16222,1.16372,1.16216,1.1632,1.16312,1.16329,0.00017000000000000348
2026-06-05 08:00:00+00:00,4648,1.1632,1.164,1.1632,1.16368,1.16359,1.16376,0.00017000000000000348
2026-06-05 09:00:00+00:00,4878,1.16366,1.16445,1.16346,1.16387,1.16379,1.16395,0.00015999999999993797
2026-06-05 10:00:00+00:00,3077,1.16386,1.16443,1.16385,1.16404,1.16396,1.16413,0.00017000000000000348
2026-06-05 11:00:00+00:00,3830,1.16403,1.1642,1.16345,1.16416,1.16408,1.16424,0.00015999999999993797
2026-06-05 12:00:00+00:00,14885,1.16416,1.16428,1.15863,1.15866,1.15858,1.15874,0.00016000000000016001
2026-06-05 13:00:00+00:00,18474,1.15868,1.15998,1.15718,1.1572,1.15712,1.15727,0.0001500000000000945
2026-06-05 14:00:00+00:00,14441,1.1572,1.15806,1.15496,1.1559,1.15582,1.15599,0.00017000000000000348
2026-06-05 15:00:00+00:00,10186,1.1559,1.15601,1.15316,1.15325,1.15317,1.15333,0.00015999999999993797
2026-06-05 16:00:00+00:00,8395,1.15326,1.15331,1.15226,1.15322,1.15314,1.1533,0.00015999999999993797
2026-06-05 17:00:00+00:00,6459,1.15324,1.15332,1.15192,1.15243,1.15235,1.15251,0.00015999999999993797
2026-06-05 18:00:00+00:00,6884,1.15244,1.15291,1.15195,1.1523,1.15223,1.15237,0.00013999999999980695
2026-06-05 19:00:00+00:00,5022,1.1523,1.15274,1.15184,1.15253,1.15245,1.15261,0.00015999999999993797
2026-06-05 20:00:00+00:00,3374,1.15254,1.15263,1.1518,1.15226,1.15177,1.15274,0.0009700000000001374
2026-06-07 21:00:00+00:00,581,1.15115,1.15157,1.15096,1.15115,1.15094,1.15136,0.0004199999999998649
2026-06-07 22:00:00+00:00,3915,1.15104,1.15188,1.15088,1.15134,1.15126,1.15142,0.00016000000000016001
2026-06-07 23:00:00+00:00,2668,1.15132,1.15228,1.15132,1.1522,1.15212,1.15229,0.00017000000000000348
2026-06-08 00:00:00+00:00,3942,1.15219,1.15337,1.1521,1.15335,1.15327,1.15343,0.00015999999999993797
2026-06-08 01:00:00+00:00,10916,1.15336,1.15348,1.15118,1.15265,1.15257,1.15273,0.00015999999999993797
2026-06-08 02:00:00+00:00,5329,1.15266,1.15316,1.15206,1.15286,1.15278,1.15294,0.00016000000000016001
2026-06-08 03:00:00+00:00,2947,1.15286,1.15325,1.15261,1.15324,1.15316,1.15331,0.0001500000000000945
2026-06-08 04:00:00+00:00,2681,1.15324,1.1534,1.15301,1.15314,1.15306,1.15322,0.00015999999999993797
2026-06-08 05:00:00+00:00,5305,1.15316,1.15398,1.15178,1.15192,1.15185,1.152,0.00014999999999987246
2026-06-08 06:00:00+00:00,7393,1.15192,1.15249,1.15135,1.15153,1.15145,1.15161,0.00015999999999993797
2026-06-08 07:00:00+00:00,7947,1.15152,1.15269,1.15144,1.15166,1.15158,1.15173,0.00014999999999987246
2026-06-08 08:00:00+00:00,8162,1.15165,1.15235,1.15079,1.15084,1.15077,1.15092,0.00014999999999987246
2026-06-08 09:00:00+00:00,8017,1.15084,1.15146,1.14997,1.15126,1.15118,1.15134,0.00015999999999993797
2026-06-08 10:00:00+00:00,8312,1.15126,1.15325,1.151,1.15245,1.15237,1.15253,0.00016000000000016001
2026-06-08 11:00:00+00:00,10041,1.15246,1.15438,1.15234,1.15366,1.15358,1.15374,0.00015999999999993797
2026-06-08 12:00:00+00:00,8039,1.15364,1.15437,1.15351,1.15422,1.15414,1.15429,0.0001500000000000945
2026-06-08 13:00:00+00:00,11137,1.15424,1.15548,1.15414,1.15416,1.15408,1.15424,0.00015999999999993797
2026-06-08 14:00:00+00:00,10139,1.15414,1.15444,1.15318,1.15428,1.15419,1.15436,0.00017000000000000348
2026-06-08 15:00:00+00:00,7715,1.1543,1.15478,1.15365,1.15442,1.15434,1.1545,0.00016000000000016001
2026-06-08 16:00:00+00:00,4643,1.15442,1.15462,1.15389,1.15389,1.15381,1.15397,0.00015999999999993797
2026-06-08 17:00:00+00:00,4881,1.1539,1.15415,1.15356,1.1538,1.15373,1.15388,0.0001500000000000945
2026-06-08 18:00:00+00:00,4319,1.15381,1.15421,1.15278,1.15284,1.15275,1.15292,0.00017000000000000348
2026-06-08 19:00:00+00:00,4424,1.15284,1.15344,1.1528,1.15309,1.15301,1.15317,0.00015999999999993797
2026-06-08 20:00:00+00:00,1542,1.15308,1.15338,1.15304,1.15324,1.15314,1.15333,0.00018999999999991246
2026-06-08 21:00:00+00:00,888,1.1537,1.1539,1.15342,1.15372,1.1536,1.15385,0.0002500000000000835
2026-06-08 22:00:00+00:00,1010,1.15375,1.15375,1.15326,1.15338,1.15329,1.15346,0.00017000000000000348
2026-06-08 23:00:00+00:00,1155,1.15338,1.15342,1.1528,1.15282,1.15273,1.1529,0.00017000000000000348
2026-06-09 00:00:00+00:00,4539,1.15281,1.15317,1.1527,1.15314,1.15306,1.15321,0.0001500000000000945
2026-06-09 01:00:00+00:00,4407,1.15315,1.15398,1.15305,1.15397,1.15389,1.15405,0.00015999999999993797
2026-06-09 02:00:00+00:00,2618,1.15398,1.15405,1.15368,1.15376,1.15368,1.15384,0.00015999999999993797
2026-06-09 03:00:00+00:00,2570,1.15376,1.154,1.15348,1.1538,1.15372,1.15388,0.00015999999999993797
2026-06-09 04:00:00+00:00,2275,1.1538,1.15484,1.1537,1.15456,1.15448,1.15463,0.0001500000000000945
2026-06-09 05:00:00+00:00,4395,1.15456,1.15476,1.15396,1.15448,1.1544,1.15456,0.00015999999999993797
2026-06-09 06:00:00+00:00,5543,1.1545,1.15536,1.15434,1.1544,1.15433,1.15448,0.00014999999999987246
2026-06-09 07:00:00+00:00,5715,1.15441,1.1547,1.15374,1.15394,1.15386,1.15401,0.00014999999999987246
2026-06-09 08:00:00+00:00,5755,1.15393,1.15526,1.15365,1.15508,1.15501,1.15515,0.00013999999999980695
2026-06-09 09:00:00+00:00,4065,1.15509,1.15638,1.15504,1.15615,1.15608,1.15622,0.000140000000000029
2026-06-09 10:00:00+00:00,3866,1.15614,1.15696,1.15602,1.15655,1.15647,1.15663,0.00015999999999993797
2026-06-09 11:00:00+00:00,3246,1.15654,1.15742,1.15654,1.15726,1.15718,1.15734,0.00015999999999993797
2026-06-09 12:00:00+00:00,4513,1.15728,1.15749,1.15692,1.15736,1.15728,1.15744,0.00015999999999993797
2026-06-09 13:00:00+00:00,8070,1.15738,1.15781,1.15636,1.15664,1.15656,1.15671,0.00014999999999987246
2026-06-09 14:00:00+00:00,12106,1.15664,1.15734,1.15582,1.15624,1.15616,1.15632,0.00015999999999993797
2026-06-09 15:00:00+00:00,10795,1.15624,1.15674,1.15458,1.15552,1.15545,1.15559,0.00013999999999980695
2026-06-09 16:00:00+00:00,15341,1.15552,1.15576,1.15286,1.1541,1.15402,1.15418,0.00015999999999993797
2026-06-09 17:00:00+00:00,10074,1.15408,1.15532,1.154,1.15482,1.15474,1.1549,0.00015999999999993797
2026-06-09 18:00:00+00:00,6701,1.15482,1.15532,1.15464,1.15498,1.15489,1.15506,0.00017000000000000348
2026-06-09 19:00:00+00:00,4948,1.15498,1.15502,1.15396,1.15416,1.15408,1.15423,0.0001500000000000945
2026-06-09 20:00:00+00:00,1543,1.15415,1.15457,1.15407,1.1544,1.15431,1.15449,0.000180000000000069
2026-06-09 21:00:00+00:00,805,1.15454,1.15456,1.1536,1.15394,1.15374,1.15415,0.00041000000000002146
2026-06-09 22:00:00+00:00,1597,1.15387,1.15405,1.15362,1.15366,1.15358,1.15373,0.00014999999999987246
2026-06-09 23:00:00+00:00,1836,1.15366,1.15392,1.15332,1.15351,1.15344,1.15358,0.000140000000000029
2026-06-10 00:00:00+00:00,6005,1.15353,1.15436,1.15334,1.15424,1.15416,1.15433,0.00017000000000000348
2026-06-10 01:00:00+00:00,6134,1.15426,1.1543,1.15354,1.15378,1.15371,1.15385,0.000140000000000029
2026-06-10 02:00:00+00:00,4198,1.1538,1.1545,1.15369,1.15426,1.15417,1.15435,0.000180000000000069
2026-06-10 03:00:00+00:00,3342,1.15426,1.15522,1.15424,1.15504,1.15495,1.15512,0.00017000000000000348
2026-06-10 04:00:00+00:00,3364,1.15504,1.15507,1.15445,1.15464,1.15456,1.15472,0.00015999999999993797
2026-06-10 05:00:00+00:00,3955,1.15464,1.15556,1.15454,1.15544,1.15536,1.15552,0.00016000000000016001
2026-06-10 06:00:00+00:00,5068,1.15546,1.15582,1.15484,1.15488,1.1548,1.15497,0.00017000000000000348
2026-06-10 07:00:00+00:00,5683,1.15488,1.15588,1.15467,1.15538,1.1553,1.15546,0.00015999999999993797
2026-06-10 08:00:00+00:00,6456,1.1554,1.15542,1.15481,1.15536,1.15528,1.15545,0.00017000000000000348
2026-06-10 09:00:00+00:00,5607,1.15538,1.15597,1.15507,1.15579,1.15572,1.15586,0.000140000000000029
2026-06-10 10:00:00+00:00,4714,1.1558,1.15594,1.15504,1.1552,1.15513,1.15528,0.0001500000000000945
2026-06-10 11:00:00+00:00,11300,1.15524,1.15526,1.15357,1.15366,1.15359,1.15374,0.0001500000000000945
2026-06-10 12:00:00+00:00,12848,1.15368,1.15649,1.1536,1.15486,1.15477,1.15494,0.00017000000000000348
2026-06-10 13:00:00+00:00,11010,1.15485,1.15731,1.15475,1.15626,1.15618,1.15634,0.00015999999999993797
2026-06-10 14:00:00+00:00,12481,1.15626,1.15672,1.15501,1.15522,1.15514,1.1553,0.00015999999999993797
2026-06-10 15:00:00+00:00,14849,1.15524,1.15569,1.15344,1.15494,1.15486,1.15501,0.0001500000000000945
2026-06-10 16:00:00+00:00,7784,1.15494,1.15595,1.15486,1.15539,1.15531,1.15547,0.00015999999999993797
2026-06-10 17:00:00+00:00,7319,1.1554,1.15567,1.15447,1.15525,1.15517,1.15533,0.00015999999999993797
2026-06-10 18:00:00+00:00,6176,1.15526,1.15577,1.15482,1.15483,1.15475,1.15491,0.00016000000000016001
2026-06-10 19:00:00+00:00,5249,1.15484,1.15488,1.15412,1.15414,1.15406,1.15423,0.00017000000000000348
2026-06-10 20:00:00+00:00,2252,1.15414,1.15415,1.1535,1.15357,1.15347,1.15367,0.00019999999999997797
2026-06-10 21:00:00+00:00,444,1.15366,1.15407,1.15354,1.15358,1.15346,1.15371,0.0002500000000000835
2026-06-10 22:00:00+00:00,3085,1.15358,1.15368,1.15284,1.15298,1.15291,1.15306,0.00014999999999987246
2026-06-10 23:00:00+00:00,5255,1.15298,1.15378,1.15257,1.15354,1.15346,1.15363,0.00017000000000000348
2026-06-11 00:00:00+00:00,7700,1.15355,1.1543,1.15355,1.15425,1.15417,1.15433,0.00016000000000016001
2026-06-11 01:00:00+00:00,6115,1.15426,1.15561,1.15416,1.15541,1.15534,1.15548,0.000140000000000029
2026-06-11 02:00:00+00:00,4514,1.15541,1.15543,1.15462,1.1548,1.15472,1.15488,0.00015999999999993797
2026-06-11 03:00:00+00:00,4211,1.1548,1.15492,1.15444,1.15453,1.15444,1.15462,0.000180000000000069
2026-06-11 04:00:00+00:00,3539,1.15454,1.15504,1.15426,1.15484,1.15476,1.15491,0.0001500000000000945
2026-06-11 05:00:00+00:00,4264,1.15484,1.15514,1.15455,1.15474,1.15466,1.15482,0.00015999999999993797
2026-06-11 06:00:00+00:00,4723,1.15474,1.15474,1.15404,1.15418,1.15409,1.15426,0.00017000000000000348
2026-06-11 07:00:00+00:00,6186,1.15418,1.15556,1.15413,1.1545,1.15442,1.15459,0.00017000000000000348
2026-06-11 08:00:00+00:00,5619,1.15448,1.15455,1.15307,1.15323,1.15316,1.1533,0.000140000000000029
2026-06-11 09:00:00+00:00,4667,1.15322,1.15373,1.153,1.1534,1.15332,1.15349,0.00017000000000000348
2026-06-11 10:00:00+00:00,4272,1.15339,1.15345,1.15232,1.15312,1.15305,1.1532,0.0001500000000000945
2026-06-11 11:00:00+00:00,5096,1.15314,1.15418,1.15314,1.15382,1.15374,1.1539,0.00015999999999993797
2026-06-11 12:00:00+00:00,15868,1.15384,1.15435,1.15164,1.15398,1.1539,1.15407,0.00017000000000000348
2026-06-11 13:00:00+00:00,12438,1.15399,1.15406,1.15176,1.15296,1.15287,1.15304,0.00017000000000000348
2026-06-11 14:00:00+00:00,9809,1.15296,1.15306,1.15148,1.15194,1.15186,1.15201,0.00014999999999987246
2026-06-11 15:00:00+00:00,9642,1.15194,1.15244,1.1514,1.15145,1.15137,1.15153,0.00015999999999993797
2026-06-11 16:00:00+00:00,6435,1.15146,1.1516,1.15074,1.1509,1.15082,1.15098,0.00015999999999993797
2026-06-11 17:00:00+00:00,23524,1.15088,1.15664,1.1503,1.15511,1.15502,1.1552,0.000180000000000069
2026-06-11 18:00:00+00:00,17831,1.15512,1.15666,1.15413,1.1558,1.15572,1.15587,0.00014999999999987246
2026-06-11 19:00:00+00:00,13738,1.1558,1.15899,1.1558,1.15789,1.15781,1.15797,0.00015999999999993797
2026-06-11 20:00:00+00:00,3776,1.1579,1.15836,1.15763,1.15792,1.15782,1.15802,0.00019999999999997797
2026-06-11 21:00:00+00:00,447,1.15786,1.15806,1.15765,1.15774,1.15764,1.15784,0.00019999999999997797
2026-06-11 22:00:00+00:00,2447,1.15772,1.15851,1.15732,1.1585,1.15843,1.15858,0.00014999999999987246
2026-06-11 23:00:00+00:00,2737,1.1585,1.15866,1.15744,1.15756,1.15747,1.15764,0.00017000000000000348
2026-06-12 00:00:00+00:00,5997,1.15755,1.15766,1.15662,1.15696,1.15689,1.15704,0.0001500000000000945
2026-06-12 01:00:00+00:00,5365,1.15697,1.15701,1.15616,1.15634,1.15625,1.15642,0.00017000000000000348
2026-06-12 02:00:00+00:00,4104,1.15633,1.15705,1.15628,1.15668,1.1566,1.15677,0.00017000000000000348
2026-06-12 03:00:00+00:00,4249,1.15668,1.15753,1.15651,1.15722,1.15714,1.15729,0.00014999999999987246
2026-06-12 04:00:00+00:00,3207,1.15722,1.15752,1.15687,1.15716,1.15707,1.15724,0.00017000000000000348
2026-06-12 05:00:00+00:00,5076,1.15716,1.15739,1.15574,1.15576,1.15568,1.15584,0.00015999999999993797
2026-06-12 06:00:00+00:00,6767,1.15576,1.15743,1.15576,1.15731,1.15723,1.15739,0.00015999999999993797
2026-06-12 07:00:00+00:00,8704,1.15732,1.15737,1.15572,1.15666,1.15657,1.15675,0.00017999999999984695
2026-06-12 08:00:00+00:00,10759,1.15666,1.15858,1.15654,1.15768,1.1576,1.15777,0.00017000000000000348
2026-06-12 09:00:00+00:00,7514,1.15769,1.15897,1.15735,1.15841,1.15833,1.15849,0.00015999999999993797
2026-06-12 10:00:00+00:00,7428,1.1584,1.15856,1.1569,1.15739,1.15731,1.15747,0.00015999999999993797
2026-06-12 11:00:00+00:00,5854,1.1574,1.15794,1.15707,1.15714,1.15707,1.15722,0.00014999999999987246
2026-06-12 12:00:00+00:00,6644,1.15715,1.15724,1.15601,1.15635,1.15627,1.15643,0.00016000000000016001
2026-06-12 13:00:00+00:00,11863,1.15636,1.1579,1.15618,1.15696,1.15687,1.15706,0.00018999999999991246
2026-06-12 14:00:00+00:00,13976,1.15696,1.15791,1.15662,1.15734,1.15726,1.15742,0.00015999999999993797
2026-06-12 15:00:00+00:00,10494,1.15734,1.15835,1.15715,1.1573,1.15722,1.15738,0.00016000000000016001
2026-06-12 16:00:00+00:00,8190,1.15728,1.15778,1.15696,1.15746,1.15739,1.15754,0.0001500000000000945
2026-06-12 17:00:00+00:00,4576,1.15747,1.15776,1.15718,1.15746,1.15738,1.15754,0.00015999999999993797
2026-06-12 18:00:00+00:00,3595,1.15746,1.15786,1.15724,1.15748,1.1574,1.15756,0.00015999999999993797
2026-06-12 19:00:00+00:00,3907,1.15746,1.15778,1.15686,1.15714,1.15707,1.15722,0.00014999999999987246
2026-06-12 20:00:00+00:00,2872,1.15714,1.15718,1.15658,1.15669,1.15659,1.15679,0.00019999999999997797
2026-06-14 21:00:00+00:00,1516,1.15752,1.16068,1.15726,1.1606,1.1604,1.16081,0.0004099999999997994
2026-06-14 22:00:00+00:00,6396,1.16062,1.16176,1.16019,1.16087,1.16079,1.16095,0.00015999999999993797
2026-06-14 23:00:00+00:00,3572,1.16088,1.16094,1.16022,1.1603,1.16021,1.16038,0.00017000000000000348
2026-06-15 00:00:00+00:00,5269,1.16029,1.16118,1.1598,1.15988,1.15981,1.15996,0.0001500000000000945
2026-06-15 01:00:00+00:00,4023,1.15988,1.16017,1.15942,1.15982,1.15975,1.15989,0.000140000000000029
2026-06-15 02:00:00+00:00,2387,1.15982,1.16014,1.15944,1.15996,1.15987,1.16004,0.00017000000000000348
2026-06-15 03:00:00+00:00,2071,1.15995,1.16052,1.15984,1.16043,1.16035,1.16051,0.00015999999999993797
2026-06-15 04:00:00+00:00,1912,1.16042,1.16134,1.16033,1.16127,1.16119,1.16135,0.00016000000000016001
2026-06-15 05:00:00+00:00,3114,1.16128,1.16221,1.16127,1.16169,1.16161,1.16177,0.00015999999999993797
2026-06-15 06:00:00+00:00,5981,1.16168,1.1618,1.16008,1.16064,1.16056,1.16071,0.00014999999999987246
2026-06-15 07:00:00+00:00,6718,1.16066,1.16106,1.16015,1.16062,1.16054,1.1607,0.00016000000000016001
2026-06-15 08:00:00+00:00,5230,1.16061,1.16103,1.15972,1.16016,1.16008,1.16024,0.00015999999999993797
2026-06-15 09:00:00+00:00,4556,1.16016,1.16108,1.16007,1.1607,1.16061,1.16078,0.00017000000000000348
2026-06-15 10:00:00+00:00,3629,1.16071,1.16144,1.16034,1.16106,1.16098,1.16113,0.0001500000000000945
2026-06-15 11:00:00+00:00,4659,1.16105,1.16142,1.16056,1.1609,1.16082,1.16097,0.0001500000000000945
2026-06-15 12:00:00+00:00,5648,1.1609,1.16197,1.16044,1.16156,1.16148,1.16164,0.00015999999999993797
2026-06-15 13:00:00+00:00,6641,1.16154,1.16205,1.16122,1.1617,1.16162,1.16177,0.00014999999999987246
2026-06-15 14:00:00+00:00,8126,1.16169,1.16186,1.16056,1.16078,1.1607,1.16085,0.00014999999999987246
2026-06-15 15:00:00+00:00,5328,1.16076,1.16076,1.15967,1.15986,1.15977,1.15994,0.00017000000000000348
2026-06-15 16:00:00+00:00,4310,1.15985,1.16052,1.15975,1.16036,1.16028,1.16043,0.0001500000000000945
2026-06-15 17:00:00+00:00,3312,1.16035,1.16041,1.1598,1.15994,1.15986,1.16001,0.0001500000000000945
2026-06-15 18:00:00+00:00,3713,1.15994,1.16031,1.1594,1.15948,1.15939,1.15956,0.00017000000000000348
2026-06-15 19:00:00+00:00,3938,1.15948,1.15962,1.15845,1.15852,1.15844,1.1586,0.00016000000000016001
2026-06-15 20:00:00+00:00,1759,1.15852,1.15902,1.15836,1.15894,1.15885,1.15904,0.0001900000000001345
2026-06-15 21:00:00+00:00,1513,1.15939,1.15958,1.15882,1.15904,1.15893,1.15916,0.00022999999999995246
2026-06-15 22:00:00+00:00,1237,1.15902,1.15911,1.15856,1.15886,1.15877,1.15895,0.00017999999999984695
2026-06-15 23:00:00+00:00,1054,1.15886,1.15937,1.15885,1.15913,1.15905,1.15921,0.00016000000000016001
2026-06-16 00:00:00+00:00,2817,1.15912,1.15936,1.1588,1.15931,1.15924,1.15938,0.000140000000000029
2026-06-16 01:00:00+00:00,3507,1.1593,1.15952,1.1587,1.15878,1.1587,1.15886,0.00015999999999993797
2026-06-16 02:00:00+00:00,2528,1.15878,1.15894,1.15828,1.15878,1.1587,1.15886,0.00015999999999993797
2026-06-16 03:00:00+00:00,2545,1.15878,1.15886,1.15842,1.15864,1.15856,1.15872,0.00015999999999993797
2026-06-16 04:00:00+00:00,3041,1.15864,1.1587,1.15758,1.1579,1.15781,1.15798,0.00017000000000000348
2026-06-16 05:00:00+00:00,2659,1.1579,1.15809,1.15753,1.15753,1.15745,1.15761,0.00015999999999993797
2026-06-16 06:00:00+00:00,4875,1.15752,1.15876,1.15748,1.15874,1.15866,1.15882,0.00015999999999993797
2026-06-16 07:00:00+00:00,4913,1.15874,1.15956,1.15852,1.15956,1.15948,1.15965,0.00017000000000000348
2026-06-16 08:00:00+00:00,4414,1.15958,1.16065,1.15933,1.16058,1.1605,1.16066,0.00015999999999993797
2026-06-16 09:00:00+00:00,4551,1.16058,1.16093,1.15999,1.1601,1.16003,1.16018,0.0001500000000000945
2026-06-16 10:00:00+00:00,4042,1.1601,1.16131,1.16005,1.16119,1.16111,1.16127,0.00015999999999993797
2026-06-16 11:00:00+00:00,4104,1.16118,1.16118,1.15972,1.1599,1.15982,1.15999,0.00017000000000000348
2026-06-16 12:00:00+00:00,5375,1.1599,1.16019,1.15914,1.15996,1.15988,1.16003,0.00014999999999987246
2026-06-16 13:00:00+00:00,6749,1.15995,1.16036,1.15912,1.15927,1.15919,1.15935,0.00016000000000016001
2026-06-16 14:00:00+00:00,7893,1.15928,1.16084,1.1588,1.16069,1.16061,1.16077,0.00016000000000016001
2026-06-16 15:00:00+00:00,7249,1.16071,1.16188,1.15998,1.16141,1.16133,1.16149,0.00015999999999993797
2026-06-16 16:00:00+00:00,5427,1.16142,1.16198,1.16116,1.16133,1.16125,1.16141,0.00016000000000016001
2026-06-16 17:00:00+00:00,3324,1.16132,1.16138,1.16108,1.16114,1.16106,1.16122,0.00015999999999993797
2026-06-16 18:00:00+00:00,3280,1.16114,1.16142,1.16065,1.16106,1.16099,1.16113,0.000140000000000029
2026-06-16 19:00:00+00:00,3951,1.16106,1.16138,1.16058,1.16082,1.16074,1.16089,0.00014999999999987246
2026-06-16 20:00:00+00:00,1635,1.16081,1.16098,1.16066,1.16085,1.16076,1.16094,0.000180000000000069
2026-06-16 21:00:00+00:00,4085,1.16098,1.16134,1.16085,1.16091,1.16072,1.1611,0.00038000000000004697
2026-06-16 22:00:00+00:00,1243,1.1609,1.16133,1.1609,1.16125,1.16116,1.16134,0.000180000000000069
2026-06-16 23:00:00+00:00,2374,1.16124,1.16151,1.16091,1.16098,1.1609,1.16106,0.00015999999999993797
2026-06-17 00:00:00+00:00,3081,1.16098,1.16168,1.16088,1.16148,1.16139,1.16156,0.00017000000000000348
2026-06-17 01:00:00+00:00,2392,1.16146,1.16161,1.16103,1.16124,1.16116,1.16131,0.0001500000000000945
2026-06-17 02:00:00+00:00,1217,1.16123,1.1615,1.16093,1.16093,1.16085,1.16101,0.00016000000000016001
2026-06-17 03:00:00+00:00,1430,1.16094,1.16122,1.16084,1.16104,1.16096,1.16111,0.0001500000000000945
2026-06-17 04:00:00+00:00,1269,1.16105,1.16136,1.161,1.16124,1.16116,1.16132,0.00015999999999993797
2026-06-17 05:00:00+00:00,1778,1.16124,1.16149,1.16106,1.16122,1.16115,1.16129,0.000140000000000029
2026-06-17 06:00:00+00:00,3957,1.16123,1.16146,1.16038,1.1608,1.16072,1.16087,0.0001500000000000945
2026-06-17 07:00:00+00:00,4095,1.16079,1.16148,1.16044,1.16084,1.16077,1.16092,0.00014999999999987246
2026-06-17 08:00:00+00:00,3945,1.16084,1.16084,1.15982,1.1602,1.16012,1.16028,0.00015999999999993797
2026-06-17 09:00:00+00:00,3039,1.1602,1.1606,1.16008,1.1604,1.16032,1.16048,0.00015999999999993797
2026-06-17 10:00:00+00:00,3411,1.1604,1.16046,1.15955,1.15972,1.15964,1.1598,0.00015999999999993797
2026-06-17 11:00:00+00:00,4050,1.1597,1.15972,1.15854,1.15916,1.15907,1.15924,0.00017000000000000348
2026-06-17 12:00:00+00:00,4557,1.15917,1.16028,1.15907,1.16022,1.16014,1.1603,0.00016000000000016001
2026-06-17 13:00:00+00:00,5909,1.16022,1.16028,1.15956,1.1597,1.15963,1.15978,0.0001500000000000945
2026-06-17 14:00:00+00:00,8557,1.1597,1.15984,1.1581,1.15894,1.15886,1.15902,0.00015999999999993797
2026-06-17 15:00:00+00:00,5537,1.15892,1.1594,1.15872,1.15926,1.15918,1.15934,0.00015999999999993797
2026-06-17 16:00:00+00:00,3560,1.15928,1.15934,1.15888,1.15917,1.1591,1.15924,0.000140000000000029
2026-06-17 17:00:00+00:00,4016,1.15917,1.15963,1.1588,1.15961,1.1595,1.15972,0.000220000000000109
2026-06-17 18:00:00+00:00,43715,1.15959,1.15963,1.15356,1.15389,1.15381,1.15397,0.00015999999999993797
2026-06-17 19:00:00+00:00,35784,1.15388,1.1542,1.14779,1.14943,1.14935,1.14951,0.00015999999999993797
2026-06-17 20:00:00+00:00,5670,1.14941,1.15056,1.1487,1.1502,1.1501,1.1503,0.00020000000000020002
2026-06-17 21:00:00+00:00,790,1.15013,1.15042,1.15006,1.15038,1.15024,1.15051,0.00026999999999999247
2026-06-17 22:00:00+00:00,2242,1.15039,1.15058,1.15003,1.15046,1.15038,1.15055,0.00017000000000000348
2026-06-17 23:00:00+00:00,1936,1.15046,1.15085,1.15038,1.1507,1.15062,1.15077,0.0001500000000000945
2026-06-18 00:00:00+00:00,6765,1.15069,1.15208,1.15068,1.15155,1.15147,1.15163,0.00015999999999993797
2026-06-18 01:00:00+00:00,4120,1.15154,1.15224,1.15154,1.15166,1.15158,1.15173,0.00014999999999987246
2026-06-18 02:00:00+00:00,2645,1.15166,1.15209,1.15131,1.15179,1.15172,1.15186,0.000140000000000029
2026-06-18 03:00:00+00:00,2224,1.15179,1.15244,1.15178,1.15235,1.15227,1.15243,0.00016000000000016001
2026-06-18 04:00:00+00:00,3157,1.15234,1.15264,1.15206,1.15232,1.15224,1.1524,0.00016000000000016001
2026-06-18 05:00:00+00:00,2997,1.15232,1.15248,1.15103,1.15106,1.15099,1.15114,0.0001500000000000945
2026-06-18 06:00:00+00:00,7163,1.15106,1.15283,1.15104,1.15195,1.15187,1.15203,0.00016000000000016001
2026-06-18 07:00:00+00:00,7374,1.15194,1.1523,1.15066,1.15129,1.15121,1.15137,0.00015999999999993797
2026-06-18 08:00:00+00:00,8451,1.15132,1.1514,1.14821,1.14826,1.14819,1.14834,0.00014999999999987246
2026-06-18 09:00:00+00:00,9227,1.14826,1.1486,1.14747,1.14768,1.1476,1.14776,0.00015999999999993797
2026-06-18 10:00:00+00:00,8494,1.14768,1.14773,1.14596,1.14607,1.14599,1.14615,0.00015999999999993797
2026-06-18 11:00:00+00:00,8750,1.14608,1.1467,1.14544,1.14575,1.14567,1.14583,0.00015999999999993797
2026-06-18 12:00:00+00:00,11534,1.14573,1.14818,1.14532,1.14694,1.14686,1.14702,0.00015999999999993797
2026-06-18 13:00:00+00:00,13196,1.14694,1.14842,1.14631,1.14722,1.14714,1.1473,0.00015999999999993797
2026-06-18 14:00:00+00:00,11142,1.14722,1.14875,1.14678,1.14863,1.14855,1.14871,0.00015999999999993797
2026-06-18 15:00:00+00:00,9169,1.14864,1.14876,1.14691,1.14694,1.14686,1.14701,0.0001500000000000945
2026-06-18 16:00:00+00:00,7582,1.14693,1.14722,1.14614,1.14653,1.14645,1.14661,0.00015999999999993797
2026-06-18 17:00:00+00:00,4955,1.14654,1.14736,1.14624,1.14626,1.14618,1.14633,0.0001500000000000945
2026-06-18 18:00:00+00:00,4973,1.14628,1.14658,1.1459,1.14596,1.14588,1.14605,0.00017000000000000348
2026-06-18 19:00:00+00:00,7816,1.14596,1.1463,1.14513,1.14578,1.1457,1.14587,0.00017000000000000348
2026-06-18 20:00:00+00:00,2402,1.14579,1.14632,1.14558,1.14579,1.1457,1.14588,0.000180000000000069
2026-06-18 21:00:00+00:00,991,1.1463,1.1464,1.14592,1.14623,1.14612,1.14634,0.00021999999999988695
2026-06-18 22:00:00+00:00,1865,1.14628,1.14636,1.1459,1.14634,1.14627,1.14642,0.0001500000000000945
2026-06-18 23:00:00+00:00,1393,1.14635,1.14636,1.14572,1.14583,1.14575,1.14591,0.00015999999999993797
2026-06-19 00:00:00+00:00,3840,1.14586,1.14658,1.14584,1.1462,1.14612,1.14627,0.00014999999999987246
2026-06-19 01:00:00+00:00,3244,1.1462,1.14634,1.14528,1.14533,1.14526,1.1454,0.000140000000000029
2026-06-19 02:00:00+00:00,2106,1.14532,1.1458,1.14517,1.14546,1.14539,1.14554,0.0001500000000000945
2026-06-19 03:00:00+00:00,3525,1.14546,1.14548,1.14418,1.14424,1.14416,1.14432,0.00015999999999993797
2026-06-19 04:00:00+00:00,3589,1.14426,1.14436,1.14274,1.14288,1.1428,1.14296,0.00015999999999993797
2026-06-19 05:00:00+00:00,6893,1.14288,1.14338,1.1418,1.14308,1.143,1.14317,0.00017000000000000348
2026-06-19 06:00:00+00:00,6778,1.14309,1.14424,1.1429,1.14422,1.14414,1.1443,0.00016000000000016001
2026-06-19 07:00:00+00:00,6643,1.1442,1.14492,1.14419,1.14464,1.14457,1.14472,0.00014999999999987246
2026-06-19 08:00:00+00:00,5872,1.14466,1.14659,1.14464,1.14644,1.14635,1.14652,0.00017000000000000348
2026-06-19 09:00:00+00:00,4657,1.14644,1.14648,1.14585,1.14596,1.14587,1.14604,0.00017000000000000348
2026-06-19 10:00:00+00:00,4735,1.14593,1.14634,1.14526,1.14624,1.14616,1.14632,0.00015999999999993797
2026-06-19 11:00:00+00:00,3755,1.14625,1.1468,1.14592,1.14612,1.14604,1.1462,0.00016000000000016001
2026-06-19 12:00:00+00:00,6540,1.14614,1.1475,1.14614,1.14711,1.14703,1.14719,0.00015999999999993797
2026-06-19 13:00:00+00:00,6172,1.14712,1.14726,1.14568,1.1463,1.14622,1.14638,0.00015999999999993797
2026-06-19 14:00:00+00:00,6498,1.1463,1.14702,1.1458,1.14685,1.14677,1.14693,0.00015999999999993797
2026-06-19 15:00:00+00:00,4135,1.14684,1.14762,1.14626,1.14648,1.1464,1.14657,0.00017000000000000348
2026-06-19 16:00:00+00:00,2095,1.14648,1.14694,1.14619,1.1469,1.14681,1.14698,0.00017000000000000348
2026-06-19 17:00:00+00:00,3445,1.1469,1.14772,1.14678,1.1475,1.1474,1.1476,0.00019999999999997797
2026-06-19 18:00:00+00:00,2256,1.1475,1.14807,1.1474,1.14768,1.1476,1.14777,0.00017000000000000348
2026-06-19 19:00:00+00:00,1688,1.14768,1.14788,1.14752,1.14758,1.14747,1.14769,0.000220000000000109
2026-06-19 20:00:00+00:00,4297,1.14758,1.14772,1.14658,1.14712,1.1467,1.14754,0.0008399999999999519
2026-06-21 21:00:00+00:00,1080,1.14638,1.14697,1.14581,1.14622,1.14581,1.14662,0.0008099999999999774
2026-06-21 22:00:00+00:00,2192,1.1462,1.14678,1.14574,1.14624,1.14617,1.14631,0.000140000000000029
2026-06-21 23:00:00+00:00,2774,1.14623,1.14666,1.1458,1.14626,1.14618,1.14633,0.0001500000000000945
2026-06-22 00:00:00+00:00,4603,1.14627,1.14667,1.14578,1.14666,1.14658,1.14675,0.00017000000000000348
2026-06-22 01:00:00+00:00,6055,1.14665,1.14737,1.14636,1.14636,1.14629,1.14643,0.000140000000000029
2026-06-22 02:00:00+00:00,2858,1.14637,1.14678,1.14602,1.14656,1.14648,1.14663,0.0001500000000000945
2026-06-22 03:00:00+00:00,2855,1.14656,1.1467,1.14543,1.14564,1.14556,1.14571,0.0001500000000000945
2026-06-22 04:00:00+00:00,3175,1.14564,1.1457,1.1453,1.1456,1.14553,1.14568,0.0001500000000000945
2026-06-22 05:00:00+00:00,3559,1.14561,1.14629,1.14542,1.14543,1.14535,1.14551,0.00015999999999993797
2026-06-22 06:00:00+00:00,6242,1.14542,1.14634,1.14524,1.14601,1.14593,1.14609,0.00016000000000016001
2026-06-22 07:00:00+00:00,6559,1.14602,1.14626,1.14442,1.14459,1.14451,1.14467,0.00016000000000016001
2026-06-22 08:00:00+00:00,6844,1.1446,1.14532,1.14416,1.1451,1.14502,1.14517,0.0001500000000000945
2026-06-22 09:00:00+00:00,5874,1.1451,1.14632,1.14504,1.14581,1.14573,1.14589,0.00016000000000016001
2026-06-22 10:00:00+00:00,4563,1.1458,1.14636,1.14546,1.14564,1.14556,1.14573,0.00017000000000000348
2026-06-22 11:00:00+00:00,5117,1.14564,1.14603,1.14475,1.14486,1.14479,1.14494,0.0001500000000000945
2026-06-22 12:00:00+00:00,6195,1.14486,1.1462,1.14478,1.1455,1.14542,1.14557,0.00014999999999987246
2026-06-22 13:00:00+00:00,12509,1.14549,1.14552,1.14284,1.14286,1.14279,1.14293,0.000140000000000029
2026-06-22 14:00:00+00:00,14646,1.14286,1.14506,1.14258,1.14448,1.14441,1.14455,0.000140000000000029
2026-06-22 15:00:00+00:00,8129,1.14449,1.14502,1.14304,1.14318,1.1431,1.14327,0.00017000000000000348
2026-06-22 16:00:00+00:00,4818,1.14321,1.14323,1.14254,1.1431,1.14302,1.14319,0.00017000000000000348
2026-06-22 17:00:00+00:00,2941,1.1431,1.14335,1.14272,1.14291,1.14284,1.14298,0.000140000000000029
2026-06-22 18:00:00+00:00,2987,1.1429,1.14316,1.14224,1.14244,1.14236,1.14251,0.00014999999999987246
2026-06-22 19:00:00+00:00,3331,1.14247,1.14256,1.1419,1.1425,1.14242,1.14258,0.00015999999999993797
2026-06-22 20:00:00+00:00,1809,1.1425,1.14294,1.14246,1.14284,1.14276,1.14292,0.00015999999999993797
2026-06-22 21:00:00+00:00,1160,1.14272,1.14302,1.14252,1.14284,1.14275,1.14294,0.0001900000000001345
2026-06-22 22:00:00+00:00,1193,1.14285,1.14289,1.14254,1.14274,1.14267,1.14282,0.00014999999999987246
2026-06-22 23:00:00+00:00,1077,1.14274,1.14292,1.14256,1.14268,1.14261,1.14275,0.000140000000000029
2026-06-23 00:00:00+00:00,3571,1.14266,1.14278,1.14225,1.1427,1.14263,1.14277,0.000140000000000029
2026-06-23 01:00:00+00:00,3651,1.14271,1.14284,1.14225,1.14268,1.14261,1.14276,0.0001500000000000945
2026-06-23 02:00:00+00:00,2924,1.14269,1.1432,1.14256,1.14259,1.14251,1.14267,0.00016000000000016001
2026-06-23 03:00:00+00:00,3282,1.14258,1.143,1.14186,1.14297,1.14289,1.14305,0.00015999999999993797
2026-06-23 04:00:00+00:00,2219,1.14298,1.14302,1.14196,1.14211,1.14203,1.14219,0.00015999999999993797
2026-06-23 05:00:00+00:00,3843,1.1421,1.14258,1.1419,1.1423,1.14222,1.14238,0.00015999999999993797
2026-06-23 06:00:00+00:00,6067,1.1423,1.14302,1.14194,1.1423,1.14222,1.14238,0.00015999999999993797
2026-06-23 07:00:00+00:00,9982,1.14231,1.14391,1.14098,1.14118,1.1411,1.14126,0.00015999999999993797
2026-06-23 08:00:00+00:00,7101,1.1412,1.14175,1.14046,1.14082,1.14075,1.1409,0.0001500000000000945
2026-06-23 09:00:00+00:00,4555,1.14083,1.14114,1.1406,1.14111,1.14103,1.14119,0.00015999999999993797
2026-06-23 10:00:00+00:00,4787,1.1411,1.14128,1.13956,1.14006,1.13998,1.14015,0.00017000000000000348
2026-06-23 11:00:00+00:00,5196,1.14007,1.14028,1.13844,1.13856,1.13849,1.13864,0.0001500000000000945
2026-06-23 12:00:00+00:00,7387,1.13856,1.13946,1.13826,1.13888,1.13881,1.13896,0.00014999999999987246
2026-06-23 13:00:00+00:00,9895,1.13891,1.14002,1.13851,1.13897,1.13889,1.13905,0.00015999999999993797
2026-06-23 14:00:00+00:00,10562,1.13898,1.13913,1.13759,1.13821,1.13813,1.13829,0.00015999999999993797
2026-06-23 15:00:00+00:00,6718,1.1382,1.13856,1.13757,1.1383,1.13822,1.13838,0.00015999999999993797
2026-06-23 16:00:00+00:00,4531,1.13832,1.13838,1.13785,1.13796,1.13788,1.13803,0.0001500000000000945
2026-06-23 17:00:00+00:00,3293,1.13795,1.13818,1.13766,1.13796,1.13788,1.13803,0.0001500000000000945
2026-06-23 18:00:00+00:00,2634,1.13797,1.13807,1.13762,1.13787,1.13779,1.13795,0.00015999999999993797
2026-06-23 19:00:00+00:00,3776,1.13788,1.1383,1.13786,1.1379,1.13783,1.13798,0.0001500000000000945
2026-06-23 20:00:00+00:00,1523,1.1379,1.13818,1.1378,1.13818,1.13809,1.13827,0.00017999999999984695
2026-06-23 21:00:00+00:00,604,1.13837,1.13845,1.13833,1.13837,1.13827,1.13847,0.00020000000000020002
2026-06-23 22:00:00+00:00,1046,1.13838,1.13839,1.13788,1.13815,1.13808,1.13822,0.000140000000000029
2026-06-23 23:00:00+00:00,1469,1.13816,1.13836,1.13789,1.1379,1.13782,1.13797,0.00014999999999987246
2026-06-24 00:00:00+00:00,5400,1.1379,1.13824,1.13733,1.13763,1.13755,1.13771,0.00015999999999993797
2026-06-24 01:00:00+00:00,4880,1.13764,1.1377,1.1371,1.13766,1.13758,1.13773,0.00014999999999987246
2026-06-24 02:00:00+00:00,3198,1.13764,1.13768,1.13668,1.13675,1.13666,1.13684,0.000180000000000069
2026-06-24 03:00:00+00:00,3872,1.13676,1.13688,1.13614,1.13674,1.13666,1.13683,0.00017000000000000348
2026-06-24 04:00:00+00:00,2421,1.13673,1.13676,1.13613,1.1363,1.13623,1.13638,0.00014999999999987246
2026-06-24 05:00:00+00:00,3020,1.1363,1.13684,1.13628,1.13682,1.13673,1.1369,0.00017000000000000348
2026-06-24 06:00:00+00:00,5471,1.13681,1.13753,1.13576,1.13594,1.13585,1.13602,0.00017000000000000348
2026-06-24 07:00:00+00:00,7289,1.13592,1.1361,1.13514,1.13516,1.13508,1.13523,0.00014999999999987246
2026-06-24 08:00:00+00:00,7410,1.13514,1.13559,1.13378,1.13528,1.1352,1.13536,0.00015999999999993797
2026-06-24 09:00:00+00:00,6062,1.13526,1.13537,1.13446,1.1346,1.13452,1.13468,0.00015999999999993797
2026-06-24 10:00:00+00:00,4935,1.1346,1.13465,1.13384,1.13398,1.1339,1.13406,0.00016000000000016001
2026-06-24 11:00:00+00:00,6132,1.134,1.1349,1.1337,1.13404,1.13395,1.13412,0.00017000000000000348
2026-06-24 12:00:00+00:00,8522,1.13403,1.1346,1.13252,1.1329,1.13282,1.13299,0.00017000000000000348
2026-06-24 13:00:00+00:00,12093,1.13291,1.1348,1.13246,1.13442,1.13433,1.1345,0.00017000000000000348
2026-06-24 14:00:00+00:00,11907,1.13441,1.13524,1.1336,1.13418,1.1341,1.13426,0.00015999999999993797
2026-06-24 15:00:00+00:00,8947,1.13418,1.13618,1.134,1.13481,1.13473,1.13489,0.00015999999999993797
2026-06-24 16:00:00+00:00,6055,1.13484,1.1368,1.13468,1.13596,1.13589,1.13603,0.000140000000000029
2026-06-24 17:00:00+00:00,5668,1.13597,1.13612,1.1349,1.13496,1.13489,1.13504,0.0001500000000000945
2026-06-24 18:00:00+00:00,4990,1.135,1.13609,1.13498,1.13551,1.13543,1.13559,0.00016000000000016001
2026-06-24 19:00:00+00:00,4384,1.13552,1.13586,1.1351,1.13533,1.13525,1.13541,0.00015999999999993797
2026-06-24 20:00:00+00:00,3162,1.13534,1.13604,1.13523,1.13586,1.13577,1.13595,0.000180000000000069
2026-06-24 21:00:00+00:00,2152,1.13618,1.13637,1.13551,1.13586,1.13571,1.13601,0.00029999999999996696
2026-06-24 22:00:00+00:00,943,1.13583,1.13595,1.13548,1.1355,1.13542,1.13559,0.00017000000000000348
2026-06-24 23:00:00+00:00,1165,1.1355,1.13564,1.13529,1.1354,1.13532,1.13548,0.00015999999999993797
2026-06-25 00:00:00+00:00,3450,1.1354,1.13552,1.13477,1.13534,1.13527,1.13542,0.0001500000000000945
2026-06-25 01:00:00+00:00,4603,1.13536,1.13675,1.13532,1.1358,1.13572,1.13589,0.00017000000000000348
2026-06-25 02:00:00+00:00,3410,1.13582,1.13656,1.13566,1.13636,1.13628,1.13643,0.0001500000000000945
2026-06-25 03:00:00+00:00,3122,1.13635,1.13712,1.13629,1.13701,1.13693,1.13709,0.00015999999999993797
2026-06-25 04:00:00+00:00,2186,1.13702,1.1371,1.13662,1.13672,1.13665,1.1368,0.0001500000000000945
2026-06-25 05:00:00+00:00,2757,1.1367,1.13682,1.13599,1.13613,1.13605,1.13621,0.00015999999999993797
2026-06-25 06:00:00+00:00,4920,1.13611,1.13651,1.13524,1.13529,1.13521,1.13537,0.00015999999999993797
2026-06-25 07:00:00+00:00,6432,1.13528,1.13605,1.13448,1.13594,1.13586,1.13602,0.00015999999999993797
2026-06-25 08:00:00+00:00,5804,1.13596,1.13726,1.1359,1.13676,1.13668,1.13684,0.00016000000000016001
2026-06-25 09:00:00+00:00,4493,1.13676,1.13741,1.13617,1.13618,1.1361,1.13626,0.00015999999999993797
2026-06-25 10:00:00+00:00,4280,1.13618,1.1362,1.1343,1.13458,1.1345,1.13466,0.00015999999999993797
2026-06-25 11:00:00+00:00,4633,1.13459,1.1346,1.13335,1.13377,1.13369,1.13385,0.00015999999999993797
2026-06-25 12:00:00+00:00,11353,1.13378,1.13648,1.13364,1.13536,1.13527,1.13545,0.000180000000000069
2026-06-25 13:00:00+00:00,12468,1.13536,1.137,1.13492,1.13638,1.13629,1.13646,0.00017000000000000348
2026-06-25 14:00:00+00:00,14919,1.13637,1.13837,1.1363,1.1375,1.13741,1.13758,0.00017000000000000348
2026-06-25 15:00:00+00:00,10236,1.13749,1.13882,1.13736,1.13844,1.13835,1.13852,0.00017000000000000348
2026-06-25 16:00:00+00:00,5813,1.13843,1.13866,1.13733,1.13741,1.13733,1.13749,0.00015999999999993797
2026-06-25 17:00:00+00:00,3662,1.1374,1.13778,1.13715,1.13742,1.13734,1.1375,0.00015999999999993797
2026-06-25 18:00:00+00:00,4603,1.13744,1.13806,1.13699,1.1373,1.13722,1.13737,0.0001500000000000945
2026-06-25 19:00:00+00:00,4242,1.1373,1.13797,1.13686,1.13727,1.13719,1.13735,0.00016000000000016001
2026-06-25 20:00:00+00:00,1633,1.13726,1.13746,1.137,1.13702,1.13693,1.13712,0.00018999999999991246
2026-06-25 21:00:00+00:00,1178,1.13719,1.13742,1.13676,1.13732,1.13716,1.13749,0.00032999999999994145
2026-06-25 22:00:00+00:00,2136,1.1373,1.13736,1.13673,1.13698,1.13689,1.13706,0.00017000000000000348
2026-06-25 23:00:00+00:00,2797,1.13699,1.13708,1.13604,1.13616,1.13607,1.13624,0.00017000000000000348
2026-06-26 00:00:00+00:00,4749,1.13616,1.1367,1.1361,1.13648,1.13641,1.13656,0.0001500000000000945
2026-06-26 01:00:00+00:00,4443,1.13648,1.1369,1.13566,1.13598,1.13589,1.13606,0.00017000000000000348
2026-06-26 02:00:00+00:00,3758,1.13597,1.13628,1.13542,1.13592,1.13584,1.136,0.00015999999999993797
2026-06-26 03:00:00+00:00,3556,1.13592,1.13718,1.13585,1.13717,1.1371,1.13724,0.000140000000000029
2026-06-26 04:00:00+00:00,3338,1.13718,1.13772,1.13686,1.13771,1.13763,1.13779,0.00016000000000016001
2026-06-26 05:00:00+00:00,3497,1.1377,1.13824,1.13752,1.13782,1.13775,1.1379,0.00014999999999987246
2026-06-26 06:00:00+00:00,5458,1.13782,1.13825,1.13716,1.13752,1.13745,1.1376,0.00014999999999987246
2026-06-26 07:00:00+00:00,5909,1.1375,1.13887,1.13732,1.13867,1.13859,1.13875,0.00015999999999993797
2026-06-26 08:00:00+00:00,8555,1.13866,1.14076,1.13831,1.14014,1.14006,1.14021,0.00014999999999987246
2026-06-26 09:00:00+00:00,5919,1.14014,1.14122,1.13954,1.14069,1.14061,1.14077,0.00016000000000016001
2026-06-26 10:00:00+00:00,5250,1.1407,1.14083,1.14002,1.14048,1.14041,1.14056,0.0001500000000000945
2026-06-26 11:00:00+00:00,5789,1.14049,1.14064,1.13938,1.13983,1.13975,1.13991,0.00015999999999993797
2026-06-26 12:00:00+00:00,7814,1.13984,1.1434,1.13976,1.14272,1.14264,1.1428,0.00015999999999993797
2026-06-26 13:00:00+00:00,12288,1.14272,1.14298,1.14118,1.14252,1.14244,1.14261,0.00017000000000000348
2026-06-26 14:00:00+00:00,10901,1.14253,1.14285,1.13936,1.13942,1.13933,1.1395,0.00017000000000000348
2026-06-26 15:00:00+00:00,8844,1.13944,1.1408,1.13922,1.14029,1.14021,1.14037,0.00016000000000016001
2026-06-26 16:00:00+00:00,5441,1.14032,1.14034,1.1383,1.13898,1.13891,1.13906,0.00014999999999987246
2026-06-26 17:00:00+00:00,3587,1.13899,1.13932,1.13848,1.13864,1.13857,1.13872,0.00014999999999987246
2026-06-26 18:00:00+00:00,2824,1.13866,1.13912,1.13853,1.13858,1.1385,1.13866,0.00015999999999993797
2026-06-26 19:00:00+00:00,3390,1.13856,1.13894,1.1381,1.1387,1.13862,1.13879,0.00017000000000000348
2026-06-26 20:00:00+00:00,3718,1.13871,1.1392,1.13814,1.1385,1.13836,1.13865,0.00028999999999990145
2026-06-28 21:00:00+00:00,599,1.13897,1.13918,1.13818,1.13838,1.13805,1.1387,0.0006500000000000394
2026-06-28 22:00:00+00:00,1355,1.13842,1.13869,1.13812,1.13854,1.13846,1.13861,0.00014999999999987246
2026-06-28 23:00:00+00:00,1409,1.13854,1.1387,1.13823,1.13854,1.13846,1.13861,0.00014999999999987246
2026-06-29 00:00:00+00:00,5065,1.13852,1.13894,1.13833,1.13876,1.13867,1.13884,0.00017000000000000348
2026-06-29 01:00:00+00:00,4605,1.13877,1.1391,1.13846,1.13852,1.13845,1.13859,0.000140000000000029
2026-06-29 02:00:00+00:00,3584,1.13852,1.13936,1.13848,1.13878,1.13869,1.13886,0.00017000000000000348
2026-06-29 03:00:00+00:00,2644,1.13878,1.13902,1.13832,1.13832,1.13824,1.13841,0.00017000000000000348
2026-06-29 04:00:00+00:00,2509,1.13831,1.13853,1.13809,1.13827,1.13819,1.13835,0.00015999999999993797
2026-06-29 05:00:00+00:00,3497,1.13826,1.13952,1.13826,1.13946,1.13939,1.13954,0.0001500000000000945
2026-06-29 06:00:00+00:00,5694,1.13945,1.1415,1.13928,1.14124,1.14116,1.14133,0.00017000000000000348
2026-06-29 07:00:00+00:00,6120,1.14122,1.14132,1.14002,1.14026,1.14018,1.14034,0.00015999999999993797
2026-06-29 08:00:00+00:00,5660,1.14028,1.14074,1.13926,1.1396,1.13952,1.13968,0.00015999999999993797
2026-06-29 09:00:00+00:00,5028,1.13962,1.1404,1.13945,1.14034,1.14026,1.14042,0.00015999999999993797
2026-06-29 10:00:00+00:00,3663,1.14032,1.14056,1.13996,1.14047,1.14039,1.14055,0.00015999999999993797
2026-06-29 11:00:00+00:00,5079,1.14046,1.14117,1.1399,1.1409,1.14081,1.14098,0.00017000000000000348
2026-06-29 12:00:00+00:00,5582,1.1409,1.1409,1.14006,1.14027,1.14019,1.14035,0.00015999999999993797
2026-06-29 13:00:00+00:00,7111,1.14026,1.14123,1.14007,1.141,1.14091,1.14108,0.00017000000000000348
2026-06-29 14:00:00+00:00,12560,1.14101,1.14232,1.14046,1.14219,1.1421,1.14228,0.000180000000000069
2026-06-29 15:00:00+00:00,6897,1.1422,1.14252,1.14164,1.14238,1.14231,1.14245,0.000140000000000029
2026-06-29 16:00:00+00:00,3967,1.14239,1.14306,1.14233,1.14258,1.1425,1.14267,0.00017000000000000348
2026-06-29 17:00:00+00:00,3345,1.1426,1.14282,1.14214,1.14268,1.14259,1.14276,0.00017000000000000348
2026-06-29 18:00:00+00:00,2840,1.14268,1.14292,1.1425,1.14256,1.14248,1.14264,0.00016000000000016001
2026-06-29 19:00:00+00:00,2623,1.14253,1.1427,1.14221,1.14258,1.1425,1.14266,0.00015999999999993797
2026-06-29 20:00:00+00:00,1084,1.14258,1.14275,1.1422,1.14242,1.14233,1.14252,0.00018999999999991246
2026-06-29 21:00:00+00:00,852,1.14244,1.14271,1.14234,1.1426,1.14241,1.1428,0.0003900000000001125
2026-06-29 22:00:00+00:00,939,1.14261,1.14264,1.14226,1.14251,1.14243,1.14259,0.00015999999999993797
2026-06-29 23:00:00+00:00,724,1.14252,1.14254,1.14192,1.14192,1.14184,1.142,0.00015999999999993797
2026-06-30 00:00:00+00:00,4315,1.14192,1.14206,1.14124,1.14164,1.14155,1.14172,0.00017000000000000348
2026-06-30 01:00:00+00:00,5434,1.14165,1.14173,1.1402,1.14043,1.14035,1.14051,0.00015999999999993797
2026-06-30 02:00:00+00:00,2759,1.14042,1.14064,1.14018,1.14036,1.14028,1.14043,0.0001500000000000945
2026-06-30 03:00:00+00:00,2659,1.14036,1.14053,1.1397,1.13986,1.13978,1.13993,0.0001500000000000945
2026-06-30 04:00:00+00:00,2215,1.13984,1.13992,1.1389,1.13891,1.13883,1.13899,0.00015999999999993797
2026-06-30 05:00:00+00:00,4054,1.1389,1.13928,1.13827,1.1385,1.13842,1.13857,0.0001500000000000945
2026-06-30 06:00:00+00:00,6398,1.13849,1.14038,1.13836,1.14031,1.14023,1.14039,0.00015999999999993797
2026-06-30 07:00:00+00:00,5343,1.1403,1.14095,1.13972,1.13987,1.13979,1.13995,0.00015999999999993797
2026-06-30 08:00:00+00:00,7819,1.13984,1.13996,1.13836,1.13936,1.13927,1.13944,0.00017000000000000348
2026-06-30 09:00:00+00:00,5425,1.13936,1.13986,1.13892,1.13972,1.13964,1.13981,0.00017000000000000348
2026-06-30 10:00:00+00:00,4422,1.13973,1.14024,1.13927,1.1402,1.14012,1.14028,0.00015999999999993797
2026-06-30 11:00:00+00:00,5901,1.1402,1.14028,1.13864,1.13932,1.13923,1.1394,0.00017000000000000348
2026-06-30 12:00:00+00:00,7266,1.13932,1.1403,1.13886,1.13963,1.13955,1.13971,0.00015999999999993797
2026-06-30 13:00:00+00:00,7063,1.13962,1.14071,1.13944,1.13972,1.1396,1.13983,0.00022999999999995246
2026-06-30 14:00:00+00:00,16498,1.13972,1.14349,1.13912,1.1433,1.14322,1.14338,0.00016000000000016001
2026-06-30 15:00:00+00:00,9324,1.1433,1.14367,1.1415,1.14171,1.14163,1.14179,0.00016000000000016001
2026-06-30 16:00:00+00:00,4145,1.1417,1.14182,1.14122,1.14142,1.14134,1.1415,0.00015999999999993797
2026-06-30 17:00:00+00:00,2833,1.14142,1.14223,1.14142,1.14215,1.14207,1.14223,0.00016000000000016001
2026-06-30 18:00:00+00:00,3223,1.14214,1.14271,1.14192,1.14205,1.14197,1.14213,0.00016000000000016001
2026-06-30 19:00:00+00:00,3591,1.14206,1.14266,1.14154,1.14266,1.14257,1.14274,0.00017000000000000348
2026-06-30 20:00:00+00:00,1657,1.14264,1.14274,1.14204,1.14218,1.1421,1.14226,0.00016000000000016001
2026-06-30 21:00:00+00:00,931,1.14219,1.14233,1.14188,1.14224,1.14213,1.14235,0.00021999999999988695
2026-06-30 22:00:00+00:00,618,1.14224,1.14228,1.14186,1.142,1.14192,1.14209,0.00017000000000000348
2026-06-30 23:00:00+00:00,1037,1.14202,1.14204,1.14124,1.1413,1.14123,1.14138,0.0001500000000000945
2026-07-01 00:00:00+00:00,3718,1.1413,1.14142,1.14086,1.14096,1.14088,1.14104,0.00016000000000016001
2026-07-01 01:00:00+00:00,4152,1.14096,1.14096,1.14027,1.14044,1.14035,1.14052,0.00017000000000000348
2026-07-01 02:00:00+00:00,3415,1.14044,1.14081,1.14028,1.14056,1.14048,1.14064,0.00016000000000016001
2026-07-01 03:00:00+00:00,2288,1.14054,1.14082,1.14018,1.14042,1.14034,1.1405,0.00016000000000016001
2026-07-01 04:00:00+00:00,2575,1.14042,1.14108,1.14026,1.14086,1.14078,1.14095,0.00017000000000000348
2026-07-01 05:00:00+00:00,3153,1.14087,1.14106,1.1403,1.14059,1.14051,1.14067,0.00016000000000016001
2026-07-01 06:00:00+00:00,4832,1.14058,1.14095,1.14003,1.14031,1.14023,1.14039,0.00015999999999993797
2026-07-01 07:00:00+00:00,5749,1.1403,1.14042,1.13931,1.14022,1.14014,1.14029,0.0001500000000000945
2026-07-01 08:00:00+00:00,5057,1.1402,1.14039,1.13941,1.13965,1.13957,1.13973,0.00015999999999993797
2026-07-01 09:00:00+00:00,4911,1.13966,1.13997,1.13852,1.13879,1.13871,1.13887,0.00015999999999993797
2026-07-01 10:00:00+00:00,3375,1.1388,1.14004,1.13862,1.13982,1.13973,1.1399,0.00017000000000000348
2026-07-01 11:00:00+00:00,5137,1.1398,1.1399,1.1385,1.13855,1.13847,1.13863,0.00015999999999993797
2026-07-01 12:00:00+00:00,7965,1.13856,1.13879,1.1369,1.13712,1.13703,1.1372,0.00017000000000000348
2026-07-01 13:00:00+00:00,21342,1.13712,1.14119,1.13618,1.13956,1.13946,1.13965,0.0001900000000001345
2026-07-01 14:00:00+00:00,14734,1.13958,1.14055,1.13848,1.13954,1.13945,1.13962,0.00017000000000000348
2026-07-01 15:00:00+00:00,10551,1.13956,1.13962,1.13789,1.13838,1.1383,1.13846,0.00015999999999993797
2026-07-01 16:00:00+00:00,7166,1.1384,1.1394,1.13799,1.13824,1.13816,1.13833,0.00017000000000000348
2026-07-01 17:00:00+00:00,5031,1.13824,1.1386,1.1379,1.13812,1.13804,1.13819,0.0001500000000000945
2026-07-01 18:00:00+00:00,3808,1.13812,1.13829,1.13754,1.13799,1.13791,1.13807,0.00015999999999993797
2026-07-01 19:00:00+00:00,3279,1.13798,1.13817,1.13776,1.13788,1.13781,1.13796,0.0001500000000000945
2026-07-01 20:00:00+00:00,1803,1.13788,1.13794,1.1374,1.13782,1.13774,1.1379,0.00015999999999993797
2026-07-01 21:00:00+00:00,419,1.1378,1.13796,1.13774,1.13788,1.13777,1.138,0.00022999999999995246
2026-07-01 22:00:00+00:00,564,1.1379,1.13796,1.13774,1.13788,1.13781,1.13796,0.0001500000000000945
2026-07-01 23:00:00+00:00,652,1.13788,1.13788,1.13772,1.13776,1.13768,1.13784,0.00015999999999993797
2026-07-02 00:00:00+00:00,3318,1.13774,1.13833,1.1375,1.13767,1.13759,1.13775,0.00015999999999993797
2026-07-02 01:00:00+00:00,3417,1.13766,1.13859,1.13764,1.13817,1.1381,1.13824,0.000140000000000029
2026-07-02 02:00:00+00:00,2516,1.13818,1.13885,1.13811,1.13822,1.13814,1.13829,0.0001500000000000945
2026-07-02 03:00:00+00:00,2465,1.13822,1.13834,1.13782,1.13824,1.13815,1.13832,0.00017000000000000348
2026-07-02 04:00:00+00:00,2917,1.13823,1.13884,1.13823,1.13869,1.13861,1.13877,0.00016000000000016001
2026-07-02 05:00:00+00:00,3083,1.13872,1.13886,1.13816,1.13858,1.13851,1.13866,0.0001500000000000945
2026-07-02 06:00:00+00:00,8160,1.13858,1.14045,1.13856,1.13947,1.1394,1.13954,0.000140000000000029
2026-07-02 07:00:00+00:00,8051,1.13948,1.14094,1.13906,1.14078,1.14071,1.14086,0.0001500000000000945
2026-07-02 08:00:00+00:00,9595,1.14079,1.1421,1.1407,1.14202,1.14193,1.14211,0.000180000000000069
2026-07-02 09:00:00+00:00,6350,1.14202,1.14212,1.1409,1.14098,1.1409,1.14106,0.00015999999999993797
2026-07-02 10:00:00+00:00,4668,1.14098,1.14114,1.14032,1.14105,1.14097,1.14113,0.00015999999999993797
2026-07-02 11:00:00+00:00,4718,1.14107,1.14147,1.14006,1.14038,1.14031,1.14046,0.0001500000000000945
2026-07-02 12:00:00+00:00,28626,1.14037,1.1473,1.13954,1.14514,1.14506,1.14523,0.00017000000000000348
2026-07-02 13:00:00+00:00,19836,1.14513,1.14554,1.14386,1.14508,1.145,1.14516,0.00015999999999993797
2026-07-02 14:00:00+00:00,15612,1.1451,1.14584,1.14337,1.1444,1.14432,1.14447,0.0001500000000000945
2026-07-02 15:00:00+00:00,10323,1.1444,1.14498,1.14398,1.14475,1.14467,1.14483,0.00015999999999993797
2026-07-02 16:00:00+00:00,7258,1.14474,1.14482,1.14354,1.14378,1.1437,1.14387,0.00017000000000000348
2026-07-02 17:00:00+00:00,5135,1.14376,1.14376,1.14289,1.14307,1.14299,1.14315,0.00016000000000016001
2026-07-02 18:00:00+00:00,3833,1.14308,1.1437,1.14295,1.14331,1.14323,1.14339,0.00015999999999993797
2026-07-02 19:00:00+00:00,3390,1.1433,1.1434,1.14262,1.14308,1.143,1.14315,0.0001500000000000945
2026-07-02 20:00:00+00:00,1463,1.14306,1.14356,1.14295,1.14337,1.14326,1.14348,0.000220000000000109
2026-07-02 21:00:00+00:00,967,1.1433,1.14357,1.14314,1.1434,1.14328,1.14351,0.00022999999999995246
2026-07-02 22:00:00+00:00,1230,1.14338,1.14356,1.14279,1.1429,1.14282,1.14298,0.00016000000000016001
2026-07-02 23:00:00+00:00,1557,1.14292,1.14306,1.14218,1.14226,1.14218,1.14233,0.0001500000000000945
2026-07-03 00:00:00+00:00,4256,1.14226,1.14309,1.14207,1.14307,1.14299,1.14315,0.00016000000000016001
2026-07-03 01:00:00+00:00,6087,1.14308,1.14448,1.14302,1.1437,1.14362,1.14378,0.00015999999999993797
2026-07-03 02:00:00+00:00,3161,1.1437,1.14448,1.1436,1.14399,1.14392,1.14406,0.000140000000000029
2026-07-03 03:00:00+00:00,2296,1.14398,1.14416,1.14369,1.1441,1.14402,1.14418,0.00015999999999993797
2026-07-03 04:00:00+00:00,1681,1.14412,1.14462,1.14392,1.14462,1.14454,1.14469,0.0001500000000000945
2026-07-03 05:00:00+00:00,3520,1.14462,1.1455,1.14457,1.14488,1.1448,1.14496,0.00015999999999993797
2026-07-03 06:00:00+00:00,6731,1.14488,1.14622,1.14483,1.14542,1.14534,1.14549,0.00014999999999987246
2026-07-03 07:00:00+00:00,5176,1.14542,1.14581,1.14476,1.14546,1.14538,1.14555,0.00017000000000000348
2026-07-03 08:00:00+00:00,4302,1.14548,1.14576,1.14504,1.14528,1.1452,1.14535,0.0001500000000000945
2026-07-03 09:00:00+00:00,3445,1.14527,1.14528,1.14404,1.14409,1.14401,1.14417,0.00015999999999993797
2026-07-03 10:00:00+00:00,2975,1.14408,1.14502,1.14406,1.14468,1.1446,1.14476,0.00015999999999993797
2026-07-03 11:00:00+00:00,3962,1.14468,1.14572,1.14462,1.14504,1.14496,1.14511,0.0001500000000000945
2026-07-03 12:00:00+00:00,3978,1.14506,1.14528,1.14464,1.1447,1.14462,1.14479,0.00017000000000000348
2026-07-03 13:00:00+00:00,4150,1.1447,1.1448,1.1438,1.14404,1.14397,1.14412,0.0001500000000000945
2026-07-03 14:00:00+00:00,3872,1.14404,1.1448,1.14388,1.14416,1.14408,1.14424,0.00015999999999993797
2026-07-03 15:00:00+00:00,3003,1.14416,1.14444,1.14349,1.14371,1.14363,1.14379,0.00016000000000016001
2026-07-03 16:00:00+00:00,1432,1.14369,1.14396,1.14354,1.14376,1.14368,1.14385,0.00017000000000000348
2026-07-03 17:00:00+00:00,5596,1.14378,1.14422,1.14376,1.14404,1.14395,1.14413,0.000180000000000069
2026-07-03 18:00:00+00:00,3561,1.14404,1.14414,1.1438,1.14389,1.14382,1.14396,0.000140000000000029
2026-07-03 19:00:00+00:00,4517,1.1439,1.14406,1.14356,1.14365,1.14356,1.14374,0.000180000000000069
2026-07-03 20:00:00+00:00,2118,1.14364,1.14378,1.14333,1.14376,1.14356,1.14395,0.0003900000000001125
2026-07-05 21:00:00+00:00,335,1.14385,1.14385,1.14358,1.14382,1.14346,1.14419,0.0007300000000001194
2026-07-05 22:00:00+00:00,1250,1.14383,1.14387,1.14349,1.14366,1.14358,1.14373,0.00014999999999987246
2026-07-05 23:00:00+00:00,1704,1.14367,1.14382,1.14332,1.14368,1.1436,1.14377,0.00017000000000000348
2026-07-06 00:00:00+00:00,4859,1.14366,1.14412,1.14328,1.14384,1.14376,1.14392,0.00015999999999993797
2026-07-06 01:00:00+00:00,4275,1.14384,1.14388,1.14284,1.14286,1.14278,1.14294,0.00016000000000016001
2026-07-06 02:00:00+00:00,3078,1.14286,1.14352,1.14276,1.1434,1.14332,1.14347,0.0001500000000000945
2026-07-06 03:00:00+00:00,2582,1.14338,1.14359,1.14281,1.14318,1.14311,1.14325,0.000140000000000029
2026-07-06 04:00:00+00:00,1979,1.14318,1.14342,1.14316,1.14328,1.14321,1.14336,0.00014999999999987246
2026-07-06 05:00:00+00:00,3041,1.14329,1.14333,1.1423,1.14236,1.14228,1.14245,0.00017000000000000348
2026-07-06 06:00:00+00:00,5285,1.14236,1.1429,1.14198,1.14231,1.14223,1.14239,0.00015999999999993797
2026-07-06 07:00:00+00:00,6912,1.1423,1.14282,1.14166,1.14266,1.14257,1.14274,0.00017000000000000348
2026-07-06 08:00:00+00:00,4816,1.14266,1.14272,1.14154,1.14206,1.14198,1.14215,0.00017000000000000348
2026-07-06 09:00:00+00:00,4015,1.14206,1.14214,1.14111,1.14132,1.14125,1.1414,0.00014999999999987246
2026-07-06 10:00:00+00:00,3995,1.14132,1.14213,1.14098,1.14196,1.14187,1.14204,0.00017000000000000348
2026-07-06 11:00:00+00:00,4082,1.14196,1.14204,1.1412,1.14152,1.14144,1.1416,0.00015999999999993797
2026-07-06 12:00:00+00:00,5078,1.14154,1.142,1.14108,1.14132,1.14125,1.1414,0.00014999999999987246
2026-07-06 13:00:00+00:00,6545,1.14133,1.14227,1.14085,1.14128,1.14119,1.14136,0.00017000000000000348
2026-07-06 14:00:00+00:00,6765,1.14128,1.14202,1.14108,1.14171,1.14163,1.14179,0.00016000000000016001
2026-07-06 15:00:00+00:00,4643,1.14172,1.14262,1.14155,1.14253,1.14245,1.14261,0.00015999999999993797
2026-07-06 16:00:00+00:00,3354,1.14254,1.1432,1.1425,1.14306,1.14298,1.14315,0.00017000000000000348
2026-07-06 17:00:00+00:00,2795,1.14306,1.14394,1.14301,1.14362,1.14354,1.1437,0.00015999999999993797
2026-07-06 18:00:00+00:00,2176,1.14364,1.1445,1.14351,1.1443,1.14422,1.14438,0.00015999999999993797
2026-07-06 19:00:00+00:00,2766,1.14428,1.1443,1.14379,1.14411,1.14403,1.14419,0.00015999999999993797
2026-07-06 20:00:00+00:00,1269,1.1441,1.1442,1.14396,1.14408,1.144,1.14417,0.00017000000000000348
2026-07-06 21:00:00+00:00,1457,1.1442,1.1446,1.14417,1.14454,1.14437,1.14472,0.00034999999999985043
2026-07-06 22:00:00+00:00,893,1.14454,1.1446,1.14425,1.14452,1.14444,1.14459,0.0001500000000000945
2026-07-06 23:00:00+00:00,1267,1.14452,1.14481,1.14412,1.14415,1.14407,1.14423,0.00016000000000016001
2026-07-07 00:00:00+00:00,3633,1.14414,1.14424,1.14381,1.14386,1.14378,1.14394,0.00015999999999993797
2026-07-07 01:00:00+00:00,4794,1.14386,1.14474,1.14372,1.1444,1.14432,1.14447,0.0001500000000000945
2026-07-07 02:00:00+00:00,2858,1.14441,1.14462,1.14396,1.14396,1.14387,1.14404,0.00017000000000000348
2026-07-07 03:00:00+00:00,2561,1.14396,1.1443,1.14362,1.14368,1.1436,1.14376,0.00016000000000016001
2026-07-07 04:00:00+00:00,1876,1.1437,1.14392,1.14354,1.14356,1.14348,1.14364,0.00015999999999993797
2026-07-07 05:00:00+00:00,4047,1.14354,1.14374,1.14282,1.14318,1.14311,1.14326,0.00014999999999987246
2026-07-07 06:00:00+00:00,4237,1.14318,1.14323,1.14254,1.143,1.14291,1.14308,0.00017000000000000348
2026-07-07 07:00:00+00:00,4965,1.14299,1.14322,1.14248,1.14252,1.14244,1.14261,0.00017000000000000348
2026-07-07 08:00:00+00:00,5243,1.14251,1.14359,1.1425,1.14279,1.14271,1.14287,0.00016000000000016001
2026-07-07 09:00:00+00:00,3865,1.14278,1.14302,1.14248,1.14252,1.14244,1.14259,0.0001500000000000945
2026-07-07 10:00:00+00:00,3246,1.1425,1.14342,1.14236,1.14338,1.1433,1.14345,0.0001500000000000945
2026-07-07 11:00:00+00:00,4884,1.14339,1.14392,1.14254,1.14324,1.14317,1.14331,0.000140000000000029
2026-07-07 12:00:00+00:00,5588,1.14326,1.14422,1.14309,1.14366,1.14358,1.14373,0.00014999999999987246
2026-07-07 13:00:00+00:00,7329,1.14366,1.14419,1.14305,1.14364,1.14355,1.14372,0.00017000000000000348
2026-07-07 14:00:00+00:00,9826,1.14365,1.1438,1.14236,1.1433,1.14322,1.14338,0.00016000000000016001
2026-07-07 15:00:00+00:00,6046,1.1433,1.1435,1.14222,1.14229,1.14221,1.14237,0.00016000000000016001
2026-07-07 16:00:00+00:00,4165,1.1423,1.14258,1.1418,1.14236,1.14228,1.14244,0.00015999999999993797
2026-07-07 17:00:00+00:00,2950,1.14236,1.14294,1.14222,1.14283,1.14275,1.14291,0.00016000000000016001
2026-07-07 18:00:00+00:00,4771,1.14282,1.14298,1.14174,1.14184,1.14176,1.14192,0.00015999999999993797
2026-07-07 19:00:00+00:00,6305,1.14185,1.14194,1.1408,1.14166,1.14159,1.14174,0.00014999999999987246
2026-07-07 20:00:00+00:00,1510,1.14166,1.14174,1.14104,1.14114,1.14105,1.14122,0.00017000000000000348
2026-07-07 21:00:00+00:00,1803,1.14136,1.14154,1.14024,1.14064,1.14036,1.14091,0.0005500000000000504
2026-07-07 22:00:00+00:00,967,1.14068,1.14089,1.14031,1.1407,1.14062,1.14078,0.00015999999999993797
2026-07-07 23:00:00+00:00,1250,1.1407,1.14082,1.14001,1.14016,1.14007,1.14024,0.00017000000000000348
2026-07-08 00:00:00+00:00,5499,1.14016,1.14116,1.14002,1.1408,1.14073,1.14087,0.000140000000000029
2026-07-08 01:00:00+00:00,5198,1.14081,1.14095,1.13985,1.14055,1.14047,1.14063,0.00015999999999993797
2026-07-08 02:00:00+00:00,3583,1.14058,1.14126,1.14048,1.14112,1.14105,1.1412,0.0001500000000000945
2026-07-08 03:00:00+00:00,2812,1.14113,1.14165,1.14113,1.14144,1.14136,1.14153,0.00017000000000000348
2026-07-08 04:00:00+00:00,2330,1.14145,1.14159,1.1411,1.14144,1.14137,1.14151,0.000140000000000029
2026-07-08 05:00:00+00:00,3773,1.14144,1.14208,1.14124,1.14195,1.14187,1.14203,0.00016000000000016001
2026-07-08 06:00:00+00:00,6715,1.14194,1.14241,1.14174,1.14225,1.14217,1.14233,0.00016000000000016001
2026-07-08 07:00:00+00:00,6314,1.14226,1.14316,1.1417,1.14257,1.14249,1.14265,0.00015999999999993797
2026-07-08 08:00:00+00:00,15369,1.14255,1.14276,1.14005,1.14103,1.14095,1.14111,0.00016000000000016001
2026-07-08 09:00:00+00:00,11290,1.14102,1.14116,1.13962,1.14042,1.14035,1.1405,0.0001500000000000945
2026-07-08 10:00:00+00:00,6613,1.14044,1.14146,1.14012,1.14085,1.14077,1.14093,0.00015999999999993797
2026-07-08 11:00:00+00:00,7919,1.14084,1.14096,1.13931,1.13982,1.13975,1.1399,0.00014999999999987246
2026-07-08 12:00:00+00:00,8012,1.13982,1.1407,1.13958,1.13962,1.13954,1.1397,0.00015999999999993797
2026-07-08 13:00:00+00:00,10747,1.1396,1.14138,1.13959,1.141,1.14092,1.14108,0.00016000000000016001
2026-07-08 14:00:00+00:00,9275,1.14098,1.14134,1.14033,1.14075,1.14067,1.14083,0.00015999999999993797
2026-07-08 15:00:00+00:00,8208,1.14076,1.14119,1.13912,1.13951,1.13943,1.13959,0.00016000000000016001
2026-07-08 16:00:00+00:00,7333,1.13952,1.14148,1.13949,1.14142,1.14134,1.1415,0.00015999999999993797
2026-07-08 17:00:00+00:00,5029,1.14142,1.1427,1.14142,1.1419,1.14178,1.14201,0.00022999999999995246
2026-07-08 18:00:00+00:00,4458,1.14188,1.1429,1.14164,1.14254,1.14247,1.14262,0.00014999999999987246
2026-07-08 19:00:00+00:00,3999,1.14254,1.14304,1.14226,1.14277,1.14269,1.14285,0.00015999999999993797
2026-07-08 20:00:00+00:00,2001,1.14274,1.14278,1.14152,1.14162,1.14153,1.1417,0.00017000000000000348
2026-07-08 21:00:00+00:00,558,1.14186,1.14206,1.14158,1.14176,1.14163,1.14189,0.000260000000000149
2026-07-08 22:00:00+00:00,649,1.14179,1.14193,1.14163,1.14192,1.14184,1.142,0.00015999999999993797
2026-07-08 23:00:00+00:00,852,1.14192,1.14224,1.14173,1.14214,1.14205,1.14222,0.00017000000000000348
2026-07-09 00:00:00+00:00,3483,1.14213,1.14302,1.14212,1.14257,1.14249,1.14265,0.00015999999999993797
2026-07-09 01:00:00+00:00,3219,1.14258,1.14274,1.142,1.14258,1.1425,1.14266,0.00015999999999993797
2026-07-09 02:00:00+00:00,2803,1.1426,1.14284,1.14232,1.14245,1.14238,1.14252,0.000140000000000029
2026-07-09 03:00:00+00:00,2799,1.14244,1.14304,1.14228,1.14269,1.14261,1.14277,0.00016000000000016001
2026-07-09 04:00:00+00:00,1979,1.14268,1.14274,1.14232,1.14268,1.14261,1.14276,0.0001500000000000945
2026-07-09 05:00:00+00:00,3694,1.14268,1.1434,1.14264,1.14308,1.143,1.14316,0.00015999999999993797
2026-07-09 06:00:00+00:00,6146,1.14308,1.14494,1.14308,1.1442,1.14411,1.14429,0.000180000000000069
2026-07-09 07:00:00+00:00,5107,1.1442,1.14422,1.14326,1.14356,1.14347,1.14364,0.00017000000000000348
2026-07-09 08:00:00+00:00,5192,1.14355,1.14382,1.14256,1.14267,1.14259,1.14275,0.00015999999999993797
2026-07-09 09:00:00+00:00,4809,1.14266,1.14315,1.14237,1.14309,1.143,1.14318,0.000180000000000069
2026-07-09 10:00:00+00:00,4362,1.14308,1.14318,1.14212,1.14234,1.14227,1.14242,0.0001500000000000945
2026-07-09 11:00:00+00:00,4189,1.14235,1.143,1.1422,1.14295,1.14287,1.14303,0.00015999999999993797
2026-07-09 12:00:00+00:00,5782,1.14296,1.14359,1.14227,1.1425,1.14241,1.14258,0.00017000000000000348
2026-07-09 13:00:00+00:00,6502,1.14248,1.14392,1.1424,1.14392,1.14383,1.144,0.00017000000000000348
2026-07-09 14:00:00+00:00,7698,1.14392,1.14461,1.14314,1.14329,1.14321,1.14337,0.00015999999999993797
2026-07-09 15:00:00+00:00,5694,1.1433,1.14406,1.14292,1.14389,1.14381,1.14397,0.00015999999999993797
2026-07-09 16:00:00+00:00,3110,1.1439,1.14414,1.14352,1.14369,1.14361,1.14377,0.00015999999999993797
2026-07-09 17:00:00+00:00,2767,1.14368,1.14408,1.14342,1.14376,1.14368,1.14384,0.00015999999999993797
2026-07-09 18:00:00+00:00,2383,1.14376,1.1438,1.14314,1.14336,1.14327,1.14344,0.00017000000000000348
2026-07-09 19:00:00+00:00,2263,1.14335,1.14344,1.14256,1.14278,1.1427,1.14285,0.00014999999999987246
2026-07-09 20:00:00+00:00,1132,1.14276,1.14304,1.14274,1.14302,1.14293,1.14311,0.000180000000000069
2026-07-09 21:00:00+00:00,1795,1.14329,1.14329,1.14292,1.143,1.14278,1.14321,0.0004300000000001525
2026-07-09 22:00:00+00:00,635,1.14302,1.14338,1.14292,1.14334,1.14326,1.14342,0.00016000000000016001
2026-07-09 23:00:00+00:00,594,1.14336,1.14341,1.14316,1.1433,1.14321,1.14339,0.00017999999999984695
2026-07-10 00:00:00+00:00,3618,1.14331,1.14421,1.14304,1.14402,1.14394,1.1441,0.00015999999999993797
2026-07-10 01:00:00+00:00,5539,1.144,1.14499,1.14382,1.14474,1.14465,1.14482,0.00017000000000000348
2026-07-10 02:00:00+00:00,6024,1.14474,1.14608,1.1447,1.14582,1.14574,1.1459,0.00015999999999993797
2026-07-10 03:00:00+00:00,2879,1.14582,1.14594,1.14474,1.14494,1.14486,1.14502,0.00015999999999993797
2026-07-10 04:00:00+00:00,2263,1.14494,1.14494,1.14396,1.14428,1.1442,1.14435,0.00014999999999987246
2026-07-10 05:00:00+00:00,2768,1.14429,1.14445,1.14357,1.14398,1.1439,1.14406,0.00016000000000016001
2026-07-10 06:00:00+00:00,5491,1.14395,1.14475,1.14391,1.14422,1.14414,1.14431,0.00017000000000000348
2026-07-10 07:00:00+00:00,5189,1.14423,1.14424,1.14366,1.14373,1.14366,1.1438,0.000140000000000029
2026-07-10 08:00:00+00:00,6594,1.14374,1.14422,1.14304,1.14306,1.14298,1.14314,0.00015999999999993797
2026-07-10 09:00:00+00:00,4069,1.14306,1.14344,1.14266,1.14273,1.14265,1.14281,0.00016000000000016001
2026-07-10 10:00:00+00:00,3999,1.14274,1.14354,1.14268,1.14334,1.14325,1.14342,0.00017000000000000348
2026-07-10 11:00:00+00:00,4373,1.14334,1.14354,1.14266,1.1431,1.14302,1.14318,0.00016000000000016001
2026-07-10 12:00:00+00:00,7385,1.14312,1.1442,1.14233,1.14292,1.14285,1.143,0.0001500000000000945
2026-07-10 13:00:00+00:00,7123,1.14292,1.14297,1.14196,1.14208,1.142,1.14217,0.00017000000000000348
2026-07-10 14:00:00+00:00,10287,1.14209,1.14285,1.14118,1.14224,1.14216,1.14233,0.00017000000000000348
2026-07-10 15:00:00+00:00,7139,1.14223,1.1439,1.14214,1.14378,1.14369,1.14386,0.00017000000000000348
2026-07-10 16:00:00+00:00,5393,1.14377,1.14413,1.14296,1.14296,1.14288,1.14304,0.00016000000000016001
2026-07-10 17:00:00+00:00,3889,1.14296,1.14312,1.14166,1.14178,1.1417,1.14185,0.0001500000000000945
2026-07-10 18:00:00+00:00,3952,1.14178,1.14182,1.14117,1.14165,1.14157,1.14173,0.00015999999999993797
2026-07-10 19:00:00+00:00,2443,1.14164,1.1417,1.14139,1.14158,1.14151,1.14166,0.00014999999999987246
2026-07-10 20:00:00+00:00,2112,1.14158,1.14183,1.14116,1.1415,1.14141,1.14158,0.00017000000000000348
2026-07-12 21:00:00+00:00,489,1.14018,1.14067,1.14018,1.14044,1.14025,1.14064,0.0003900000000001125
2026-07-12 22:00:00+00:00,3238,1.14046,1.14047,1.13884,1.13947,1.13939,1.13955,0.00016000000000016001
2026-07-12 23:00:00+00:00,2328,1.13946,1.14043,1.13932,1.14043,1.14036,1.1405,0.000140000000000029
2026-07-13 00:00:00+00:00,5793,1.14044,1.14054,1.13947,1.13955,1.13947,1.13963,0.00015999999999993797
2026-07-13 01:00:00+00:00,6373,1.13956,1.13976,1.13844,1.13974,1.13967,1.13982,0.0001500000000000945
2026-07-13 02:00:00+00:00,3469,1.13976,1.13998,1.13934,1.13943,1.13935,1.13951,0.00015999999999993797
2026-07-13 03:00:00+00:00,2842,1.13942,1.1399,1.13908,1.1399,1.13982,1.13998,0.00015999999999993797
2026-07-13 04:00:00+00:00,2305,1.1399,1.14051,1.13969,1.14038,1.14031,1.14046,0.0001500000000000945
2026-07-13 05:00:00+00:00,5055,1.14039,1.14092,1.13969,1.13986,1.13978,1.13994,0.00015999999999993797
2026-07-13 06:00:00+00:00,6655,1.13986,1.14076,1.13958,1.1401,1.14001,1.14018,0.00017000000000000348
2026-07-13 07:00:00+00:00,9324,1.1401,1.14262,1.14009,1.14247,1.14239,1.14255,0.00015999999999993797
2026-07-13 08:00:00+00:00,9929,1.14248,1.14458,1.14242,1.1436,1.14351,1.14368,0.00017000000000000348
2026-07-13 09:00:00+00:00,5269,1.1436,1.14374,1.14274,1.14315,1.14307,1.14323,0.00015999999999993797
2026-07-13 10:00:00+00:00,4905,1.14316,1.14356,1.1426,1.14356,1.14348,1.14363,0.00014999999999987246
2026-07-13 11:00:00+00:00,5168,1.14358,1.14372,1.14252,1.14276,1.14267,1.14284,0.00017000000000000348
2026-07-13 12:00:00+00:00,6323,1.14275,1.14309,1.14204,1.14309,1.14301,1.14317,0.00015999999999993797
2026-07-13 13:00:00+00:00,8023,1.1431,1.14334,1.14144,1.14145,1.14137,1.14153,0.00015999999999993797
2026-07-13 14:00:00+00:00,12192,1.14146,1.14162,1.13982,1.14062,1.14054,1.1407,0.00015999999999993797
2026-07-13 15:00:00+00:00,5966,1.14062,1.14066,1.13964,1.14016,1.14008,1.14023,0.0001500000000000945
2026-07-13 16:00:00+00:00,8682,1.14015,1.14027,1.13828,1.13888,1.1388,1.13896,0.00015999999999993797
2026-07-13 17:00:00+00:00,3991,1.13888,1.13908,1.13854,1.13862,1.13855,1.1387,0.0001500000000000945
2026-07-13 18:00:00+00:00,3941,1.13863,1.13888,1.13848,1.13874,1.13866,1.13883,0.00017000000000000348
2026-07-13 19:00:00+00:00,3272,1.13875,1.13879,1.13818,1.13835,1.13827,1.13843,0.00016000000000016001
2026-07-13 20:00:00+00:00,1486,1.13836,1.13845,1.13775,1.13806,1.13798,1.13815,0.00017000000000000348
2026-07-13 21:00:00+00:00,1338,1.13843,1.13876,1.13822,1.13853,1.13823,1.13883,0.0005999999999999339
2026-07-13 22:00:00+00:00,1144,1.13846,1.13866,1.13809,1.1381,1.13801,1.13818,0.00017000000000000348
2026-07-13 23:00:00+00:00,1929,1.13809,1.1384,1.13802,1.13834,1.13826,1.13842,0.00015999999999993797
2026-07-14 00:00:00+00:00,7021,1.13836,1.13896,1.13782,1.13848,1.1384,1.13855,0.00014999999999987246
2026-07-14 01:00:00+00:00,5534,1.13846,1.13906,1.13846,1.13889,1.13881,1.13897,0.00015999999999993797
2026-07-14 02:00:00+00:00,3634,1.1389,1.13942,1.1389,1.13906,1.13899,1.13914,0.0001500000000000945
2026-07-14 03:00:00+00:00,3748,1.13907,1.13967,1.13884,1.13936,1.13928,1.13944,0.00015999999999993797
2026-07-14 04:00:00+00:00,2986,1.13938,1.13946,1.13876,1.13908,1.139,1.13916,0.00015999999999993797
2026-07-14 05:00:00+00:00,3238,1.13908,1.13959,1.13906,1.13918,1.1391,1.13926,0.00015999999999993797
2026-07-14 06:00:00+00:00,5154,1.13918,1.13938,1.13846,1.13862,1.13854,1.13869,0.00014999999999987246
2026-07-14 07:00:00+00:00,6464,1.13862,1.13976,1.13842,1.13959,1.13951,1.13967,0.00015999999999993797
2026-07-14 08:00:00+00:00,6145,1.1396,1.1406,1.13933,1.13996,1.13988,1.14004,0.00015999999999993797
2026-07-14 09:00:00+00:00,5058,1.13996,1.14037,1.1395,1.1401,1.14002,1.14018,0.00015999999999993797
2026-07-14 10:00:00+00:00,4329,1.1401,1.14016,1.1391,1.13918,1.13911,1.13926,0.00014999999999987246
2026-07-14 11:00:00+00:00,5983,1.13918,1.14094,1.13898,1.14066,1.14058,1.14074,0.00016000000000016001
2026-07-14 12:00:00+00:00,22668,1.14066,1.14628,1.1404,1.1446,1.14452,1.14469,0.00017000000000000348
2026-07-14 13:00:00+00:00,17284,1.1446,1.14552,1.14415,1.14515,1.14508,1.14522,0.00013999999999980695
2026-07-14 14:00:00+00:00,14403,1.14514,1.1459,1.144,1.14452,1.14444,1.14461,0.00017000000000000348
2026-07-14 15:00:00+00:00,11186,1.14452,1.14539,1.14258,1.14272,1.14265,1.1428,0.0001500000000000945
2026-07-14 16:00:00+00:00,5485,1.14274,1.14344,1.14241,1.1432,1.14312,1.14327,0.0001500000000000945
2026-07-14 17:00:00+00:00,4984,1.1432,1.14333,1.14192,1.14234,1.14226,1.14241,0.00014999999999987246
2026-07-14 18:00:00+00:00,4249,1.14234,1.14264,1.14162,1.14235,1.14227,1.14243,0.00016000000000016001
2026-07-14 19:00:00+00:00,4252,1.14236,1.14262,1.14203,1.14203,1.14195,1.14211,0.00015999999999993797
2026-07-14 20:00:00+00:00,1780,1.14202,1.14225,1.14185,1.14209,1.142,1.14218,0.000180000000000069
2026-07-14 21:00:00+00:00,1395,1.14222,1.1424,1.14194,1.14194,1.14179,1.14208,0.00028999999999990145
2026-07-14 22:00:00+00:00,1326,1.14191,1.14237,1.14175,1.14207,1.14199,1.14215,0.00015999999999993797
2026-07-14 23:00:00+00:00,1269,1.14206,1.1425,1.14202,1.14246,1.14237,1.14254,0.00016999999999978144
2026-07-15 00:00:00+00:00,3432,1.14244,1.14343,1.1424,1.14331,1.14323,1.14339,0.00015999999999993797
2026-07-15 01:00:00+00:00,4457,1.1433,1.14374,1.14324,1.14356,1.14347,1.14364,0.00017000000000000348
2026-07-15 02:00:00+00:00,3415,1.14355,1.14422,1.14333,1.14403,1.14395,1.14411,0.00015999999999993797
2026-07-15 03:00:00+00:00,3108,1.14404,1.14424,1.14333,1.1438,1.14372,1.14389,0.00017000000000000348
2026-07-15 04:00:00+00:00,2105,1.14382,1.14409,1.14365,1.14371,1.14363,1.14379,0.00016000000000016001
2026-07-15 05:00:00+00:00,3198,1.1437,1.14432,1.14353,1.14405,1.14396,1.14414,0.00017999999999984695
2026-07-15 06:00:00+00:00,5559,1.14404,1.14438,1.14281,1.14288,1.14279,1.14296,0.00017000000000000348
2026-07-15 07:00:00+00:00,6416,1.14288,1.1432,1.14199,1.14234,1.14226,1.14242,0.00015999999999993797
2026-07-15 08:00:00+00:00,4639,1.14235,1.14276,1.1421,1.14244,1.14236,1.14252,0.00015999999999993797
2026-07-15 09:00:00+00:00,4877,1.14244,1.1426,1.14166,1.1417,1.14162,1.14177,0.00014999999999987246
2026-07-15 10:00:00+00:00,4630,1.14169,1.14184,1.14108,1.14159,1.14151,1.14167,0.00015999999999993797
2026-07-15 11:00:00+00:00,5361,1.14158,1.14196,1.14101,1.14118,1.1411,1.14126,0.00015999999999993797
2026-07-15 12:00:00+00:00,9240,1.1412,1.14302,1.1406,1.14284,1.14276,1.14291,0.0001500000000000945
2026-07-15 13:00:00+00:00,9196,1.14286,1.14356,1.14237,1.14302,1.14294,1.14309,0.00014999999999987246
2026-07-15 14:00:00+00:00,11150,1.14303,1.14416,1.14302,1.1437,1.14362,1.14378,0.00015999999999993797
2026-07-15 15:00:00+00:00,7997,1.14373,1.14415,1.14317,1.14353,1.14345,1.14361,0.00015999999999993797
2026-07-15 16:00:00+00:00,6977,1.14352,1.14422,1.14304,1.14422,1.14413,1.1443,0.00017000000000000348
2026-07-15 17:00:00+00:00,7565,1.14422,1.14748,1.1442,1.14734,1.14726,1.14742,0.00016000000000016001
2026-07-15 18:00:00+00:00,5397,1.14734,1.14824,1.1466,1.14667,1.14659,1.14675,0.00015999999999993797
2026-07-15 19:00:00+00:00,5956,1.14664,1.14747,1.14615,1.14641,1.14634,1.14648,0.000140000000000029
2026-07-15 20:00:00+00:00,1537,1.1464,1.14646,1.14608,1.14636,1.14628,1.14643,0.0001500000000000945
2026-07-15 21:00:00+00:00,1429,1.14642,1.14666,1.14634,1.14637,1.14615,1.14659,0.00043999999999999595
2026-07-15 22:00:00+00:00,1193,1.14638,1.14683,1.14636,1.1467,1.14662,1.14679,0.00017000000000000348
2026-07-15 23:00:00+00:00,1196,1.14671,1.14709,1.14666,1.14698,1.1469,1.14707,0.00017000000000000348
2026-07-16 00:00:00+00:00,4411,1.14698,1.14746,1.14673,1.14739,1.14731,1.14747,0.00015999999999993797
2026-07-16 01:00:00+00:00,4330,1.14738,1.1474,1.1465,1.14658,1.1465,1.14667,0.00017000000000000348
2026-07-16 02:00:00+00:00,2747,1.14658,1.1466,1.14602,1.14647,1.14639,1.14655,0.00015999999999993797
2026-07-16 03:00:00+00:00,2182,1.14648,1.14689,1.14634,1.14666,1.14658,1.14675,0.00017000000000000348
2026-07-16 04:00:00+00:00,2296,1.14667,1.14672,1.14631,1.14663,1.14655,1.14671,0.00015999999999993797
2026-07-16 05:00:00+00:00,3522,1.14664,1.14689,1.14622,1.14634,1.14626,1.14642,0.00015999999999993797
2026-07-16 06:00:00+00:00,5045,1.14636,1.1471,1.14633,1.14686,1.14678,1.14693,0.0001500000000000945
2026-07-16 07:00:00+00:00,5204,1.14686,1.14764,1.14668,1.14692,1.14684,1.147,0.00015999999999993797
2026-07-16 08:00:00+00:00,6017,1.14694,1.1472,1.14626,1.1466,1.14651,1.14668,0.00017000000000000348
2026-07-16 09:00:00+00:00,4337,1.1466,1.14683,1.14606,1.14663,1.14655,1.14671,0.00015999999999993797
2026-07-16 10:00:00+00:00,3597,1.14664,1.14684,1.14593,1.14599,1.14591,1.14607,0.00015999999999993797
2026-07-16 11:00:00+00:00,5860,1.14598,1.1469,1.14567,1.14686,1.14678,1.14693,0.0001500000000000945
2026-07-16 12:00:00+00:00,9257,1.14686,1.14706,1.1447,1.14476,1.14467,1.14484,0.00017000000000000348
2026-07-16 13:00:00+00:00,9196,1.14477,1.14592,1.14444,1.14498,1.14489,1.14506,0.00017000000000000348
2026-07-16 14:00:00+00:00,8178,1.14497,1.14539,1.144,1.1443,1.14422,1.14438,0.00015999999999993797
2026-07-16 15:00:00+00:00,5877,1.14428,1.14497,1.14366,1.1447,1.14463,1.14477,0.000140000000000029
2026-07-16 16:00:00+00:00,4573,1.1447,1.14472,1.14342,1.14348,1.1434,1.14356,0.00015999999999993797
2026-07-16 17:00:00+00:00,3422,1.14348,1.14384,1.1431,1.14365,1.14357,1.14373,0.00015999999999993797
2026-07-16 18:00:00+00:00,3512,1.14366,1.14392,1.1435,1.14385,1.14377,1.14393,0.00015999999999993797
2026-07-16 19:00:00+00:00,3008,1.14382,1.14417,1.14344,1.14404,1.14397,1.14411,0.000140000000000029
2026-07-16 20:00:00+00:00,1588,1.14404,1.14444,1.14386,1.14431,1.14423,1.14439,0.00015999999999993797
2026-07-16 21:00:00+00:00,453,1.14412,1.14442,1.14411,1.14438,1.1442,1.14456,0.00035999999999991594
2026-07-16 22:00:00+00:00,538,1.1444,1.14451,1.14424,1.14433,1.14425,1.14441,0.00015999999999993797
2026-07-16 23:00:00+00:00,851,1.14434,1.14464,1.14426,1.14452,1.14444,1.14459,0.0001500000000000945
2026-07-17 00:00:00+00:00,3592,1.14451,1.14469,1.14412,1.14468,1.14461,1.14476,0.0001500000000000945
2026-07-17 01:00:00+00:00,3469,1.14468,1.14482,1.14374,1.14392,1.14383,1.144,0.00017000000000000348
2026-07-17 02:00:00+00:00,2824,1.14392,1.14414,1.14366,1.14368,1.14361,1.14376,0.0001500000000000945
2026-07-17 03:00:00+00:00,2524,1.1437,1.144,1.14358,1.14394,1.14386,1.14401,0.00014999999999987246
2026-07-17 04:00:00+00:00,2222,1.14395,1.14395,1.14346,1.14362,1.14354,1.1437,0.00015999999999993797
2026-07-17 05:00:00+00:00,3292,1.1436,1.14436,1.14356,1.14398,1.14389,1.14407,0.00017999999999984695
2026-07-17 06:00:00+00:00,4857,1.14397,1.1452,1.14397,1.14498,1.1449,1.14506,0.00015999999999993797
2026-07-17 07:00:00+00:00,4750,1.14498,1.14522,1.14443,1.14448,1.1444,1.14456,0.00015999999999993797
2026-07-17 08:00:00+00:00,6164,1.14448,1.14478,1.14358,1.14412,1.14404,1.1442,0.00016000000000016001
2026-07-17 09:00:00+00:00,4659,1.14411,1.14425,1.14364,1.14404,1.14397,1.14412,0.0001500000000000945
2026-07-17 10:00:00+00:00,4938,1.14404,1.14404,1.14262,1.14268,1.1426,1.14276,0.00015999999999993797
2026-07-17 11:00:00+00:00,4522,1.14266,1.14362,1.14246,1.14302,1.14294,1.14309,0.00014999999999987246
2026-07-17 12:00:00+00:00,4897,1.14302,1.14354,1.14248,1.14292,1.14284,1.14299,0.00014999999999987246
2026-07-17 13:00:00+00:00,8857,1.14291,1.1437,1.14244,1.14361,1.14353,1.14369,0.00016000000000016001
2026-07-17 14:00:00+00:00,7893,1.14362,1.14442,1.14331,1.14397,1.1439,1.14404,0.000140000000000029
2026-07-17 15:00:00+00:00,5385,1.14397,1.14444,1.14372,1.144,1.14392,1.14408,0.00015999999999993797
2026-07-17 16:00:00+00:00,4595,1.14401,1.14417,1.14343,1.14382,1.14375,1.14389,0.000140000000000029
2026-07-17 17:00:00+00:00,2929,1.14383,1.14386,1.14334,1.14344,1.14336,1.14351,0.0001500000000000945
2026-07-17 18:00:00+00:00,2978,1.14344,1.14374,1.14338,1.14354,1.14347,1.14361,0.000140000000000029
2026-07-17 19:00:00+00:00,2465,1.14353,1.14415,1.14338,1.1441,1.14401,1.14418,0.00017000000000000348
2026-07-17 20:00:00+00:00,1833,1.14409,1.14424,1.14363,1.14382,1.14373,1.1439,0.00017000000000000348
2026-07-19 21:00:00+00:00,229,1.14268,1.14316,1.14266,1.14296,1.14267,1.14324,0.0005699999999999594
2026-07-19 22:00:00+00:00,2558,1.14296,1.14314,1.14248,1.14265,1.14257,1.14273,0.00015999999999993797
2026-07-19 23:00:00+00:00,1893,1.14266,1.14276,1.14239,1.14275,1.14267,1.14283,0.00015999999999993797
2026-07-20 00:00:00+00:00,3587,1.14276,1.14336,1.14265,1.14335,1.14327,1.14343,0.00015999999999993797
2026-07-20 01:00:00+00:00,4112,1.14336,1.14365,1.14312,1.1436,1.14353,1.14368,0.0001500000000000945
2026-07-20 02:00:00+00:00,2979,1.14361,1.1443,1.14346,1.1441,1.14401,1.14418,0.00017000000000000348
2026-07-20 03:00:00+00:00,2280,1.1441,1.14426,1.14396,1.1442,1.14412,1.14427,0.00014999999999987246
2026-07-20 04:00:00+00:00,1730,1.1442,1.14451,1.14413,1.14444,1.14436,1.14452,0.00015999999999993797
2026-07-20 05:00:00+00:00,1840,1.14444,1.14449,1.14401,1.14402,1.14394,1.14409,0.0001500000000000945
2026-07-20 06:00:00+00:00,4062,1.14401,1.14422,1.14341,1.14352,1.14344,1.14359,0.0001500000000000945
2026-07-20 07:00:00+00:00,6645,1.14353,1.14496,1.14343,1.14442,1.14433,1.1445,0.00017000000000000348
2026-07-20 08:00:00+00:00,4351,1.14442,1.14456,1.14374,1.1439,1.14383,1.14397,0.000140000000000029
2026-07-20 09:00:00+00:00,3674,1.1439,1.14398,1.14274,1.14301,1.14294,1.14308,0.000140000000000029
2026-07-20 10:00:00+00:00,3192,1.143,1.14362,1.14285,1.14312,1.14303,1.1432,0.00017000000000000348
2026-07-20 11:00:00+00:00,6759,1.14312,1.14406,1.14281,1.14294,1.14286,1.14302,0.00015999999999993797
2026-07-20 12:00:00+00:00,6911,1.14294,1.14302,1.1417,1.14238,1.1423,1.14245,0.00014999999999987246
2026-07-20 13:00:00+00:00,5810,1.1424,1.14247,1.14146,1.14152,1.14144,1.1416,0.00015999999999993797
2026-07-20 14:00:00+00:00,6620,1.14152,1.14176,1.14025,1.14064,1.14057,1.14072,0.00014999999999987246
2026-07-20 15:00:00+00:00,5652,1.14066,1.14125,1.14048,1.14114,1.14106,1.14122,0.00015999999999993797
2026-07-20 16:00:00+00:00,4628,1.14112,1.14172,1.14074,1.14116,1.14109,1.14123,0.000140000000000029
2026-07-20 17:00:00+00:00,3155,1.14116,1.14154,1.14113,1.1414,1.14132,1.14148,0.00016000000000016001
2026-07-20 18:00:00+00:00,3135,1.1414,1.14188,1.14132,1.14154,1.14146,1.14162,0.00016000000000016001
2026-07-20 19:00:00+00:00,2960,1.14154,1.14182,1.14134,1.14156,1.14149,1.14164,0.0001500000000000945
2026-07-20 20:00:00+00:00,1050,1.14157,1.1417,1.14128,1.14141,1.14133,1.14149,0.00015999999999993797
2026-07-20 21:00:00+00:00,901,1.14148,1.1417,1.14105,1.1411,1.14097,1.14122,0.00024999999999986144
2026-07-20 22:00:00+00:00,1389,1.14108,1.14138,1.14102,1.14132,1.14123,1.1414,0.00017000000000000348
2026-07-20 23:00:00+00:00,1082,1.14132,1.14162,1.14125,1.14158,1.14151,1.14166,0.00014999999999987246
2026-07-21 00:00:00+00:00,2685,1.14158,1.14184,1.14115,1.14132,1.14125,1.1414,0.00014999999999987246
2026-07-21 01:00:00+00:00,3407,1.14133,1.14166,1.14122,1.14146,1.14138,1.14154,0.00015999999999993797
2026-07-21 02:00:00+00:00,2500,1.14146,1.14162,1.14105,1.14112,1.14104,1.1412,0.00015999999999993797
2026-07-21 03:00:00+00:00,2031,1.14112,1.14154,1.1409,1.14124,1.14117,1.14132,0.00014999999999987246
2026-07-21 04:00:00+00:00,1619,1.14123,1.1418,1.14123,1.14179,1.14171,1.14187,0.00015999999999993797
2026-07-21 05:00:00+00:00,2278,1.1418,1.14218,1.14158,1.14177,1.14169,1.14185,0.00015999999999993797
2026-07-21 06:00:00+00:00,3819,1.14176,1.1424,1.14173,1.14212,1.14204,1.14221,0.00017000000000000348
2026-07-21 07:00:00+00:00,4560,1.14213,1.14276,1.14206,1.14229,1.14221,1.14237,0.00016000000000016001
2026-07-21 08:00:00+00:00,3658,1.1423,1.14262,1.14182,1.14212,1.14203,1.14221,0.00017999999999984695
2026-07-21 09:00:00+00:00,3111,1.14211,1.14287,1.14202,1.14224,1.14217,1.14232,0.0001500000000000945
2026-07-21 10:00:00+00:00,3594,1.14223,1.14286,1.14201,1.14202,1.14194,1.1421,0.00015999999999993797
2026-07-21 11:00:00+00:00,3587,1.14202,1.1423,1.14165,1.14192,1.14184,1.14199,0.0001500000000000945
2026-07-21 12:00:00+00:00,4926,1.1419,1.14206,1.14132,1.14172,1.14165,1.1418,0.00014999999999987246
2026-07-21 13:00:00+00:00,6318,1.14174,1.1418,1.14056,1.14114,1.14106,1.14121,0.0001500000000000945
2026-07-21 14:00:00+00:00,7463,1.14114,1.14196,1.14026,1.14058,1.14051,1.14066,0.0001500000000000945
2026-07-21 15:00:00+00:00,5907,1.14056,1.14116,1.14028,1.14074,1.14066,1.14082,0.00015999999999993797
2026-07-21 16:00:00+00:00,2654,1.14074,1.1411,1.1407,1.14081,1.14073,1.14089,0.00015999999999993797
2026-07-21 17:00:00+00:00,1902,1.14082,1.14106,1.14064,1.14068,1.14061,1.14076,0.0001500000000000945
2026-07-21 18:00:00+00:00,3073,1.14069,1.1407,1.13986,1.1403,1.14022,1.14037,0.0001500000000000945
2026-07-21 19:00:00+00:00,2029,1.14032,1.1404,1.14005,1.14016,1.14008,1.14024,0.00015999999999993797
2026-07-21 20:00:00+00:00,1241,1.14016,1.14032,1.13974,1.1398,1.13972,1.13988,0.00015999999999993797
2026-07-21 21:00:00+00:00,357,1.13988,1.14024,1.13982,1.14006,1.13994,1.14018,0.00024000000000001798
2026-07-21 22:00:00+00:00,1003,1.1401,1.14014,1.13991,1.13994,1.13986,1.14001,0.00014999999999987246
2026-07-21 23:00:00+00:00,867,1.13993,1.14024,1.13982,1.14023,1.14015,1.14031,0.00015999999999993797
2026-07-22 00:00:00+00:00,4039,1.14022,1.14072,1.14011,1.1404,1.14031,1.14048,0.00017000000000000348
2026-07-22 01:00:00+00:00,3310,1.1404,1.14068,1.13988,1.14029,1.14021,1.14037,0.00016000000000016001
2026-07-22 02:00:00+00:00,2401,1.1403,1.141,1.14012,1.14057,1.14049,1.14065,0.00015999999999993797
2026-07-22 03:00:00+00:00,2045,1.14058,1.1408,1.14044,1.14074,1.14066,1.14082,0.00015999999999993797
2026-07-22 04:00:00+00:00,1436,1.14076,1.14086,1.14049,1.14084,1.14076,1.14092,0.00015999999999993797
2026-07-22 05:00:00+00:00,2873,1.14084,1.14097,1.14054,1.14097,1.14089,1.14105,0.00015999999999993797
2026-07-22 06:00:00+00:00,4280,1.14096,1.14138,1.14072,1.14121,1.14113,1.14129,0.00015999999999993797
2026-07-22 07:00:00+00:00,5803,1.14122,1.14184,1.14034,1.14094,1.14086,1.14102,0.00015999999999993797
2026-07-22 08:00:00+00:00,4648,1.14096,1.14125,1.1404,1.14101,1.14093,1.14109,0.00015999999999993797
2026-07-22 09:00:00+00:00,4584,1.14099,1.14134,1.14042,1.14048,1.1404,1.14056,0.00015999999999993797
2026-07-22 10:00:00+00:00,4424,1.14048,1.14076,1.14004,1.14038,1.14031,1.14045,0.000140000000000029
2026-07-22 11:00:00+00:00,4743,1.14036,1.14074,1.14024,1.1407,1.14062,1.14077,0.0001500000000000945
2026-07-22 12:00:00+00:00,5592,1.14072,1.14136,1.14038,1.14078,1.1407,1.14087,0.00017000000000000348
2026-07-22 13:00:00+00:00,6837,1.14078,1.14217,1.14074,1.14135,1.14127,1.14143,0.00015999999999993797
2026-07-22 14:00:00+00:00,6906,1.14136,1.14184,1.14079,1.14092,1.14085,1.14099,0.000140000000000029
2026-07-22 15:00:00+00:00,4869,1.14093,1.14141,1.14076,1.14138,1.1413,1.14146,0.00015999999999993797
2026-07-22 16:00:00+00:00,3814,1.14136,1.14141,1.14062,1.14093,1.14086,1.141,0.000140000000000029
2026-07-22 17:00:00+00:00,2818,1.14092,1.14128,1.14082,1.14102,1.14094,1.14109,0.00014999999999987246
2026-07-22 18:00:00+00:00,2343,1.14103,1.14113,1.1408,1.1411,1.14102,1.14118,0.00016000000000016001
2026-07-22 19:00:00+00:00,1856,1.1411,1.14123,1.14092,1.14112,1.14105,1.1412,0.0001500000000000945
2026-07-22 20:00:00+00:00,1199,1.14113,1.14128,1.14106,1.1412,1.14113,1.14127,0.000140000000000029
2026-07-22 21:00:00+00:00,692,1.14104,1.14106,1.1407,1.1409,1.14081,1.14098,0.00017000000000000348
2026-07-22 22:00:00+00:00,1409,1.1409,1.14096,1.1406,1.14081,1.14073,1.14089,0.00015999999999993797
2026-07-22 23:00:00+00:00,934,1.14082,1.14117,1.14082,1.14114,1.14106,1.14122,0.00015999999999993797
2026-07-23 00:00:00+00:00,2988,1.14114,1.14176,1.14104,1.14172,1.14165,1.1418,0.00014999999999987246
2026-07-23 01:00:00+00:00,4665,1.14174,1.14204,1.1416,1.14164,1.14155,1.14172,0.00017000000000000348
2026-07-23 02:00:00+00:00,2628,1.14164,1.14282,1.14162,1.14276,1.14268,1.14284,0.00016000000000016001
2026-07-23 03:00:00+00:00,3066,1.14276,1.14306,1.14234,1.1429,1.14283,1.14298,0.0001500000000000945
2026-07-23 04:00:00+00:00,3353,1.1429,1.14358,1.14284,1.14326,1.14318,1.14335,0.00017000000000000348
2026-07-23 05:00:00+00:00,2655,1.14326,1.1435,1.14286,1.14299,1.14292,1.14306,0.000140000000000029
2026-07-23 06:00:00+00:00,4218,1.14298,1.1433,1.14237,1.14254,1.14246,1.14262,0.00015999999999993797
2026-07-23 07:00:00+00:00,5503,1.14256,1.14275,1.14196,1.14244,1.14237,1.14252,0.00014999999999987246
2026-07-23 08:00:00+00:00,6155,1.14246,1.14252,1.1407,1.14106,1.14098,1.14113,0.00014999999999987246
2026-07-23 09:00:00+00:00,4594,1.14105,1.14152,1.14098,1.14132,1.14124,1.14139,0.00014999999999987246
2026-07-23 10:00:00+00:00,4654,1.1413,1.14134,1.14032,1.14046,1.14038,1.14053,0.0001500000000000945
2026-07-23 11:00:00+00:00,7884,1.14044,1.14068,1.13832,1.13947,1.13939,1.13955,0.00016000000000016001
2026-07-23 12:00:00+00:00,8414,1.13946,1.13962,1.13756,1.1385,1.13842,1.13859,0.00017000000000000348
2026-07-23 13:00:00+00:00,11897,1.13851,1.13863,1.1368,1.13724,1.13717,1.13732,0.0001500000000000945
2026-07-23 14:00:00+00:00,10704,1.13726,1.13761,1.13638,1.13715,1.13708,1.13722,0.00013999999999980695
2026-07-23 15:00:00+00:00,9132,1.13717,1.13762,1.1366,1.13728,1.13721,1.13736,0.00014999999999987246
2026-07-23 16:00:00+00:00,5282,1.13732,1.13804,1.13726,1.138,1.13793,1.13808,0.00014999999999987246
2026-07-23 17:00:00+00:00,4413,1.13801,1.1381,1.13712,1.13714,1.13706,1.13721,0.0001500000000000945
2026-07-23 18:00:00+00:00,3039,1.13714,1.13764,1.13712,1.13762,1.13754,1.1377,0.00015999999999993797
2026-07-23 19:00:00+00:00,3014,1.13763,1.138,1.1374,1.13774,1.13765,1.13782,0.00017000000000000348
2026-07-23 20:00:00+00:00,1223,1.13775,1.13799,1.13766,1.13775,1.13768,1.13782,0.000140000000000029
2026-07-23 21:00:00+00:00,484,1.13754,1.13802,1.13754,1.13766,1.13739,1.13793,0.000540000000000207
2026-07-23 22:00:00+00:00,1352,1.13767,1.138,1.13767,1.13796,1.13787,1.13805,0.000180000000000069
2026-07-23 23:00:00+00:00,1186,1.13796,1.13798,1.13758,1.13764,1.13756,1.13772,0.00016000000000016001
2026-07-24 00:00:00+00:00,4233,1.13762,1.13843,1.13752,1.13843,1.13835,1.13851,0.00015999999999993797
2026-07-24 01:00:00+00:00,4089,1.13844,1.13873,1.13818,1.1384,1.13833,1.13847,0.000140000000000029
2026-07-24 02:00:00+00:00,2502,1.1384,1.13876,1.13808,1.13808,1.13801,1.13816,0.0001500000000000945
2026-07-24 03:00:00+00:00,1830,1.13808,1.13826,1.13779,1.13824,1.13817,1.13832,0.0001500000000000945
2026-07-24 04:00:00+00:00,1952,1.13825,1.1384,1.13768,1.13792,1.13783,1.138,0.00017000000000000348
2026-07-24 05:00:00+00:00,2597,1.13792,1.13834,1.13765,1.13778,1.1377,1.13786,0.00016000000000016001
2026-07-24 06:00:00+00:00,4366,1.13778,1.13869,1.13774,1.13868,1.1386,1.13877,0.00017000000000000348
2026-07-24 07:00:00+00:00,5605,1.1387,1.14012,1.13864,1.139,1.13892,1.13909,0.00017000000000000348
2026-07-24 08:00:00+00:00,5100,1.13901,1.13906,1.13814,1.13834,1.13826,1.13843,0.00017000000000000348
2026-07-24 09:00:00+00:00,4484,1.13834,1.13892,1.13824,1.13892,1.13884,1.139,0.00015999999999993797
2026-07-24 10:00:00+00:00,3672,1.13893,1.1393,1.13812,1.1383,1.13822,1.13838,0.00015999999999993797
2026-07-24 11:00:00+00:00,4514,1.1383,1.13881,1.13712,1.13748,1.1374,1.13755,0.0001500000000000945
2026-07-24 12:00:00+00:00,5588,1.13748,1.13784,1.13674,1.13698,1.1369,1.13706,0.00015999999999993797
2026-07-24 13:00:00+00:00,7162,1.13698,1.13768,1.1365,1.13766,1.13758,1.13775,0.00017000000000000348
2026-07-24 14:00:00+00:00,7760,1.13767,1.1381,1.13704,1.13782,1.13774,1.1379,0.00015999999999993797
2026-07-24 15:00:00+00:00,8715,1.13784,1.13908,1.1377,1.13846,1.13838,1.13854,0.00016000000000016001
2026-07-24 16:00:00+00:00,3336,1.13844,1.13864,1.13778,1.13778,1.13769,1.13786,0.00017000000000000348
2026-07-24 17:00:00+00:00,3054,1.13777,1.13778,1.13676,1.13696,1.13688,1.13703,0.0001500000000000945
2026-07-24 18:00:00+00:00,1907,1.13696,1.13712,1.13674,1.137,1.13692,1.13707,0.0001500000000000945
2026-07-24 19:00:00+00:00,1988,1.13702,1.13722,1.13681,1.137,1.13692,1.13708,0.00016000000000016001
2026-07-24 20:00:00+00:00,1300,1.13702,1.13742,1.13676,1.13706,1.13693,1.13718,0.0002500000000000835
2026-07-26 21:00:00+00:00,968,1.13958,1.13976,1.13906,1.1391,1.1388,1.13939,0.0005899999999998684
2026-07-26 22:00:00+00:00,2836,1.13898,1.14003,1.13881,1.13892,1.13885,1.139,0.0001500000000000945
2026-07-26 23:00:00+00:00,1406,1.13893,1.13953,1.13884,1.13946,1.13938,1.13953,0.00014999999999987246
2026-07-27 00:00:00+00:00,6303,1.13948,1.1413,1.13946,1.14016,1.14008,1.14023,0.0001500000000000945
2026-07-27 01:00:00+00:00,4093,1.14016,1.14143,1.14016,1.14142,1.14134,1.1415,0.00015999999999993797
2026-07-27 02:00:00+00:00,2955,1.14144,1.14144,1.14056,1.14056,1.14048,1.14064,0.00016000000000016001
2026-07-27 03:00:00+00:00,2507,1.14056,1.14071,1.14012,1.14036,1.14028,1.14043,0.0001500000000000945
2026-07-27 04:00:00+00:00,1359,1.14036,1.14052,1.14021,1.14037,1.14029,1.14045,0.00015999999999993797
2026-07-27 05:00:00+00:00,2099,1.14036,1.14076,1.14026,1.14062,1.14054,1.1407,0.00015999999999993797
2026-07-27 06:00:00+00:00,4867,1.14061,1.14184,1.14055,1.14081,1.14073,1.14089,0.00015999999999993797
2026-07-27 07:00:00+00:00,6836,1.14082,1.141,1.1396,1.13964,1.13955,1.13972,0.00017000000000000348
2026-07-27 08:00:00+00:00,5342,1.13962,1.14032,1.13948,1.14023,1.14015,1.14031,0.00015999999999993797
2026-07-27 09:00:00+00:00,4019,1.14022,1.14033,1.13946,1.13964,1.13956,1.13971,0.0001500000000000945
2026-07-27 10:00:00+00:00,4456,1.13964,1.14014,1.13936,1.13954,1.13945,1.13962,0.00017000000000000348
2026-07-27 11:00:00+00:00,5024,1.13954,1.1396,1.13852,1.13865,1.13857,1.13873,0.00015999999999993797
2026-07-27 12:00:00+00:00,5151,1.13866,1.13903,1.13764,1.13834,1.13826,1.13842,0.00015999999999993797
2026-07-27 13:00:00+00:00,8584,1.13834,1.13866,1.13725,1.13743,1.13735,1.13751,0.00015999999999993797
2026-07-27 14:00:00+00:00,6811,1.13742,1.13768,1.1369,1.13724,1.13717,1.13732,0.0001500000000000945
2026-07-27 15:00:00+00:00,5554,1.13723,1.13782,1.13683,1.13752,1.13743,1.1376,0.00017000000000000348
2026-07-27 16:00:00+00:00,4740,1.1375,1.13852,1.13736,1.13798,1.1379,1.13805,0.0001500000000000945
2026-07-27 17:00:00+00:00,3677,1.13798,1.13798,1.13688,1.13723,1.13715,1.13731,0.00015999999999993797
2026-07-27 18:00:00+00:00,3604,1.13724,1.13738,1.13675,1.13685,1.13677,1.13693,0.00015999999999993797
2026-07-27 19:00:00+00:00,2601,1.13686,1.13734,1.13674,1.137,1.13692,1.13707,0.0001500000000000945
2026-07-27 20:00:00+00:00,925,1.137,1.13722,1.1367,1.13683,1.13674,1.13692,0.00017999999999984695
2026-07-27 21:00:00+00:00,4102,1.13686,1.1374,1.13684,1.13732,1.137,1.13763,0.0006299999999999084
2026-07-27 22:00:00+00:00,1285,1.13734,1.13734,1.1369,1.13694,1.13684,1.13703,0.00018999999999991246
2026-07-27 23:00:00+00:00,1041,1.13694,1.13706,1.13678,1.13692,1.13685,1.137,0.0001500000000000945
2026-07-28 00:00:00+00:00,3148,1.13693,1.13746,1.13668,1.13742,1.13735,1.1375,0.00014999999999987246
2026-07-28 01:00:00+00:00,2854,1.13744,1.13773,1.13706,1.13732,1.13723,1.1374,0.00017000000000000348
2026-07-28 02:00:00+00:00,2385,1.13731,1.13788,1.13713,1.13772,1.13764,1.13779,0.0001500000000000945
2026-07-28 03:00:00+00:00,2637,1.13773,1.13802,1.13738,1.13746,1.13738,1.13754,0.00015999999999993797
2026-07-28 04:00:00+00:00,2199,1.13746,1.13746,1.1368,1.13687,1.13679,1.13695,0.00015999999999993797
2026-07-28 05:00:00+00:00,2793,1.13687,1.13688,1.13618,1.13659,1.13652,1.13666,0.000140000000000029
2026-07-28 06:00:00+00:00,4061,1.13658,1.1373,1.1365,1.13687,1.13679,1.13695,0.00015999999999993797
2026-07-28 07:00:00+00:00,4258,1.13686,1.13736,1.13633,1.13649,1.13641,1.13657,0.00016000000000016001
2026-07-28 08:00:00+00:00,3902,1.13648,1.13727,1.13647,1.13726,1.13718,1.13733,0.00014999999999987246
2026-07-28 09:00:00+00:00,3211,1.13725,1.13731,1.13559,1.13564,1.13556,1.13571,0.0001500000000000945
2026-07-28 10:00:00+00:00,3891,1.13564,1.13631,1.13532,1.13607,1.13599,1.13615,0.00015999999999993797
2026-07-28 11:00:00+00:00,4284,1.13607,1.13679,1.13568,1.13653,1.13645,1.13661,0.00015999999999993797
2026-07-28 12:00:00+00:00,4707,1.13653,1.13685,1.13608,1.13658,1.13651,1.13666,0.0001500000000000945
2026-07-28 13:00:00+00:00,5684,1.13659,1.13741,1.13658,1.13726,1.13717,1.13734,0.00017000000000000348
2026-07-28 14:00:00+00:00,6740,1.13724,1.13865,1.13712,1.13858,1.1385,1.13866,0.00015999999999993797
2026-07-28 15:00:00+00:00,9625,1.13858,1.14021,1.1384,1.14004,1.13996,1.14012,0.00015999999999993797
2026-07-28 16:00:00+00:00,4708,1.14006,1.14053,1.13958,1.13958,1.1395,1.13966,0.00015999999999993797
2026-07-28 17:00:00+00:00,3777,1.13958,1.1398,1.13883,1.13892,1.13884,1.13899,0.00014999999999987246
2026-07-28 18:00:00+00:00,2458,1.13893,1.13916,1.13862,1.13868,1.13861,1.13875,0.000140000000000029
2026-07-28 19:00:00+00:00,2224,1.1387,1.1392,1.13862,1.13873,1.13865,1.13881,0.00016000000000016001
2026-07-28 20:00:00+00:00,1171,1.13872,1.13892,1.13855,1.13864,1.13856,1.13873,0.00017000000000000348
2026-07-28 21:00:00+00:00,482,1.13904,1.1393,1.13902,1.13904,1.13894,1.13914,0.00019999999999997797
2026-07-28 22:00:00+00:00,1816,1.13904,1.13912,1.13841,1.13854,1.13847,1.13861,0.00013999999999980695
2026-07-28 23:00:00+00:00,1624,1.13852,1.13864,1.13822,1.1386,1.13852,1.13868,0.00015999999999993797
2026-07-29 00:00:00+00:00,3392,1.1386,1.13915,1.13828,1.13909,1.13901,1.13917,0.00015999999999993797
2026-07-29 01:00:00+00:00,4362,1.1391,1.13926,1.13854,1.13915,1.13907,1.13923,0.00015999999999993797
2026-07-29 02:00:00+00:00,2565,1.13914,1.1396,1.13903,1.13948,1.13941,1.13956,0.00014999999999987246
2026-07-29 03:00:00+00:00,2153,1.13948,1.14008,1.13945,1.1397,1.13962,1.13978,0.00015999999999993797
2026-07-29 04:00:00+00:00,2758,1.1397,1.14036,1.13963,1.14011,1.14003,1.14019,0.00015999999999993797
2026-07-29 05:00:00+00:00,2478,1.14013,1.1403,1.13976,1.13983,1.13975,1.13991,0.00015999999999993797
2026-07-29 06:00:00+00:00,4122,1.13982,1.14008,1.139,1.13921,1.13913,1.13929,0.00015999999999993797
2026-07-29 07:00:00+00:00,4141,1.1392,1.1401,1.13903,1.13979,1.13971,1.13987,0.00015999999999993797
2026-07-29 08:00:00+00:00,3970,1.13978,1.14005,1.13932,1.13964,1.13957,1.13972,0.0001500000000000945
2026-07-29 09:00:00+00:00,3364,1.13964,1.1397,1.13918,1.13919,1.13912,1.13926,0.000140000000000029
2026-07-29 10:00:00+00:00,3768,1.13917,1.1393,1.13834,1.13854,1.13847,1.13861,0.00013999999999980695
2026-07-29 11:00:00+00:00,3627,1.13855,1.13884,1.13803,1.1382,1.13812,1.13828,0.00015999999999993797
2026-07-29 12:00:00+00:00,6042,1.1382,1.1383,1.13746,1.13784,1.13777,1.13792,0.0001500000000000945
2026-07-29 13:00:00+00:00,5841,1.13784,1.13924,1.13766,1.13918,1.1391,1.13925,0.0001500000000000945
2026-07-29 14:00:00+00:00,7451,1.13919,1.1397,1.13808,1.13808,1.138,1.13816,0.00016000000000016001
2026-07-29 15:00:00+00:00,6043,1.13806,1.13856,1.13779,1.13828,1.13821,1.13836,0.0001500000000000945
2026-07-29 16:00:00+00:00,3818,1.1383,1.1386,1.13768,1.13852,1.13844,1.1386,0.00016000000000016001
2026-07-29 17:00:00+00:00,4294,1.1385,1.14,1.13845,1.13962,1.13936,1.13987,0.0005100000000000104
2026-07-29 18:00:00+00:00,35004,1.1396,1.14523,1.13892,1.1452,1.14511,1.14528,0.00017000000000000348
2026-07-29 19:00:00+00:00,23411,1.14519,1.14668,1.14398,1.14479,1.14471,1.14487,0.00016000000000016001
2026-07-29 20:00:00+00:00,5427,1.1448,1.14709,1.14469,1.14668,1.14658,1.14678,0.00019999999999997797
2026-07-29 21:00:00+00:00,2611,1.14599,1.14648,1.14552,1.14626,1.14605,1.14648,0.00042999999999993044
2026-07-29 22:00:00+00:00,2757,1.14621,1.14716,1.14614,1.14714,1.14705,1.14722,0.00017000000000000348
2026-07-29 23:00:00+00:00,2297,1.14714,1.14751,1.14644,1.14669,1.14661,1.14677,0.00016000000000016001
2026-07-30 00:00:00+00:00,5614,1.14668,1.14681,1.14558,1.1458,1.14573,1.14588,0.0001500000000000945
2026-07-30 01:00:00+00:00,3596,1.1458,1.14612,1.14524,1.14532,1.14524,1.14541,0.00017000000000000348
2026-07-30 02:00:00+00:00,1770,1.14533,1.14552,1.14513,1.14528,1.1452,1.14535,0.0001500000000000945
2026-07-30 03:00:00+00:00,2015,1.14529,1.14542,1.14479,1.14496,1.14489,1.14504,0.0001500000000000945
2026-07-30 04:00:00+00:00,1731,1.14498,1.1454,1.14491,1.1451,1.14502,1.14518,0.00016000000000016001
2026-07-30 05:00:00+00:00,3104,1.1451,1.14568,1.1449,1.145,1.14492,1.14508,0.00016000000000016001
2026-07-30 06:00:00+00:00,5040,1.14502,1.14514,1.14432,1.1447,1.14462,1.14477,0.0001500000000000945
2026-07-30 07:00:00+00:00,6911,1.14472,1.14512,1.14344,1.14376,1.14368,1.14385,0.00017000000000000348
2026-07-30 08:00:00+00:00,6243,1.14376,1.14556,1.1437,1.14482,1.14474,1.14491,0.00017000000000000348
2026-07-30 09:00:00+00:00,5350,1.14482,1.14676,1.14482,1.14648,1.1464,1.14656,0.00015999999999993797
2026-07-30 10:00:00+00:00,9940,1.14648,1.14843,1.14614,1.14728,1.1472,1.14736,0.00015999999999993797
2026-07-30 11:00:00+00:00,5420,1.14728,1.14782,1.14651,1.1476,1.14752,1.14769,0.00017000000000000348
2026-07-30 12:00:00+00:00,9873,1.1476,1.14835,1.14694,1.14725,1.14717,1.14733,0.00015999999999993797
2026-07-30 13:00:00+00:00,23517,1.14726,1.1524,1.14696,1.15238,1.15231,1.15246,0.0001500000000000945
2026-07-30 14:00:00+00:00,32284,1.15239,1.1537,1.15025,1.1503,1.15022,1.15038,0.00015999999999993797
2026-07-30 15:00:00+00:00,10322,1.15031,1.15248,1.14987,1.15212,1.15204,1.15221,0.00017000000000000348
2026-07-30 16:00:00+00:00,6475,1.15212,1.15306,1.15212,1.15285,1.15277,1.15293,0.00015999999999993797
2026-07-30 17:00:00+00:00,9289,1.15288,1.15309,1.15138,1.15297,1.15289,1.15305,0.00015999999999993797
2026-07-30 18:00:00+00:00,4737,1.15298,1.15356,1.15275,1.15355,1.15347,1.15363,0.00015999999999993797
2026-07-30 19:00:00+00:00,3683,1.15352,1.15358,1.15281,1.15312,1.15304,1.1532,0.00015999999999993797
2026-07-30 20:00:00+00:00,1747,1.15314,1.15328,1.15264,1.1528,1.15272,1.15287,0.0001500000000000945
2026-07-30 21:00:00+00:00,310,1.15261,1.15274,1.15246,1.15258,1.15243,1.15272,0.00028999999999990145
2026-07-30 22:00:00+00:00,2289,1.15253,1.15312,1.15252,1.15286,1.15278,1.15294,0.00016000000000016001
2026-07-30 23:00:00+00:00,3107,1.15287,1.15308,1.15224,1.1523,1.15223,1.15237,0.00013999999999980695
2026-07-31 00:00:00+00:00,6074,1.15232,1.15266,1.15153,1.1518,1.15172,1.15188,0.00015999999999993797
2026-07-31 01:00:00+00:00,5689,1.15182,1.15214,1.151,1.151,1.15093,1.15108,0.0001500000000000945
2026-07-31 02:00:00+00:00,3869,1.15102,1.15164,1.15101,1.1512,1.15111,1.15128,0.00017000000000000348
2026-07-31 03:00:00+00:00,3988,1.15121,1.15136,1.15063,1.15135,1.15127,1.15143,0.00015999999999993797
2026-07-31 04:00:00+00:00,2823,1.15133,1.15142,1.15044,1.15082,1.15074,1.15091,0.00017000000000000348
2026-07-31 05:00:00+00:00,3461,1.15082,1.15096,1.15047,1.15062,1.15055,1.1507,0.0001500000000000945
2026-07-31 06:00:00+00:00,7683,1.15063,1.15223,1.15054,1.1517,1.15162,1.15179,0.00017000000000000348
2026-07-31 07:00:00+00:00,6979,1.1517,1.15248,1.15116,1.15144,1.15136,1.15152,0.00016000000000016001
2026-07-31 08:00:00+00:00,8669,1.15144,1.15262,1.15044,1.15216,1.15208,1.15225,0.00017000000000000348
2026-07-31 09:00:00+00:00,11984,1.15212,1.1525,1.15032,1.15054,1.15047,1.15062,0.00014999999999987246
2026-07-31 10:00:00+00:00,5053,1.15054,1.15082,1.1501,1.15019,1.15011,1.15027,0.00015999999999993797
2026-07-31 11:00:00+00:00,6235,1.15019,1.15021,1.14848,1.14852,1.14845,1.1486,0.0001500000000000945
2026-07-31 12:00:00+00:00,5778,1.14854,1.14909,1.14814,1.14882,1.14874,1.1489,0.00015999999999993797
2026-07-31 13:00:00+00:00,21193,1.14882,1.15037,1.14551,1.14666,1.14657,1.14676,0.00018999999999991246
2026-07-31 14:00:00+00:00,18899,1.14666,1.15064,1.14624,1.15046,1.15038,1.15053,0.0001500000000000945
2026-07-31 15:00:00+00:00,11644,1.15047,1.15187,1.14972,1.15182,1.15174,1.1519,0.00015999999999993797
2026-07-31 16:00:00+00:00,5799,1.15182,1.15192,1.15124,1.15172,1.15164,1.1518,0.00015999999999993797
2026-07-31 17:00:00+00:00,11429,1.15172,1.15376,1.1517,1.15334,1.15326,1.15341,0.0001500000000000945
2026-07-31 18:00:00+00:00,6551,1.15334,1.15363,1.15244,1.15308,1.153,1.15315,0.00014999999999987246
2026-07-31 19:00:00+00:00,4677,1.15308,1.15362,1.1527,1.15313,1.15305,1.15321,0.00016000000000016001
2026-07-31 20:00:00+00:00,12414,1.15314,1.15476,1.1524,1.15306,1.15288,1.15323,0.0003500000000000725
2026-08-02 21:00:00+00:00,1023,1.15485,1.15509,1.15454,1.1549,1.15469,1.15512,0.00042999999999993044
2026-08-02 22:00:00+00:00,5181,1.1549,1.1559,1.1547,1.15485,1.15477,1.15493,0.00015999999999993797
2026-08-02 23:00:00+00:00,3965,1.15484,1.15512,1.1542,1.15438,1.1543,1.15446,0.00015999999999993797
2026-08-03 00:00:00+00:00,16123,1.15438,1.1556,1.1535,1.15424,1.15416,1.15433,0.00017000000000000348
2026-08-03 01:00:00+00:00,9589,1.15426,1.1546,1.153,1.15322,1.15315,1.1533,0.0001500000000000945
2026-08-03 02:00:00+00:00,3899,1.15323,1.15354,1.15284,1.1531,1.15302,1.15318,0.00016000000000016001
2026-08-03 03:00:00+00:00,2921,1.1531,1.15311,1.1527,1.153,1.15292,1.15308,0.00016000000000016001
2026-08-03 04:00:00+00:00,2707,1.15298,1.1536,1.1529,1.15342,1.15335,1.1535,0.00014999999999987246
2026-08-03 05:00:00+00:00,2839,1.15342,1.15376,1.15316,1.15372,1.15365,1.15379,0.000140000000000029
2026-08-03 06:00:00+00:00,6332,1.15372,1.15388,1.15236,1.1527,1.15262,1.15278,0.00015999999999993797
2026-08-03 07:00:00+00:00,7159,1.15268,1.15322,1.15206,1.15261,1.15253,1.15269,0.00015999999999993797
2026-08-03 08:00:00+00:00,5305,1.15262,1.15278,1.1521,1.15228,1.1522,1.15235,0.0001500000000000945
2026-08-03 09:00:00+00:00,5201,1.15226,1.15303,1.152,1.15222,1.15214,1.15229,0.0001500000000000945
2026-08-03 10:00:00+00:00,5000,1.15222,1.15247,1.15169,1.15222,1.15214,1.15229,0.0001500000000000945
2026-08-03 11:00:00+00:00,4111,1.15221,1.15326,1.15208,1.15325,1.15317,1.15333,0.00015999999999993797
2026-08-03 12:00:00+00:00,5598,1.15324,1.15352,1.15228,1.15281,1.15273,1.15289,0.00015999999999993797
2026-08-03 13:00:00+00:00,9145,1.15282,1.15351,1.15218,1.15274,1.15265,1.15283,0.000180000000000069
2026-08-03 14:00:00+00:00,9904,1.15274,1.15274,1.15102,1.1514,1.15132,1.15149,0.00017000000000000348
2026-08-03 15:00:00+00:00,8499,1.15141,1.15142,1.15004,1.15096,1.15088,1.15104,0.00016000000000016001
2026-08-03 16:00:00+00:00,4719,1.15098,1.15105,1.15044,1.15068,1.15061,1.15076,0.0001500000000000945
2026-08-03 17:00:00+00:00,3088,1.15069,1.1507,1.15014,1.1502,1.15013,1.15027,0.00013999999999980695
2026-08-03 18:00:00+00:00,3402,1.1502,1.15148,1.15016,1.15136,1.15128,1.15144,0.00015999999999993797
2026-08-03 19:00:00+00:00,2431,1.15136,1.15148,1.15094,1.15103,1.15095,1.15111,0.00016000000000016001
2026-08-03 20:00:00+00:00,1465,1.15102,1.15108,1.15064,1.15084,1.15076,1.15092,0.00015999999999993797
2026-08-03 21:00:00+00:00,1650,1.15118,1.15126,1.15073,1.15114,1.1509,1.15139,0.0004899999999998794
2026-08-03 22:00:00+00:00,1304,1.15112,1.15112,1.15068,1.15089,1.15081,1.15097,0.00015999999999993797
2026-08-03 23:00:00+00:00,1406,1.15088,1.15104,1.15065,1.1507,1.15062,1.15078,0.00015999999999993797
2026-08-04 00:00:00+00:00,4987,1.1507,1.1515,1.15048,1.15055,1.15047,1.15063,0.00015999999999993797
2026-08-04 01:00:00+00:00,4117,1.15054,1.15146,1.15022,1.15124,1.15116,1.15132,0.00015999999999993797
2026-08-04 02:00:00+00:00,3288,1.15124,1.15139,1.15078,1.15081,1.15073,1.15089,0.00015999999999993797
2026-08-04 03:00:00+00:00,2943,1.1508,1.15142,1.15075,1.1508,1.15072,1.15089,0.00017000000000000348
2026-08-04 04:00:00+00:00,1912,1.15081,1.1511,1.15058,1.15104,1.15096,1.15112,0.00015999999999993797
2026-08-04 05:00:00+00:00,2890,1.15102,1.15105,1.15038,1.15072,1.15065,1.1508,0.0001500000000000945
2026-08-04 06:00:00+00:00,5159,1.15073,1.15106,1.15038,1.15074,1.15066,1.15082,0.00015999999999993797
2026-08-04 07:00:00+00:00,5052,1.15074,1.15172,1.15064,1.15108,1.15101,1.15116,0.00014999999999987246
2026-08-04 08:00:00+00:00,5229,1.15109,1.15144,1.15062,1.15079,1.15071,1.15087,0.00016000000000016001
2026-08-04 09:00:00+00:00,4101,1.15078,1.15112,1.15032,1.1508,1.15072,1.15088,0.00015999999999993797
2026-08-04 10:00:00+00:00,6265,1.1508,1.15189,1.15077,1.15139,1.15131,1.15147,0.00015999999999993797
2026-08-04 11:00:00+00:00,7125,1.1514,1.15234,1.15114,1.15162,1.15155,1.15169,0.000140000000000029
2026-08-04 12:00:00+00:00,5691,1.15162,1.15234,1.15134,1.15149,1.15141,1.15157,0.00015999999999993797
2026-08-04 13:00:00+00:00,9969,1.15148,1.15261,1.15093,1.15242,1.15235,1.1525,0.0001500000000000945
2026-08-04 14:00:00+00:00,7710,1.15245,1.15309,1.15189,1.15232,1.15225,1.15239,0.000140000000000029
2026-08-04 15:00:00+00:00,6530,1.15232,1.15266,1.15134,1.15262,1.15255,1.1527,0.0001500000000000945
2026-08-04 16:00:00+00:00,3412,1.15264,1.15266,1.15166,1.15187,1.15179,1.15195,0.00015999999999993797
2026-08-04 17:00:00+00:00,3025,1.15188,1.15264,1.15186,1.15242,1.15234,1.1525,0.00016000000000016001
2026-08-04 18:00:00+00:00,3268,1.1524,1.15338,1.15228,1.15329,1.15321,1.15337,0.00015999999999993797
2026-08-04 19:00:00+00:00,2635,1.1533,1.15334,1.15296,1.15308,1.153,1.15316,0.00015999999999993797
2026-08-04 20:00:00+00:00,1421,1.15308,1.15341,1.15306,1.15324,1.15316,1.15333,0.00017000000000000348
2026-08-04 21:00:00+00:00,628,1.15286,1.15321,1.15285,1.15297,1.15288,1.15306,0.000180000000000069
2026-08-04 22:00:00+00:00,820,1.15298,1.15329,1.15293,1.15329,1.15321,1.15337,0.00015999999999993797
2026-08-04 23:00:00+00:00,1359,1.15328,1.15333,1.15299,1.15321,1.15313,1.15329,0.00015999999999993797
2026-08-05 00:00:00+00:00,3869,1.15322,1.15356,1.15297,1.15314,1.15307,1.15322,0.00014999999999987246
2026-08-05 01:00:00+00:00,3301,1.15315,1.15317,1.15268,1.15271,1.15263,1.15279,0.00015999999999993797
2026-08-05 02:00:00+00:00,4839,1.15272,1.15406,1.15268,1.15348,1.1534,1.15356,0.00015999999999993797
2026-08-05 03:00:00+00:00,2460,1.15348,1.15404,1.15347,1.15372,1.15364,1.15381,0.00017000000000000348
2026-08-05 04:00:00+00:00,2737,1.15373,1.15403,1.15346,1.15362,1.15354,1.1537,0.00015999999999993797
2026-08-05 05:00:00+00:00,3121,1.15362,1.15382,1.15318,1.15356,1.15348,1.15365,0.00017000000000000348
2026-08-05 06:00:00+00:00,5280,1.15358,1.15459,1.15324,1.15449,1.15442,1.15456,0.000140000000000029
2026-08-05 07:00:00+00:00,5946,1.15448,1.15468,1.1534,1.1538,1.15372,1.15388,0.00015999999999993797
2026-08-05 08:00:00+00:00,5544,1.1538,1.15448,1.15312,1.15356,1.15349,1.15364,0.0001500000000000945
2026-08-05 09:00:00+00:00,5098,1.15357,1.15427,1.15336,1.15398,1.15391,1.15406,0.0001500000000000945
2026-08-05 10:00:00+00:00,4149,1.15398,1.1541,1.15352,1.15396,1.15388,1.15403,0.00014999999999987246
2026-08-05 11:00:00+00:00,5496,1.15397,1.15552,1.15397,1.15528,1.1552,1.15535,0.0001500000000000945
2026-08-05 12:00:00+00:00,6426,1.15527,1.15572,1.15448,1.15457,1.1545,1.15464,0.000140000000000029
2026-08-05 13:00:00+00:00,9398,1.15456,1.1554,1.15402,1.15441,1.15433,1.15449,0.00015999999999993797
2026-08-05 14:00:00+00:00,10394,1.15438,1.1557,1.15422,1.15534,1.15526,1.15543,0.00017000000000000348
2026-08-05 15:00:00+00:00,8414,1.15535,1.15566,1.15428,1.1546,1.15452,1.15469,0.00017000000000000348
2026-08-05 16:00:00+00:00,4572,1.1546,1.15493,1.15428,1.1546,1.15452,1.15467,0.0001500000000000945
2026-08-05 17:00:00+00:00,3590,1.1546,1.15573,1.15428,1.15564,1.15556,1.15571,0.0001500000000000945
2026-08-05 18:00:00+00:00,3382,1.15563,1.15594,1.15532,1.15536,1.15529,1.15544,0.0001500000000000945
2026-08-05 19:00:00+00:00,2871,1.15537,1.15549,1.15476,1.15509,1.15501,1.15517,0.00015999999999993797
2026-08-05 20:00:00+00:00,1625,1.15508,1.15541,1.15492,1.15534,1.15526,1.15543,0.00017000000000000348
2026-08-05 21:00:00+00:00,1740,1.15548,1.15568,1.15526,1.15529,1.15484,1.15574,0.0008999999999999009
2026-08-05 22:00:00+00:00,2226,1.15528,1.15552,1.15512,1.15548,1.1554,1.15557,0.00017000000000000348
2026-08-05 23:00:00+00:00,1002,1.15549,1.15578,1.15542,1.15571,1.15563,1.15579,0.00016000000000016001
2026-08-06 00:00:00+00:00,3319,1.15572,1.15597,1.15547,1.15564,1.15556,1.15571,0.0001500000000000945
2026-08-06 01:00:00+00:00,3502,1.15564,1.15576,1.15536,1.1555,1.15543,1.15558,0.0001500000000000945
2026-08-06 02:00:00+00:00,2526,1.1555,1.1558,1.15526,1.15536,1.15529,1.15544,0.0001500000000000945
2026-08-06 03:00:00+00:00,1985,1.15537,1.15539,1.15469,1.15488,1.1548,1.15496,0.00015999999999993797
2026-08-06 04:00:00+00:00,1770,1.15488,1.15496,1.1547,1.15491,1.15484,1.15498,0.00013999999999980695
2026-08-06 05:00:00+00:00,2129,1.15492,1.15505,1.15446,1.15494,1.15486,1.15502,0.00015999999999993797
2026-08-06 06:00:00+00:00,3655,1.15493,1.15516,1.15431,1.15448,1.15441,1.15456,0.0001500000000000945
2026-08-06 07:00:00+00:00,4379,1.15449,1.15466,1.15412,1.15442,1.15434,1.1545,0.00016000000000016001
2026-08-06 08:00:00+00:00,4628,1.15444,1.15452,1.1539,1.15433,1.15426,1.1544,0.000140000000000029
2026-08-06 09:00:00+00:00,3453,1.15432,1.1544,1.15365,1.15385,1.15377,1.15393,0.00015999999999993797
2026-08-06 10:00:00+00:00,2882,1.15386,1.15428,1.15365,1.1541,1.15402,1.15417,0.00014999999999987246
2026-08-06 11:00:00+00:00,3829,1.15411,1.15469,1.15377,1.15452,1.15444,1.15459,0.0001500000000000945
2026-08-06 12:00:00+00:00,4962,1.15452,1.15456,1.15368,1.15386,1.15378,1.15394,0.00015999999999993797
2026-08-06 13:00:00+00:00,5735,1.15388,1.1545,1.15356,1.1543,1.15422,1.15438,0.00015999999999993797
2026-08-06 14:00:00+00:00,7409,1.1543,1.15442,1.15305,1.15352,1.15344,1.1536,0.00015999999999993797
2026-08-06 15:00:00+00:00,7628,1.15352,1.15358,1.1519,1.15207,1.15199,1.15215,0.00015999999999993797
2026-08-06 16:00:00+00:00,4894,1.15208,1.15228,1.15147,1.15206,1.15199,1.15214,0.00014999999999987246
2026-08-06 17:00:00+00:00,3139,1.15207,1.15229,1.15176,1.15228,1.15219,1.15236,0.00017000000000000348
2026-08-06 18:00:00+00:00,2164,1.15228,1.15248,1.15216,1.15237,1.15229,1.15245,0.00015999999999993797
2026-08-06 19:00:00+00:00,3548,1.15238,1.15258,1.15172,1.15233,1.15226,1.1524,0.000140000000000029
2026-08-06 20:00:00+00:00,1829,1.15232,1.15246,1.15188,1.15242,1.15235,1.1525,0.0001500000000000945
2026-08-06 21:00:00+00:00,741,1.15245,1.15246,1.15197,1.1521,1.15195,1.15225,0.00029999999999996696
2026-08-06 22:00:00+00:00,910,1.15204,1.15233,1.15204,1.15217,1.1521,1.15224,0.000140000000000029
2026-08-06 23:00:00+00:00,584,1.15218,1.15244,1.15218,1.15241,1.15234,1.15248,0.000140000000000029
2026-08-07 00:00:00+00:00,3286,1.15239,1.15241,1.1518,1.15191,1.15184,1.15198,0.000140000000000029
2026-08-07 01:00:00+00:00,3168,1.1519,1.15256,1.15184,1.15216,1.15208,1.15225,0.00017000000000000348
2026-08-07 02:00:00+00:00,2097,1.15216,1.15236,1.15207,1.15216,1.15207,1.15224,0.00017000000000000348
2026-08-07 03:00:00+00:00,1574,1.15216,1.15234,1.15197,1.15234,1.15226,1.15241,0.00014999999999987246
2026-08-07 04:00:00+00:00,1867,1.15233,1.15244,1.15216,1.15236,1.15227,1.15244,0.00017000000000000348
2026-08-07 05:00:00+00:00,1813,1.15236,1.15254,1.15208,1.15224,1.15216,1.15231,0.00014999999999987246
2026-08-07 06:00:00+00:00,3436,1.15225,1.1525,1.1521,1.15222,1.15214,1.15229,0.0001500000000000945
2026-08-07 07:00:00+00:00,3858,1.15222,1.15244,1.15177,1.15225,1.15217,1.15233,0.00016000000000016001
2026-08-07 08:00:00+00:00,4312,1.15226,1.15253,1.15181,1.15236,1.15228,1.15243,0.0001500000000000945
2026-08-07 09:00:00+00:00,3697,1.15235,1.15312,1.1523,1.1529,1.15282,1.15298,0.00015999999999993797
2026-08-07 10:00:00+00:00,3755,1.1529,1.15292,1.15256,1.1527,1.15262,1.15278,0.00015999999999993797
2026-08-07 11:00:00+00:00,3499,1.1527,1.15334,1.15266,1.15331,1.15323,1.15339,0.00015999999999993797
2026-08-07 12:00:00+00:00,20065,1.15332,1.15808,1.15264,1.15728,1.1572,1.15736,0.00015999999999993797
2026-08-07 13:00:00+00:00,12795,1.15727,1.15754,1.15566,1.15577,1.1557,1.15584,0.000140000000000029
2026-08-07 14:00:00+00:00,11259,1.15576,1.15643,1.15505,1.15532,1.15524,1.15539,0.00014999999999987246
2026-08-07 15:00:00+00:00,8249,1.15532,1.15638,1.15502,1.15586,1.15579,1.15594,0.00014999999999987246
2026-08-07 16:00:00+00:00,5591,1.15586,1.15674,1.15574,1.1559,1.15581,1.15598,0.00017000000000000348
2026-08-07 17:00:00+00:00,3231,1.15589,1.15634,1.15575,1.15612,1.15604,1.15621,0.00017000000000000348
2026-08-07 18:00:00+00:00,2549,1.15613,1.15662,1.1559,1.15652,1.15644,1.15659,0.0001500000000000945
2026-08-07 19:00:00+00:00,4259,1.15652,1.15702,1.15609,1.15616,1.15608,1.15625,0.00017000000000000348
2026-08-07 20:00:00+00:00,2561,1.15616,1.15618,1.15558,1.1558,1.15571,1.15588,0.00017000000000000348
2026-08-09 21:00:00+00:00,365,1.15664,1.15665,1.15604,1.1561,1.15595,1.15626,0.00031000000000003247
2026-08-09 22:00:00+00:00,1164,1.1561,1.15622,1.15548,1.15557,1.1555,1.15564,0.000140000000000029
2026-08-09 23:00:00+00:00,1396,1.15556,1.15583,1.15542,1.15554,1.15547,1.15562,0.0001500000000000945
2026-08-10 00:00:00+00:00,3779,1.15555,1.1559,1.1554,1.15582,1.15574,1.1559,0.00015999999999993797
2026-08-10 01:00:00+00:00,4484,1.15582,1.15592,1.15519,1.1554,1.15532,1.15547,0.0001500000000000945
2026-08-10 02:00:00+00:00,1978,1.1554,1.1555,1.1551,1.15516,1.15508,1.15524,0.00015999999999993797
2026-08-10 03:00:00+00:00,1901,1.15516,1.15529,1.15488,1.15491,1.15483,1.15499,0.00015999999999993797
2026-08-10 04:00:00+00:00,1708,1.15492,1.15526,1.1548,1.15516,1.15508,1.15523,0.00014999999999987246
2026-08-10 05:00:00+00:00,2588,1.15515,1.15564,1.155,1.15548,1.15541,1.15556,0.00014999999999987246
2026-08-10 06:00:00+00:00,3760,1.15547,1.15577,1.15524,1.1555,1.15542,1.15557,0.0001500000000000945
2026-08-10 07:00:00+00:00,5203,1.15551,1.15657,1.1552,1.15609,1.15601,1.15617,0.00015999999999993797
2026-08-10 08:00:00+00:00,4072,1.1561,1.15658,1.15595,1.15609,1.15601,1.15617,0.00015999999999993797
2026-08-10 09:00:00+00:00,3605,1.1561,1.15638,1.15566,1.15568,1.15561,1.15576,0.00014999999999987246
2026-08-10 10:00:00+00:00,4109,1.15568,1.1558,1.15544,1.15554,1.15546,1.15561,0.0001500000000000945
2026-08-10 11:00:00+00:00,3275,1.15554,1.15564,1.1549,1.15524,1.15516,1.15532,0.00015999999999993797
2026-08-10 12:00:00+00:00,5401,1.15522,1.15552,1.1545,1.1547,1.15463,1.15478,0.00014999999999987246
2026-08-10 13:00:00+00:00,6673,1.15472,1.15537,1.15438,1.1545,1.15442,1.15457,0.0001500000000000945
2026-08-10 14:00:00+00:00,6336,1.15451,1.15558,1.15444,1.1552,1.15512,1.15527,0.0001500000000000945
2026-08-10 15:00:00+00:00,5169,1.15518,1.15536,1.15464,1.15516,1.15508,1.15525,0.00017000000000000348
2026-08-10 16:00:00+00:00,3866,1.15518,1.15542,1.1545,1.1547,1.15462,1.15479,0.00017000000000000348
2026-08-10 17:00:00+00:00,2682,1.15471,1.15476,1.1541,1.15428,1.15421,1.15436,0.0001500000000000945
2026-08-10 18:00:00+00:00,3092,1.15429,1.15449,1.154,1.15422,1.15414,1.1543,0.00016000000000016001
2026-08-10 19:00:00+00:00,2527,1.15422,1.15432,1.15402,1.15415,1.15407,1.15423,0.00016000000000016001
2026-08-10 20:00:00+00:00,1182,1.15416,1.15432,1.15414,1.15425,1.15417,1.15433,0.00016000000000016001
2026-08-10 21:00:00+00:00,369,1.15429,1.15436,1.1542,1.15426,1.15404,1.15447,0.0004300000000001525
2026-08-10 22:00:00+00:00,1163,1.15428,1.15446,1.15423,1.15438,1.1543,1.15445,0.00014999999999987246
2026-08-10 23:00:00+00:00,1093,1.15438,1.15468,1.15423,1.15462,1.15454,1.15469,0.0001500000000000945
2026-08-11 00:00:00+00:00,2821,1.15462,1.15498,1.15454,1.15462,1.15453,1.1547,0.00017000000000000348
2026-08-11 01:00:00+00:00,2779,1.15461,1.15498,1.15431,1.15462,1.15454,1.1547,0.00016000000000016001
2026-08-11 02:00:00+00:00,2934,1.15463,1.15464,1.15386,1.15398,1.1539,1.15407,0.00017000000000000348
2026-08-11 03:00:00+00:00,1896,1.15398,1.1545,1.15396,1.1543,1.15422,1.15437,0.00014999999999987246
2026-08-11 04:00:00+00:00,2525,1.1543,1.15452,1.15394,1.15428,1.1542,1.15437,0.00017000000000000348
2026-08-11 05:00:00+00:00,2725,1.15428,1.1543,1.15386,1.1541,1.15403,1.15418,0.0001500000000000945
2026-08-11 06:00:00+00:00,4862,1.15412,1.15434,1.1533,1.15369,1.15361,1.15377,0.00015999999999993797
2026-08-11 07:00:00+00:00,4578,1.1537,1.15402,1.15318,1.15321,1.15313,1.15329,0.00015999999999993797
2026-08-11 08:00:00+00:00,4479,1.1532,1.15386,1.15314,1.15362,1.15355,1.1537,0.00014999999999987246
2026-08-11 09:00:00+00:00,2973,1.15362,1.15374,1.1533,1.15372,1.15364,1.1538,0.00015999999999993797
2026-08-11 10:00:00+00:00,3667,1.1537,1.15385,1.15334,1.15366,1.15358,1.15374,0.00015999999999993797
2026-08-11 11:00:00+00:00,6265,1.15366,1.15436,1.15346,1.15365,1.15358,1.15372,0.000140000000000029
2026-08-11 12:00:00+00:00,5402,1.15365,1.15442,1.15339,1.15415,1.15408,1.15422,0.000140000000000029
2026-08-11 13:00:00+00:00,5649,1.15414,1.15484,1.15391,1.15442,1.15435,1.1545,0.0001500000000000945
2026-08-11 14:00:00+00:00,5427,1.15441,1.15442,1.15378,1.15426,1.15419,1.15434,0.00014999999999987246
2026-08-11 15:00:00+00:00,4969,1.15427,1.15447,1.15366,1.1543,1.15423,1.15438,0.00014999999999987246
2026-08-11 16:00:00+00:00,3059,1.15431,1.15438,1.15391,1.15394,1.15386,1.15402,0.00015999999999993797
2026-08-11 17:00:00+00:00,2104,1.15396,1.15402,1.15344,1.1538,1.15373,1.15388,0.0001500000000000945
2026-08-11 18:00:00+00:00,2723,1.1538,1.15422,1.15355,1.15404,1.15396,1.15413,0.00017000000000000348
2026-08-11 19:00:00+00:00,2045,1.15406,1.1543,1.154,1.15428,1.15421,1.15436,0.0001500000000000945
2026-08-11 20:00:00+00:00,1023,1.15427,1.15438,1.15394,1.1543,1.15421,1.15439,0.000180000000000069
2026-08-11 21:00:00+00:00,474,1.1541,1.1542,1.15396,1.15406,1.15395,1.15416,0.00021000000000004349
2026-08-11 22:00:00+00:00,741,1.15405,1.15436,1.15405,1.15434,1.15426,1.15442,0.00015999999999993797
2026-08-11 23:00:00+00:00,820,1.15435,1.15438,1.15412,1.15436,1.15428,1.15443,0.0001500000000000945
2026-08-12 00:00:00+00:00,2482,1.15437,1.15448,1.15396,1.15408,1.154,1.15416,0.00016000000000016001
2026-08-12 01:00:00+00:00,2385,1.15408,1.15408,1.15366,1.15384,1.15376,1.15391,0.0001500000000000945
2026-08-12 02:00:00+00:00,2287,1.15384,1.15402,1.15352,1.15384,1.15376,1.15392,0.00016000000000016001
2026-08-12 03:00:00+00:00,1338,1.15384,1.15386,1.1535,1.15354,1.15346,1.15363,0.00017000000000000348
2026-08-12 04:00:00+00:00,1092,1.15354,1.15366,1.1533,1.15359,1.15351,1.15367,0.00015999999999993797
2026-08-12 05:00:00+00:00,1705,1.1536,1.1536,1.15322,1.15338,1.1533,1.15347,0.00017000000000000348
2026-08-12 06:00:00+00:00,3075,1.15338,1.15374,1.15334,1.15372,1.15364,1.1538,0.00015999999999993797
2026-08-12 07:00:00+00:00,2534,1.15372,1.15395,1.15358,1.15374,1.15367,1.15382,0.0001500000000000945
2026-08-12 08:00:00+00:00,3210,1.15376,1.15401,1.15346,1.15372,1.15365,1.1538,0.00014999999999987246
2026-08-12 09:00:00+00:00,6699,1.15374,1.155,1.15348,1.15362,1.15354,1.1537,0.00015999999999993797
2026-08-12 10:00:00+00:00,4074,1.1536,1.15391,1.15325,1.1535,1.15342,1.15357,0.0001500000000000945
2026-08-12 11:00:00+00:00,3490,1.1535,1.15455,1.1534,1.15436,1.15428,1.15443,0.0001500000000000945
2026-08-12 12:00:00+00:00,18029,1.15436,1.15634,1.15328,1.15594,1.15586,1.15602,0.00015999999999993797
2026-08-12 13:00:00+00:00,12867,1.15596,1.15628,1.1546,1.15522,1.15514,1.1553,0.00015999999999993797
2026-08-12 14:00:00+00:00,9055,1.15524,1.15544,1.1539,1.15431,1.15424,1.15438,0.000140000000000029
2026-08-12 15:00:00+00:00,5471,1.1543,1.1544,1.15352,1.15394,1.15386,1.15402,0.00015999999999993797
2026-08-12 16:00:00+00:00,4224,1.15394,1.15402,1.15246,1.15282,1.15275,1.1529,0.0001500000000000945
2026-08-12 17:00:00+00:00,3500,1.15281,1.15307,1.15214,1.15216,1.15209,1.15223,0.000140000000000029
2026-08-12 18:00:00+00:00,2298,1.15216,1.15272,1.15199,1.15211,1.15203,1.15219,0.00015999999999993797
2026-08-12 19:00:00+00:00,2223,1.15212,1.15248,1.15199,1.15224,1.15216,1.15232,0.00015999999999993797
2026-08-12 20:00:00+00:00,1253,1.15226,1.15264,1.15214,1.1525,1.15242,1.15259,0.00017000000000000348
2026-08-12 21:00:00+00:00,506,1.15274,1.15285,1.1522,1.15236,1.1522,1.15251,0.00031000000000003247
2026-08-12 22:00:00+00:00,708,1.15232,1.15268,1.15232,1.15267,1.1526,1.15274,0.000140000000000029
2026-08-12 23:00:00+00:00,809,1.15268,1.1528,1.15263,1.15278,1.1527,1.15287,0.00017000000000000348
2026-08-13 00:00:00+00:00,2833,1.15281,1.15314,1.15266,1.15289,1.15281,1.15297,0.00016000000000016001
2026-08-13 01:00:00+00:00,2989,1.1529,1.1531,1.15236,1.15248,1.1524,1.15256,0.00015999999999993797
2026-08-13 02:00:00+00:00,1748,1.15248,1.15256,1.15198,1.15219,1.15212,1.15226,0.000140000000000029
2026-08-13 03:00:00+00:00,2498,1.15218,1.15244,1.15202,1.15226,1.15218,1.15235,0.00017000000000000348
2026-08-13 04:00:00+00:00,2183,1.15226,1.1527,1.152,1.1526,1.15252,1.15267,0.0001500000000000945
2026-08-13 05:00:00+00:00,2288,1.1526,1.15272,1.15232,1.1525,1.15242,1.15257,0.0001500000000000945
2026-08-13 06:00:00+00:00,4282,1.15252,1.15262,1.15118,1.15181,1.15173,1.15189,0.00016000000000016001
2026-08-13 07:00:00+00:00,3869,1.15182,1.15278,1.1517,1.15258,1.15249,1.15266,0.00017000000000000348
2026-08-13 08:00:00+00:00,3731,1.15258,1.15286,1.15228,1.15241,1.15233,1.15249,0.00015999999999993797
2026-08-13 09:00:00+00:00,2957,1.15242,1.15348,1.15232,1.15344,1.15336,1.15352,0.00016000000000016001
2026-08-13 10:00:00+00:00,2831,1.15344,1.15386,1.15338,1.15359,1.15351,1.15367,0.00015999999999993797
2026-08-13 11:00:00+00:00,3165,1.15358,1.15386,1.15326,1.15342,1.15334,1.15349,0.00014999999999987246
2026-08-13 12:00:00+00:00,7448,1.15342,1.15444,1.15256,1.15439,1.15431,1.15447,0.00016000000000016001
2026-08-13 13:00:00+00:00,8696,1.15441,1.15453,1.15306,1.15344,1.15336,1.15352,0.00016000000000016001
2026-08-13 14:00:00+00:00,9541,1.15344,1.15454,1.15313,1.1544,1.15432,1.15448,0.00015999999999993797
2026-08-13 15:00:00+00:00,6364,1.1544,1.15456,1.15302,1.15306,1.15299,1.15314,0.0001500000000000945
2026-08-13 16:00:00+00:00,3849,1.15306,1.15328,1.15244,1.15296,1.15288,1.15303,0.0001500000000000945
2026-08-13 17:00:00+00:00,2865,1.15296,1.15316,1.15258,1.15279,1.15272,1.15286,0.000140000000000029
2026-08-13 18:00:00+00:00,2741,1.15278,1.15324,1.15264,1.1529,1.15283,1.15298,0.00014999999999987246
2026-08-13 19:00:00+00:00,2572,1.15291,1.15314,1.15276,1.15288,1.1528,1.15296,0.00015999999999993797
2026-08-13 20:00:00+00:00,1154,1.15288,1.153,1.15263,1.15293,1.15286,1.153,0.000140000000000029
2026-08-13 21:00:00+00:00,314,1.15286,1.15316,1.15265,1.15283,1.15276,1.1529,0.000140000000000029
2026-08-13 22:00:00+00:00,905,1.15284,1.15318,1.15284,1.15316,1.15308,1.15324,0.00015999999999993797
2026-08-13 23:00:00+00:00,825,1.15316,1.15346,1.15316,1.15338,1.15331,1.15346,0.00014999999999987246
2026-08-14 00:00:00+00:00,2822,1.15336,1.15393,1.15334,1.15384,1.15376,1.15392,0.00016000000000016001
2026-08-14 01:00:00+00:00,2740,1.15382,1.15383,1.1532,1.1534,1.15333,1.15348,0.0001500000000000945
2026-08-14 02:00:00+00:00,1877,1.15342,1.15374,1.15336,1.15344,1.15336,1.15352,0.00016000000000016001
2026-08-14 03:00:00+00:00,2121,1.15344,1.15394,1.15339,1.15371,1.15363,1.15379,0.00016000000000016001
2026-08-14 04:00:00+00:00,1549,1.1537,1.15404,1.15367,1.15388,1.15381,1.15396,0.0001500000000000945
2026-08-14 05:00:00+00:00,2148,1.15388,1.1543,1.15384,1.15418,1.15411,1.15426,0.0001500000000000945
2026-08-14 06:00:00+00:00,3201,1.15421,1.15445,1.15388,1.15444,1.15436,1.15453,0.00017000000000000348
2026-08-14 07:00:00+00:00,4272,1.15444,1.15514,1.15431,1.15508,1.15501,1.15516,0.00014999999999987246
2026-08-14 08:00:00+00:00,4480,1.15509,1.15576,1.15504,1.15556,1.15549,1.15564,0.0001500000000000945
2026-08-14 09:00:00+00:00,4014,1.15555,1.1557,1.15511,1.15546,1.15539,1.15554,0.0001500000000000945
2026-08-14 10:00:00+00:00,3317,1.15547,1.15562,1.15521,1.15556,1.15548,1.15564,0.00015999999999993797
2026-08-14 11:00:00+00:00,4795,1.15558,1.1572,1.15556,1.15654,1.15647,1.15662,0.00014999999999987246
2026-08-14 12:00:00+00:00,8986,1.15655,1.1579,1.15626,1.1566,1.15653,1.15668,0.00014999999999987246
2026-08-14 13:00:00+00:00,9230,1.15661,1.15848,1.15622,1.15804,1.15795,1.15812,0.00017000000000000348
2026-08-14 14:00:00+00:00,8800,1.15802,1.15854,1.1577,1.15808,1.158,1.15815,0.0001500000000000945
2026-08-14 15:00:00+00:00,6392,1.15807,1.15852,1.1577,1.15802,1.15794,1.15811,0.00017000000000000348
2026-08-14 16:00:00+00:00,3747,1.15802,1.15819,1.15702,1.15712,1.15704,1.1572,0.00015999999999993797
2026-08-14 17:00:00+00:00,3081,1.15712,1.15715,1.1563,1.15648,1.15641,1.15656,0.0001500000000000945
2026-08-14 18:00:00+00:00,2332,1.15649,1.1567,1.15631,1.15656,1.15648,1.15663,0.0001500000000000945
2026-08-14 19:00:00+00:00,2489,1.15658,1.15691,1.15644,1.15684,1.15676,1.15692,0.00015999999999993797
2026-08-14 20:00:00+00:00,1787,1.15686,1.15706,1.15672,1.15704,1.15697,1.15712,0.00014999999999987246
2026-08-16 21:00:00+00:00,1680,1.1564,1.15664,1.1564,1.15656,1.15625,1.15686,0.0006099999999999994
2026-08-16 22:00:00+00:00,1152,1.15656,1.15752,1.15656,1.15746,1.15739,1.15754,0.0001500000000000945
2026-08-16 23:00:00+00:00,735,1.15747,1.15758,1.15726,1.15737,1.15729,1.15745,0.00016000000000016001
2026-08-17 00:00:00+00:00,3213,1.15738,1.1581,1.15738,1.15801,1.15793,1.15809,0.00016000000000016001
2026-08-17 01:00:00+00:00,3326,1.15802,1.15836,1.15782,1.15834,1.15826,1.15842,0.00015999999999993797
2026-08-17 02:00:00+00:00,2103,1.15835,1.15845,1.15791,1.15798,1.1579,1.15807,0.00017000000000000348
2026-08-17 03:00:00+00:00,2056,1.15796,1.15837,1.15786,1.15836,1.15828,1.15843,0.0001500000000000945
2026-08-17 04:00:00+00:00,2001,1.15836,1.1588,1.15828,1.15848,1.15841,1.15856,0.0001500000000000945
2026-08-17 05:00:00+00:00,3012,1.15848,1.15894,1.15828,1.15873,1.15865,1.15881,0.00015999999999993797
2026-08-17 06:00:00+00:00,4789,1.15874,1.15969,1.15836,1.15958,1.1595,1.15966,0.00015999999999993797
2026-08-17 07:00:00+00:00,6563,1.15958,1.1612,1.15929,1.16065,1.16057,1.16073,0.00015999999999993797
2026-08-17 08:00:00+00:00,5896,1.16064,1.16142,1.15954,1.15989,1.15981,1.15997,0.00015999999999993797
2026-08-17 09:00:00+00:00,4693,1.15989,1.16024,1.1596,1.15968,1.15961,1.15976,0.00014999999999987246
2026-08-17 10:00:00+00:00,5100,1.15968,1.15984,1.15896,1.15905,1.15897,1.15913,0.00015999999999993797
2026-08-17 11:00:00+00:00,3341,1.15904,1.15954,1.15876,1.15924,1.15916,1.15931,0.0001500000000000945
2026-08-17 12:00:00+00:00,6372,1.15923,1.15977,1.15872,1.15975,1.15968,1.15982,0.000140000000000029
2026-08-17 13:00:00+00:00,6507,1.15976,1.15998,1.15877,1.15946,1.15939,1.15954,0.0001500000000000945
2026-08-17 14:00:00+00:00,6722,1.15947,1.15992,1.1586,1.15868,1.15861,1.15876,0.0001500000000000945
2026-08-17 15:00:00+00:00,4994,1.15867,1.15902,1.15818,1.159,1.15892,1.15909,0.00017000000000000348
2026-08-17 16:00:00+00:00,2640,1.159,1.15918,1.15852,1.15884,1.15876,1.15892,0.00015999999999993797
2026-08-17 17:00:00+00:00,3879,1.15884,1.15897,1.15762,1.15772,1.15764,1.1578,0.00015999999999993797
2026-08-17 18:00:00+00:00,3588,1.15772,1.15784,1.15711,1.15725,1.15718,1.15732,0.00013999999999980695
2026-08-17 19:00:00+00:00,2369,1.15724,1.15806,1.15722,1.15788,1.15781,1.15796,0.0001500000000000945
2026-08-17 20:00:00+00:00,930,1.15787,1.15799,1.15774,1.15796,1.15788,1.15804,0.00015999999999993797
2026-08-17 21:00:00+00:00,582,1.15822,1.15829,1.1578,1.15786,1.15776,1.15796,0.00020000000000020002
2026-08-17 22:00:00+00:00,735,1.15784,1.15804,1.15779,1.15787,1.1578,1.15794,0.000140000000000029
2026-08-17 23:00:00+00:00,769,1.15786,1.15837,1.15782,1.15828,1.15821,1.15836,0.0001500000000000945
2026-08-18 00:00:00+00:00,2762,1.15828,1.1585,1.15778,1.15826,1.15818,1.15834,0.00015999999999993797
2026-08-18 01:00:00+00:00,3202,1.15824,1.15858,1.15788,1.15796,1.15788,1.15805,0.00017000000000000348
2026-08-18 02:00:00+00:00,2478,1.15796,1.15804,1.15752,1.15802,1.15794,1.1581,0.00015999999999993797
2026-08-18 03:00:00+00:00,2263,1.15802,1.15804,1.15716,1.15732,1.15725,1.1574,0.0001500000000000945
2026-08-18 04:00:00+00:00,2240,1.15732,1.15747,1.157,1.15715,1.15707,1.15723,0.00015999999999993797
2026-08-18 05:00:00+00:00,2533,1.15716,1.15743,1.15694,1.1573,1.15723,1.15738,0.0001500000000000945
2026-08-18 06:00:00+00:00,4745,1.15732,1.15748,1.15666,1.1572,1.15712,1.15728,0.00016000000000016001
2026-08-18 07:00:00+00:00,4414,1.1572,1.15776,1.15694,1.15738,1.15731,1.15746,0.00014999999999987246
2026-08-18 08:00:00+00:00,3991,1.15739,1.15778,1.15692,1.15762,1.15753,1.1577,0.00017000000000000348
2026-08-18 09:00:00+00:00,3520,1.15762,1.15799,1.15726,1.15792,1.15785,1.15799,0.000140000000000029
2026-08-18 10:00:00+00:00,2986,1.15792,1.15793,1.1574,1.15761,1.15754,1.15768,0.000140000000000029
2026-08-18 11:00:00+00:00,2826,1.15762,1.15769,1.15726,1.15767,1.15759,1.15775,0.00016000000000016001
2026-08-18 12:00:00+00:00,4860,1.15766,1.15794,1.15717,1.1574,1.15732,1.15747,0.0001500000000000945
2026-08-18 13:00:00+00:00,7491,1.15742,1.1585,1.15706,1.15806,1.15799,1.15813,0.000140000000000029
2026-08-18 14:00:00+00:00,8921,1.15806,1.15884,1.15803,1.1581,1.15803,1.15818,0.0001500000000000945
2026-08-18 15:00:00+00:00,6490,1.1581,1.15862,1.15766,1.15792,1.15785,1.15799,0.000140000000000029
2026-08-18 16:00:00+00:00,3321,1.15792,1.15856,1.15785,1.15797,1.1579,1.15804,0.000140000000000029
2026-08-18 17:00:00+00:00,2983,1.15796,1.15804,1.15743,1.15766,1.15758,1.15773,0.00014999999999987246
2026-08-18 18:00:00+00:00,1852,1.15764,1.15788,1.15742,1.15756,1.15749,1.15764,0.0001500000000000945
2026-08-18 19:00:00+00:00,2966,1.15757,1.15808,1.15739,1.15748,1.1574,1.15755,0.0001500000000000945
2026-08-18 20:00:00+00:00,1370,1.15746,1.15765,1.15718,1.15752,1.15744,1.15761,0.00017000000000000348
2026-08-18 21:00:00+00:00,1108,1.15763,1.15784,1.15744,1.15756,1.15737,1.15774,0.00036999999999998145
2026-08-18 22:00:00+00:00,811,1.15752,1.15768,1.15743,1.15764,1.15755,1.15772,0.00017000000000000348
2026-08-18 23:00:00+00:00,1169,1.15763,1.15784,1.15734,1.1576,1.15752,1.15769,0.00017000000000000348
2026-08-19 00:00:00+00:00,4565,1.15762,1.15818,1.15734,1.15741,1.15733,1.15749,0.00015999999999993797
2026-08-19 01:00:00+00:00,4179,1.15742,1.15779,1.15702,1.15772,1.15764,1.1578,0.00015999999999993797
2026-08-19 02:00:00+00:00,4721,1.15772,1.15872,1.15766,1.15824,1.15815,1.15832,0.00017000000000000348
2026-08-19 03:00:00+00:00,2420,1.15824,1.15848,1.15812,1.15813,1.15805,1.15821,0.00015999999999993797
2026-08-19 04:00:00+00:00,2452,1.15814,1.15868,1.15805,1.15858,1.1585,1.15866,0.00015999999999993797
2026-08-19 05:00:00+00:00,2890,1.15858,1.15895,1.15846,1.15886,1.15879,1.15893,0.000140000000000029
2026-08-19 06:00:00+00:00,4937,1.15886,1.15988,1.15878,1.15946,1.15939,1.15954,0.0001500000000000945
2026-08-19 07:00:00+00:00,4188,1.15947,1.15978,1.15917,1.15966,1.15958,1.15974,0.00015999999999993797
2026-08-19 08:00:00+00:00,5320,1.15966,1.16052,1.15956,1.1598,1.15972,1.15989,0.00017000000000000348
2026-08-19 09:00:00+00:00,4061,1.15982,1.16082,1.15964,1.16065,1.16057,1.16073,0.00015999999999993797
2026-08-19 10:00:00+00:00,3369,1.16064,1.16118,1.16052,1.16066,1.16058,1.16074,0.00016000000000016001
2026-08-19 11:00:00+00:00,3961,1.16066,1.16086,1.15994,1.1603,1.16022,1.16037,0.00014999999999987246
2026-08-19 12:00:00+00:00,14446,1.16029,1.16436,1.16024,1.16356,1.16347,1.16364,0.00017000000000000348
2026-08-19 13:00:00+00:00,17596,1.16356,1.16597,1.16356,1.16563,1.16555,1.16571,0.00015999999999993797
2026-08-19 14:00:00+00:00,15301,1.16562,1.16772,1.16538,1.16633,1.16625,1.16641,0.00015999999999993797
2026-08-19 15:00:00+00:00,9642,1.16634,1.16682,1.16566,1.16638,1.16631,1.16646,0.0001500000000000945
2026-08-19 16:00:00+00:00,5520,1.1664,1.16721,1.16636,1.16684,1.16677,1.16692,0.00014999999999987246
2026-08-19 17:00:00+00:00,5551,1.16685,1.16722,1.16585,1.16592,1.16583,1.166,0.00017000000000000348
2026-08-19 18:00:00+00:00,8344,1.1659,1.16752,1.16586,1.16736,1.16727,1.16744,0.00017000000000000348
2026-08-19 19:00:00+00:00,5900,1.16736,1.16792,1.167,1.16772,1.16765,1.16779,0.000140000000000029
2026-08-19 20:00:00+00:00,1770,1.16773,1.1679,1.1675,1.16774,1.16765,1.16784,0.00018999999999991246
2026-08-19 21:00:00+00:00,419,1.1677,1.16786,1.16752,1.16764,1.16751,1.16776,0.00024999999999986144
2026-08-19 22:00:00+00:00,1455,1.16762,1.16808,1.16751,1.16752,1.16743,1.1676,0.00017000000000000348
2026-08-19 23:00:00+00:00,1755,1.16752,1.16776,1.16728,1.16743,1.16735,1.16751,0.00015999999999993797
2026-08-20 00:00:00+00:00,5003,1.16744,1.168,1.16722,1.16743,1.16736,1.1675,0.000140000000000029
2026-08-20 01:00:00+00:00,6949,1.16744,1.16828,1.167,1.16765,1.16757,1.16773,0.00015999999999993797
2026-08-20 02:00:00+00:00,4455,1.16766,1.1684,1.16728,1.1675,1.16741,1.16758,0.00017000000000000348
2026-08-20 03:00:00+00:00,3238,1.16751,1.16802,1.16744,1.16796,1.16787,1.16804,0.00017000000000000348
2026-08-20 04:00:00+00:00,2312,1.16795,1.16804,1.16718,1.16729,1.16722,1.16736,0.000140000000000029
2026-08-20 05:00:00+00:00,4361,1.1673,1.16774,1.16702,1.16762,1.16754,1.16769,0.00014999999999987246
2026-08-20 06:00:00+00:00,5865,1.16762,1.16884,1.16733,1.1688,1.16872,1.16888,0.00015999999999993797
2026-08-20 07:00:00+00:00,6891,1.16879,1.16936,1.16783,1.16926,1.16919,1.16934,0.0001500000000000945
2026-08-20 08:00:00+00:00,6069,1.16925,1.16999,1.16888,1.16987,1.16979,1.16995,0.00015999999999993797
2026-08-20 09:00:00+00:00,6131,1.16988,1.17097,1.16956,1.1707,1.17063,1.17078,0.00014999999999987246
2026-08-20 10:00:00+00:00,5072,1.17069,1.17105,1.16942,1.1697,1.16962,1.16978,0.00015999999999993797
2026-08-20 11:00:00+00:00,6402,1.1697,1.16984,1.16827,1.16846,1.16838,1.16854,0.00015999999999993797
2026-08-20 12:00:00+00:00,10220,1.16849,1.16902,1.16778,1.16887,1.1688,1.16894,0.000140000000000029
2026-08-20 13:00:00+00:00,10852,1.16888,1.16948,1.1675,1.16754,1.16746,1.16763,0.00017000000000000348
2026-08-20 14:00:00+00:00,9383,1.16752,1.16852,1.16708,1.1683,1.16822,1.16837,0.00014999999999987246
2026-08-20 15:00:00+00:00,14792,1.1683,1.16938,1.16722,1.1679,1.16782,1.16798,0.00015999999999993797
2026-08-20 16:00:00+00:00,6299,1.16792,1.168,1.16694,1.16733,1.16725,1.16741,0.00016000000000016001
2026-08-20 17:00:00+00:00,3555,1.16732,1.1675,1.167,1.16745,1.16737,1.16753,0.00015999999999993797
2026-08-20 18:00:00+00:00,3680,1.16746,1.16764,1.16708,1.1676,1.16753,1.16768,0.0001500000000000945
2026-08-20 19:00:00+00:00,2892,1.1676,1.16785,1.16734,1.1678,1.16772,1.16787,0.00014999999999987246
2026-08-20 20:00:00+00:00,1164,1.1678,1.16798,1.1676,1.16785,1.16777,1.16793,0.00015999999999993797
2026-08-20 21:00:00+00:00,731,1.16783,1.16788,1.16771,1.16776,1.1676,1.16793,0.00032999999999994145
2026-08-20 22:00:00+00:00,811,1.16778,1.16843,1.16778,1.16834,1.16826,1.16841,0.00014999999999987246
2026-08-20 23:00:00+00:00,1480,1.16836,1.1688,1.16835,1.16876,1.16868,1.16884,0.00016000000000016001
2026-08-21 00:00:00+00:00,3711,1.16876,1.16898,1.1683,1.16833,1.16825,1.16841,0.00015999999999993797
2026-08-21 01:00:00+00:00,4495,1.16832,1.1693,1.1683,1.16904,1.16896,1.16912,0.00015999999999993797
2026-08-21 02:00:00+00:00,3636,1.16904,1.1701,1.16881,1.1696,1.16952,1.16968,0.00016000000000016001
2026-08-21 03:00:00+00:00,2901,1.1696,1.16984,1.16917,1.16942,1.16934,1.1695,0.00015999999999993797
2026-08-21 04:00:00+00:00,2304,1.16942,1.16954,1.1691,1.16932,1.16923,1.1694,0.00017000000000000348
2026-08-21 05:00:00+00:00,3099,1.16931,1.16994,1.16902,1.1698,1.16972,1.16987,0.00014999999999987246
2026-08-21 06:00:00+00:00,4517,1.16981,1.16984,1.16903,1.1698,1.16973,1.16987,0.000140000000000029
2026-08-21 07:00:00+00:00,6134,1.1698,1.17004,1.16867,1.1691,1.16901,1.16919,0.00017999999999984695
2026-08-21 08:00:00+00:00,6497,1.16909,1.17064,1.16892,1.17052,1.17045,1.1706,0.0001500000000000945
2026-08-21 09:00:00+00:00,6276,1.17052,1.17116,1.17001,1.17002,1.16994,1.17009,0.0001500000000000945
2026-08-21 10:00:00+00:00,4769,1.17003,1.17108,1.16992,1.1702,1.17013,1.17027,0.000140000000000029
2026-08-21 11:00:00+00:00,7032,1.17021,1.17099,1.16963,1.17007,1.16999,1.17015,0.00015999999999993797
2026-08-21 12:00:00+00:00,7341,1.17008,1.17032,1.16851,1.16906,1.16898,1.16914,0.00016000000000016001
2026-08-21 13:00:00+00:00,8445,1.16906,1.16912,1.16788,1.16834,1.16827,1.16842,0.0001500000000000945
2026-08-21 14:00:00+00:00,8468,1.16834,1.16834,1.16688,1.1673,1.16723,1.16738,0.0001500000000000945
2026-08-21 15:00:00+00:00,6800,1.16732,1.16839,1.16708,1.16832,1.16825,1.16839,0.000140000000000029
2026-08-21 16:00:00+00:00,4689,1.16832,1.16877,1.16796,1.16818,1.16809,1.16826,0.00017000000000000348
2026-08-21 17:00:00+00:00,3517,1.16817,1.1683,1.16772,1.16804,1.16796,1.16811,0.00014999999999987246
2026-08-21 18:00:00+00:00,2315,1.16804,1.16841,1.16802,1.16828,1.16821,1.16836,0.0001500000000000945
2026-08-21 19:00:00+00:00,2080,1.16829,1.16833,1.16778,1.16788,1.1678,1.16796,0.00016000000000016001
2026-08-21 20:00:00+00:00,2522,1.1679,1.16792,1.16742,1.16766,1.16758,1.16774,0.00015999999999993797
2026-08-23 21:00:00+00:00,333,1.16766,1.16784,1.16763,1.16772,1.16758,1.16786,0.00027999999999983594
2026-08-23 22:00:00+00:00,1525,1.16774,1.16798,1.1673,1.16758,1.1675,1.16765,0.0001500000000000945
2026-08-23 23:00:00+00:00,1098,1.16757,1.16826,1.16747,1.16824,1.16816,1.16832,0.00015999999999993797
2026-08-24 00:00:00+00:00,4164,1.16822,1.16872,1.1682,1.16853,1.16845,1.16861,0.00015999999999993797
2026-08-24 01:00:00+00:00,4901,1.16852,1.16864,1.16767,1.16818,1.16811,1.16826,0.0001500000000000945
2026-08-24 02:00:00+00:00,3003,1.16818,1.16848,1.16795,1.1682,1.16812,1.16827,0.00014999999999987246
2026-08-24 03:00:00+00:00,2181,1.16818,1.16822,1.1678,1.16799,1.16791,1.16807,0.00015999999999993797
2026-08-24 04:00:00+00:00,2934,1.16798,1.16828,1.16754,1.16828,1.1682,1.16836,0.00016000000000016001
2026-08-24 05:00:00+00:00,2938,1.16829,1.16832,1.16761,1.16806,1.16799,1.16813,0.00013999999999980695
2026-08-24 06:00:00+00:00,5198,1.16805,1.16809,1.1674,1.16776,1.16769,1.16784,0.0001500000000000945
2026-08-24 07:00:00+00:00,6618,1.16776,1.16806,1.16646,1.16673,1.16665,1.16681,0.00015999999999993797
2026-08-24 08:00:00+00:00,6518,1.16674,1.16684,1.16606,1.16632,1.16625,1.1664,0.0001500000000000945
2026-08-24 09:00:00+00:00,4105,1.16633,1.1667,1.16604,1.16644,1.16635,1.16652,0.00017000000000000348
2026-08-24 10:00:00+00:00,3634,1.16644,1.1667,1.1662,1.16644,1.16637,1.16652,0.0001500000000000945
2026-08-24 11:00:00+00:00,6475,1.16642,1.16737,1.1663,1.16668,1.1666,1.16677,0.00017000000000000348
2026-08-24 12:00:00+00:00,8235,1.16668,1.1674,1.1662,1.16694,1.16686,1.16701,0.0001500000000000945
2026-08-24 13:00:00+00:00,8551,1.16695,1.16748,1.16638,1.16652,1.16644,1.1666,0.00016000000000016001
2026-08-24 14:00:00+00:00,7825,1.16652,1.16721,1.1663,1.16656,1.16648,1.16664,0.00015999999999993797
2026-08-24 15:00:00+00:00,6444,1.16656,1.16725,1.16638,1.16646,1.16638,1.16653,0.0001500000000000945
2026-08-24 16:00:00+00:00,5362,1.16647,1.16698,1.16629,1.16648,1.16641,1.16656,0.0001500000000000945
2026-08-24 17:00:00+00:00,5938,1.16649,1.16667,1.16553,1.16594,1.16586,1.16602,0.00016000000000016001
2026-08-24 18:00:00+00:00,3553,1.16594,1.16654,1.16573,1.16639,1.16632,1.16646,0.000140000000000029
2026-08-24 19:00:00+00:00,2124,1.16638,1.16638,1.16594,1.16614,1.16606,1.16621,0.00014999999999987246
2026-08-24 20:00:00+00:00,1145,1.16613,1.16643,1.16604,1.1664,1.16631,1.16648,0.00017000000000000348
2026-08-24 21:00:00+00:00,706,1.16626,1.16654,1.16618,1.16638,1.16631,1.16645,0.000140000000000029
2026-08-24 22:00:00+00:00,650,1.16638,1.16654,1.16636,1.16646,1.16638,1.16654,0.00015999999999993797
2026-08-24 23:00:00+00:00,755,1.16646,1.16686,1.16642,1.1668,1.16673,1.16688,0.00014999999999987246
2026-08-25 00:00:00+00:00,3684,1.16679,1.1671,1.16672,1.16687,1.16679,1.16695,0.00015999999999993797
2026-08-25 01:00:00+00:00,2982,1.16688,1.16688,1.16618,1.16631,1.16623,1.16639,0.00015999999999993797
2026-08-25 02:00:00+00:00,2958,1.1663,1.16648,1.16589,1.16606,1.16598,1.16613,0.0001500000000000945
2026-08-25 03:00:00+00:00,2061,1.16606,1.16624,1.16586,1.16604,1.16596,1.16611,0.00014999999999987246
2026-08-25 04:00:00+00:00,2016,1.16603,1.16605,1.16548,1.16558,1.1655,1.16566,0.00015999999999993797
2026-08-25 05:00:00+00:00,2342,1.16558,1.16568,1.16531,1.16536,1.16528,1.16544,0.00015999999999993797
2026-08-25 06:00:00+00:00,3827,1.16536,1.16592,1.16511,1.16528,1.16521,1.16535,0.000140000000000029
2026-08-25 07:00:00+00:00,4568,1.16527,1.16631,1.16526,1.16587,1.1658,1.16594,0.000140000000000029
2026-08-25 08:00:00+00:00,7155,1.16588,1.16678,1.16576,1.16676,1.16668,1.16683,0.0001500000000000945
2026-08-25 09:00:00+00:00,6414,1.16674,1.16738,1.16661,1.16681,1.16673,1.16689,0.00015999999999993797
2026-08-25 10:00:00+00:00,4460,1.1668,1.16684,1.16592,1.16624,1.16617,1.16631,0.000140000000000029
2026-08-25 11:00:00+00:00,4615,1.16624,1.16648,1.16584,1.16597,1.16589,1.16605,0.00015999999999993797
2026-08-25 12:00:00+00:00,5230,1.16596,1.16665,1.16596,1.16664,1.16657,1.16671,0.00013999999999980695
2026-08-25 13:00:00+00:00,8130,1.16664,1.16756,1.16643,1.1674,1.1673,1.16751,0.00021000000000004349
2026-08-25 14:00:00+00:00,8042,1.16739,1.16748,1.16665,1.16696,1.16688,1.16704,0.00016000000000016001
2026-08-25 15:00:00+00:00,6857,1.16696,1.16754,1.16672,1.1673,1.16722,1.16738,0.00016000000000016001
2026-08-25 16:00:00+00:00,3768,1.1673,1.1674,1.1668,1.16716,1.16708,1.16724,0.00016000000000016001
2026-08-25 17:00:00+00:00,3072,1.16714,1.16747,1.16692,1.16741,1.16734,1.16748,0.000140000000000029
2026-08-25 18:00:00+00:00,1951,1.16742,1.16752,1.16718,1.16743,1.16735,1.16751,0.00015999999999993797
2026-08-25 19:00:00+00:00,3859,1.16742,1.16792,1.16687,1.16764,1.16756,1.16771,0.0001500000000000945
2026-08-25 20:00:00+00:00,1766,1.16764,1.16798,1.16742,1.16746,1.16737,1.16754,0.00017000000000000348
2026-08-25 21:00:00+00:00,715,1.16755,1.16772,1.16723,1.16724,1.16704,1.16745,0.00041000000000002146
2026-08-25 22:00:00+00:00,1195,1.16723,1.16772,1.16723,1.16767,1.16759,1.16775,0.00016000000000016001
2026-08-25 23:00:00+00:00,977,1.16766,1.16769,1.16726,1.16744,1.16736,1.16752,0.00015999999999993797
2026-08-26 00:00:00+00:00,2735,1.16744,1.16758,1.16712,1.16726,1.16717,1.16734,0.00017000000000000348
2026-08-26 01:00:00+00:00,4053,1.16725,1.16742,1.16689,1.16702,1.16694,1.16709,0.00014999999999987246
2026-08-26 02:00:00+00:00,2982,1.16701,1.16729,1.16668,1.16676,1.16668,1.16683,0.0001500000000000945
2026-08-26 03:00:00+00:00,2041,1.16676,1.16685,1.16639,1.16647,1.16639,1.16655,0.00015999999999993797
2026-08-26 04:00:00+00:00,1703,1.16648,1.1665,1.16606,1.1662,1.16613,1.16627,0.00013999999999980695
2026-08-26 05:00:00+00:00,2183,1.16621,1.1667,1.16606,1.16644,1.16636,1.16651,0.00014999999999987246
2026-08-26 06:00:00+00:00,4021,1.16644,1.16676,1.16598,1.1667,1.16662,1.16678,0.00015999999999993797
2026-08-26 07:00:00+00:00,3992,1.1667,1.16732,1.1667,1.1671,1.16703,1.16718,0.0001500000000000945
2026-08-26 08:00:00+00:00,4480,1.16708,1.1677,1.16696,1.16712,1.16704,1.1672,0.00015999999999993797
2026-08-26 09:00:00+00:00,3463,1.16712,1.16712,1.16636,1.16661,1.16653,1.16669,0.00015999999999993797
2026-08-26 10:00:00+00:00,3090,1.1666,1.16663,1.16611,1.16619,1.16611,1.16627,0.00015999999999993797
2026-08-26 11:00:00+00:00,3773,1.1662,1.16694,1.16603,1.1669,1.16682,1.16697,0.0001500000000000945
2026-08-26 12:00:00+00:00,8311,1.16691,1.16753,1.16556,1.1656,1.16553,1.16568,0.0001500000000000945
2026-08-26 13:00:00+00:00,9086,1.16558,1.1659,1.16516,1.16527,1.1652,1.16534,0.000140000000000029
2026-08-26 14:00:00+00:00,8325,1.16528,1.16534,1.16422,1.16452,1.16443,1.1646,0.00017000000000000348
2026-08-26 15:00:00+00:00,6620,1.1645,1.16544,1.16449,1.16504,1.16495,1.16512,0.00017000000000000348
2026-08-26 16:00:00+00:00,4097,1.16504,1.16544,1.16488,1.16497,1.16489,1.16505,0.00015999999999993797
2026-08-26 17:00:00+00:00,2722,1.16496,1.16545,1.16487,1.16528,1.1652,1.16537,0.00017000000000000348
2026-08-26 18:00:00+00:00,1950,1.16528,1.16545,1.16502,1.16514,1.16506,1.16521,0.0001500000000000945
2026-08-26 19:00:00+00:00,2134,1.16514,1.16538,1.16502,1.16534,1.16527,1.16542,0.00014999999999987246
2026-08-26 20:00:00+00:00,1196,1.16535,1.1655,1.16516,1.16534,1.16525,1.16542,0.00017000000000000348
2026-08-26 21:00:00+00:00,448,1.16522,1.16544,1.16501,1.1654,1.16522,1.16557,0.0003500000000000725
2026-08-26 22:00:00+00:00,1330,1.16537,1.16556,1.16535,1.16542,1.16534,1.1655,0.00015999999999993797
2026-08-26 23:00:00+00:00,1704,1.1654,1.16564,1.16538,1.16556,1.16548,1.16563,0.00014999999999987246
2026-08-27 00:00:00+00:00,3041,1.16558,1.16583,1.1654,1.16565,1.16557,1.16573,0.00015999999999993797
2026-08-27 01:00:00+00:00,3929,1.16566,1.16591,1.16554,1.1658,1.16572,1.16587,0.00014999999999987246
2026-08-27 02:00:00+00:00,1780,1.1658,1.16595,1.16544,1.16557,1.1655,1.16564,0.000140000000000029
2026-08-27 03:00:00+00:00,1558,1.16558,1.16564,1.16534,1.16542,1.16535,1.1655,0.00014999999999987246
2026-08-27 04:00:00+00:00,1441,1.16543,1.1656,1.16541,1.16556,1.16548,1.16564,0.00015999999999993797
2026-08-27 05:00:00+00:00,2413,1.16556,1.16577,1.1652,1.16544,1.16537,1.16552,0.00014999999999987246
2026-08-27 06:00:00+00:00,3597,1.16544,1.16558,1.1652,1.16535,1.16527,1.16543,0.00015999999999993797
2026-08-27 07:00:00+00:00,4579,1.16534,1.16563,1.16518,1.16549,1.16541,1.16557,0.00015999999999993797
2026-08-27 08:00:00+00:00,5044,1.16548,1.1658,1.16477,1.16482,1.16475,1.1649,0.0001500000000000945
2026-08-27 09:00:00+00:00,4557,1.16482,1.16485,1.16404,1.16408,1.164,1.16416,0.00016000000000016001
2026-08-27 10:00:00+00:00,4382,1.16408,1.16482,1.16385,1.16397,1.16389,1.16405,0.00015999999999993797
2026-08-27 11:00:00+00:00,4393,1.16398,1.16442,1.16366,1.1641,1.16403,1.16417,0.000140000000000029
2026-08-27 12:00:00+00:00,5787,1.1641,1.16458,1.16397,1.16411,1.16403,1.16419,0.00016000000000016001
2026-08-27 13:00:00+00:00,8172,1.1641,1.166,1.164,1.1654,1.16533,1.16548,0.0001500000000000945
2026-08-27 14:00:00+00:00,8442,1.1654,1.1658,1.16446,1.16448,1.16441,1.16456,0.0001500000000000945
2026-08-27 15:00:00+00:00,5668,1.16447,1.16543,1.16444,1.16533,1.16525,1.16541,0.00016000000000016001
2026-08-27 16:00:00+00:00,3569,1.16534,1.16545,1.16493,1.16522,1.16514,1.1653,0.00015999999999993797
2026-08-27 17:00:00+00:00,3332,1.16524,1.1654,1.1647,1.1649,1.16483,1.16497,0.000140000000000029
2026-08-27 18:00:00+00:00,2771,1.16492,1.16501,1.1646,1.16489,1.16481,1.16497,0.00016000000000016001
2026-08-27 19:00:00+00:00,2021,1.1649,1.16506,1.16474,1.16494,1.16486,1.16502,0.00015999999999993797
2026-08-27 20:00:00+00:00,872,1.16494,1.16525,1.16492,1.16521,1.16513,1.16529,0.00015999999999993797
2026-08-27 21:00:00+00:00,511,1.16514,1.16542,1.16504,1.1653,1.16513,1.16547,0.00034000000000000696
2026-08-27 22:00:00+00:00,1051,1.16529,1.16546,1.1652,1.16534,1.16526,1.16542,0.00015999999999993797
2026-08-27 23:00:00+00:00,860,1.16534,1.16548,1.16522,1.16536,1.16528,1.16544,0.00015999999999993797
2026-08-28 00:00:00+00:00,2482,1.16536,1.16544,1.16506,1.16532,1.16525,1.1654,0.0001500000000000945
2026-08-28 01:00:00+00:00,2762,1.16531,1.16554,1.16494,1.16496,1.16489,1.16504,0.0001500000000000945
2026-08-28 02:00:00+00:00,2187,1.16498,1.16508,1.16463,1.16506,1.16499,1.16514,0.0001500000000000945
2026-08-28 03:00:00+00:00,1557,1.16508,1.16515,1.16456,1.16463,1.16455,1.16471,0.00015999999999993797
2026-08-28 04:00:00+00:00,1375,1.16464,1.16466,1.16449,1.16456,1.16448,1.16464,0.00015999999999993797
2026-08-28 05:00:00+00:00,2283,1.16455,1.16459,1.16426,1.16444,1.16437,1.16452,0.0001500000000000945
2026-08-28 06:00:00+00:00,4208,1.16444,1.16492,1.1643,1.16484,1.16475,1.16492,0.00017000000000000348
2026-08-28 07:00:00+00:00,4736,1.16484,1.16488,1.16417,1.16465,1.16457,1.16473,0.00015999999999993797
2026-08-28 08:00:00+00:00,3589,1.16464,1.16488,1.16418,1.16446,1.16438,1.16454,0.00015999999999993797
2026-08-28 09:00:00+00:00,3484,1.16444,1.16452,1.16396,1.164,1.16392,1.16407,0.00014999999999987246
2026-08-28 10:00:00+00:00,3631,1.16399,1.16492,1.16394,1.16492,1.16484,1.16499,0.00014999999999987246
2026-08-28 11:00:00+00:00,3364,1.16491,1.16496,1.16446,1.16452,1.16445,1.1646,0.0001500000000000945
2026-08-28 12:00:00+00:00,5120,1.16452,1.16505,1.16394,1.16491,1.16483,1.16499,0.00015999999999993797
2026-08-28 13:00:00+00:00,5980,1.1649,1.165,1.16372,1.16375,1.16361,1.16389,0.000280000000000058
2026-08-28 14:00:00+00:00,30986,1.16376,1.16596,1.15942,1.16174,1.16167,1.16182,0.0001500000000000945
2026-08-28 15:00:00+00:00,13619,1.16175,1.16207,1.15964,1.15977,1.15969,1.15985,0.00015999999999993797
2026-08-28 16:00:00+00:00,9162,1.15976,1.15983,1.15848,1.1587,1.15862,1.15877,0.0001500000000000945
2026-08-28 17:00:00+00:00,5403,1.15868,1.15892,1.15778,1.15808,1.15801,1.15816,0.0001500000000000945
2026-08-28 18:00:00+00:00,4425,1.15808,1.15846,1.15778,1.15805,1.15797,1.15813,0.00016000000000016001
2026-08-28 19:00:00+00:00,3781,1.15804,1.15878,1.15798,1.1586,1.15852,1.15868,0.00015999999999993797
2026-08-28 20:00:00+00:00,2477,1.15858,1.15867,1.15796,1.15821,1.15811,1.15831,0.00019999999999997797
